t,speed,g,ab,hud_lum,cam_mean,dark_level_cam,cam_red,cam_red_edge,dark_level,strafe_lat,strafe_long,strafe_vert,roll,pitch,yaw,boost,view
0.0216,0.0000,0.0000,100.0000,251.0000,6.3267,0.0399,0.1445,0.0903,nan,0,0,0,0,0,0,0,0
0.1102,0.0000,0.0000,100.0000,246.0000,6.3801,0.0318,0.1441,0.0897,nan,0,0,0,0,0,0,0,0
0.1295,0.0000,0.0000,100.0000,247.0000,6.3867,0.0308,0.1440,0.0894,nan,0,0,0,0,0,0,0,0
0.1474,0.0000,0.0000,100.0000,246.0000,6.3940,0.0297,0.1440,0.0897,nan,0,0,0,0,0,0,0,0
0.1677,0.0000,0.0000,100.0000,249.0000,6.4054,0.0279,0.1441,0.0898,nan,0,0,0,0,0,0,0,0
0.1841,0.0000,0.0000,100.0000,250.0000,6.4158,0.0263,0.1440,0.0903,nan,0,0,0,0,0,0,0,0
0.2036,0.0000,0.0000,100.0000,251.0000,6.4335,0.0237,0.1443,0.0905,nan,0,0,0,0,0,0,0,0
0.2202,0.0000,0.0000,100.0000,254.0000,6.4769,0.0171,0.1439,0.0903,nan,0,0,0,0,0,0,0,0
0.2379,0.0000,0.0000,100.0000,254.4600,6.4701,0.0181,0.1441,0.0905,nan,0,0,0,0,0,0,0,0
0.2564,0.0000,0.0000,100.0000,247.0000,6.4545,0.0205,0.1438,0.0905,nan,0,0,0,0,0,0,0,0
0.2788,0.0000,0.0000,100.0000,249.0000,6.4857,0.0157,0.1436,0.0898,nan,0,0,0,0,0,0,0,0
0.2969,0.0000,0.0000,100.0000,253.0000,6.5094,0.0121,0.1441,0.0901,nan,0,0,0,0,0,0,0,0
0.3172,0.0000,0.0000,100.0000,253.0000,6.5185,0.0108,0.1440,0.0901,nan,0,0,0,0,0,0,0,0
0.3337,0.0000,0.0000,100.0000,251.0000,6.5244,0.0099,0.1440,0.0900,nan,0,0,0,0,0,0,0,0
0.3573,0.0000,0.0000,100.0000,250.0000,6.5489,0.0062,0.1437,0.0900,nan,0,0,0,0,0,0,0,0
0.3756,0.0000,0.0000,100.0000,247.0000,6.5284,0.0093,0.1439,0.0904,nan,0,0,0,0,0,0,0,0
0.3926,0.0000,0.0000,100.0000,247.0000,6.5366,0.0080,0.1436,0.0906,nan,0,0,0,0,0,0,0,0
0.4140,0.0000,0.0000,100.0000,247.0000,6.5377,0.0078,0.1435,0.0905,nan,0,0,0,0,0,0,0,0
0.4335,nan,0.0000,100.0000,251.0000,6.5802,0.0014,0.1433,0.0906,nan,0,0,0,0,0,0,0,0
0.4501,nan,0.0000,100.0000,253.0000,6.5745,0.0023,0.1436,0.0907,nan,0,0,0,0,0,0,0,0
0.4666,nan,0.0000,100.0000,252.4600,6.6018,0.0000,0.1434,0.0906,nan,0,0,0,0,0,0,0,0
0.4838,nan,0.0000,100.0000,251.0000,6.5759,0.0021,0.1434,0.0907,nan,0,0,0,0,0,0,0,0
0.5028,0.0000,0.0000,100.0000,247.0000,6.5769,0.0019,0.1432,0.0907,nan,0,0,0,0,0,0,0,0
0.5205,0.0000,0.0000,100.0000,247.9200,6.5865,0.0004,0.1431,0.0904,nan,0,0,0,0,0,0,0,0
0.5375,0.0000,0.0000,100.0000,249.0000,6.5923,0.0000,0.1431,0.0903,nan,0,0,0,0,0,0,0,0
0.6264,0.0000,0.0000,100.0000,251.0000,6.6354,0.0000,0.1433,0.0904,nan,0,0,0,0,0,0,0,0
0.6477,0.0000,0.0000,100.0000,250.0000,6.6369,0.0000,0.1431,0.0904,nan,0,0,0,0,0,0,0,0
0.6672,0.0000,0.0000,100.0000,250.0000,6.6662,0.0000,0.1426,0.0903,nan,0,0,0,0,0,0,0,0
0.6837,0.0000,0.0000,100.0000,247.9200,6.6720,0.0000,0.1427,0.0905,nan,0,0,0,0,0,0,0,0
0.7044,0.0000,0.0000,100.0000,247.0000,6.6490,0.0000,0.1428,0.0905,nan,0,0,0,0,0,0,0,0
0.7211,0.0000,0.0000,100.0000,250.0000,6.6666,0.0000,0.1429,0.0905,nan,0,0,0,0,0,0,0,0
0.7374,0.0000,0.0000,100.0000,249.0000,6.6673,0.0000,0.1428,0.0905,nan,0,0,0,0,0,0,0,0
0.7542,0.0000,0.0000,100.0000,251.0000,6.6802,0.0000,0.1428,0.0903,nan,0,0,0,0,0,0,0,0
0.7711,0.0000,0.0000,100.0000,253.0000,6.6876,0.0000,0.1428,0.0905,nan,0,0,0,0,0,0,0,0
0.7874,0.0000,0.0000,100.0000,251.0000,6.6829,0.0000,0.1427,0.0903,nan,0,0,0,0,0,0,0,0
0.8037,0.0000,0.0000,100.0000,245.0000,6.6692,0.0000,0.1424,0.0899,nan,0,0,0,0,0,0,0,0
0.8209,0.0000,0.0000,100.0000,244.0000,6.6672,0.0000,0.1421,0.0897,nan,0,0,0,0,0,0,0,0
0.8380,0.0000,0.0000,100.0000,250.0000,6.6989,0.0000,0.1425,0.0900,nan,0,0,0,0,0,0,0,0
0.8540,0.0000,0.0000,100.0000,255.0000,6.7188,0.0000,0.1428,0.0900,nan,0,0,0,0,0,0,0,0
0.8758,0.0000,0.0000,100.0000,255.0000,6.7296,0.0000,0.1429,0.0904,nan,0,0,0,0,0,0,0,0
0.8970,0.0000,0.0000,100.0000,254.0000,6.7146,0.0000,0.1426,0.0901,nan,0,0,0,0,0,0,0,0
0.9168,0.0000,0.0000,100.0000,247.0000,6.6928,0.0000,0.1424,0.0899,nan,0,0,0,0,0,0,0,0
0.9339,0.0000,0.0000,100.0000,244.0000,6.6798,0.0000,0.1424,0.0897,nan,0,0,0,0,0,0,0,0
0.9503,0.0000,0.0000,100.0000,247.0000,6.6925,0.0000,0.1426,0.0898,nan,0,0,0,0,0,0,0,0
0.9685,0.0000,0.0000,100.0000,253.0000,6.7243,0.0000,0.1428,0.0903,nan,0,0,0,0,0,0,0,0
0.9850,0.0000,0.0000,100.0000,254.0000,6.7299,0.0000,0.1430,0.0903,nan,0,0,0,0,0,0,0,0
1.0045,0.0000,0.0000,100.0000,254.4600,6.7398,0.0000,0.1429,0.0903,0.0000,0,0,0,0,0,0,0,0
1.0265,0.0000,0.0000,100.0000,250.0000,6.7192,0.0000,0.1426,0.0900,0.0000,1,0,0,0,0,0,1,0
1.0484,0.0000,0.0000,100.0000,246.0000,6.7114,0.0000,0.1424,0.0900,0.0000,1,0,0,0,0,0,1,0
1.1387,nan,1.6000,100.0000,243.0000,6.7413,0.0000,0.1419,0.0904,0.0000,1,0,0,0,0,0,1,0
1.1595,0.0000,3.3000,99.0000,255.0000,6.7877,0.0000,0.1426,0.0902,0.0000,1,0,0,0,0,0,1,0
1.1820,1.0000,4.2000,99.0000,255.0000,6.7599,0.0000,0.1422,0.0899,0.0000,1,0,0,0,0,0,1,0
1.2007,2.0000,5.0000,99.0000,250.0000,6.7527,0.0000,0.1419,0.0900,0.0000,1,0,0,0,0,0,1,0
1.2211,3.0000,5.9000,99.0000,249.0000,6.7514,0.0000,0.1418,0.0902,0.0000,1,0,0,0,0,0,1,0
1.2377,4.0000,6.8000,99.0000,246.0000,6.7574,0.0000,0.1419,0.0905,0.0000,1,0,0,0,0,0,1,0
1.2543,5.0000,7.8000,99.0000,246.0000,6.7592,0.0000,0.1417,0.0908,0.0000,1,0,0,0,0,0,1,0
1.2719,7.0000,8.7000,99.0000,251.0000,6.7783,0.0000,0.1419,0.0895,0.0000,1,0,0,0,0,0,1,0
1.2936,10.0000,10.6000,99.0000,255.0000,6.8359,0.0000,0.1422,0.0902,0.0000,1,0,0,0,0,0,1,0
1.3143,12.0000,10.7000,99.0000,255.0000,6.8235,0.0000,0.1419,0.0890,0.0000,1,0,0,0,0,0,1,0
1.3340,14.0000,10.8000,99.0000,255.0000,6.8154,0.0000,0.1422,0.0905,0.0000,1,0,0,0,0,0,1,0
1.3505,15.0000,10.9000,99.0000,255.0000,6.7922,0.0000,0.1419,0.0900,0.0000,1,0,0,0,0,0,1,0
1.3673,17.0000,11.0000,99.0000,250.0000,6.7712,0.0000,0.1416,0.0898,0.0000,1,0,0,0,0,0,1,0
1.3841,19.0000,11.1000,99.0000,253.0000,6.7753,0.0000,0.1418,0.0888,0.0000,1,0,0,0,0,0,1,0
1.4001,21.0000,11.1000,99.0000,252.0000,6.7910,0.0000,0.1413,0.0889,0.0000,1,0,0,0,0,0,1,0
1.4217,23.0000,11.2000,99.0000,255.0000,6.7913,0.0000,0.1422,0.0901,0.0000,1,0,0,0,0,0,1,0
1.4433,26.0000,11.4000,99.0000,255.0000,6.8276,0.0000,0.1424,0.0902,0.0000,1,0,0,0,0,0,1,0
1.4640,28.0000,11.5000,99.0000,255.0000,6.8339,0.0000,0.1425,0.0902,0.0000,1,0,0,0,0,0,1,0
1.4836,30.0000,11.6000,99.0000,255.0000,6.8245,0.0000,0.1424,0.0903,0.0000,1,0,0,0,0,0,1,0
1.5004,32.0000,11.6000,99.0000,255.0000,6.7979,0.0000,0.1421,0.0899,0.0000,1,0,0,0,0,0,1,0
1.5167,34.0000,11.7000,99.0000,251.9400,6.7747,0.0000,0.1418,0.0889,0.0000,1,0,0,0,0,0,1,0
1.5337,36.0000,11.8000,99.0000,253.9400,6.7902,0.0000,0.1421,0.0902,0.0000,1,0,0,0,0,0,1,0
1.5504,38.0000,11.9000,99.0000,255.0000,6.7970,0.0000,0.1421,0.0898,0.0000,1,0,0,0,0,0,1,0
1.6382,48.0000,12.3000,98.0000,253.0000,6.7711,0.0000,0.1416,0.0894,0.0000,1,0,0,0,0,0,1,0
1.6546,50.0000,12.4000,98.0000,252.0000,6.7801,0.0000,0.1418,0.0892,0.0000,1,0,0,0,0,0,1,0
1.6765,54.0000,12.6000,98.0000,254.9400,6.7958,0.0000,0.1419,0.0899,0.0000,1,0,0,0,0,0,1,0
1.6984,56.0000,12.6000,98.0000,255.0000,6.8023,0.0000,0.1419,0.0895,0.0000,1,0,0,0,0,0,1,0
1.7170,58.0000,12.7000,98.0000,255.0000,6.8060,0.0000,0.1418,0.0890,0.0000,1,0,0,0,0,0,1,0
1.7338,60.0000,12.8000,98.0000,255.0000,6.8290,0.0000,0.1421,0.0901,0.0000,1,0,0,0,0,0,1,0
1.7504,62.0000,12.9000,98.0000,255.0000,6.8382,0.0000,0.1423,0.0902,0.0000,1,0,0,0,0,0,1,0
1.7673,64.0000,13.0000,98.0000,255.0000,6.8416,0.0000,0.1425,0.0903,0.0000,1,0,0,0,0,0,1,0
1.7838,67.0000,13.0000,98.0000,255.0000,6.8212,0.0000,0.1424,0.0898,0.0000,1,0,0,0,0,0,1,0
1.8007,69.0000,13.0000,98.0000,255.0000,6.8200,0.0000,0.1424,0.0895,0.0000,1,0,0,0,0,0,1,0
1.8217,71.0000,13.0000,98.0000,246.0000,6.7826,0.0000,0.1421,0.0893,0.0000,1,0,0,0,0,0,1,0
1.8423,75.0000,13.0000,97.0000,255.0000,6.8080,0.0000,0.1422,0.0895,0.0000,1,0,0,0,0,0,1,0
1.8644,77.0000,13.0000,97.0000,255.0000,6.8307,0.0000,0.1425,0.0899,0.0000,1,0,0,0,0,0,1,0
1.8836,79.0000,13.0000,97.0000,255.0000,6.8599,0.0000,0.1427,0.0903,0.0000,1,0,0,0,0,0,1,0
1.9000,81.0000,13.0000,97.0000,255.0000,6.8973,0.0000,0.1432,0.0913,0.0000,1,0,0,0,0,0,1,0
1.9205,84.0000,13.0000,97.0000,255.0000,6.8931,0.0000,0.1430,0.0912,0.0000,1,0,0,0,0,0,1,0
1.9379,86.0000,13.0000,97.0000,252.0000,6.8748,0.0000,0.1431,0.0915,0.0000,1,0,0,0,0,0,1,0
1.9539,88.0000,13.0000,97.0000,246.0000,6.8663,0.0000,0.1433,0.0919,0.0000,1,0,0,0,0,0,1,0
1.9749,92.0000,13.0000,97.0000,250.0000,6.8944,0.0000,0.1441,0.0922,0.0000,1,0,0,0,0,0,1,0
1.9926,94.0000,13.0000,97.0000,247.0000,6.8913,0.0000,0.1442,0.0929,0.0000,1,0,0,0,0,0,1,0
2.0146,96.0000,13.0000,97.0000,247.0000,6.8810,0.0000,0.1447,0.0937,0.0000,1,0,0,0,0,0,1,0
2.0335,98.0000,13.0000,96.0000,247.0000,6.8885,0.0000,0.1455,0.0945,0.0000,1,0,0,0,0,0,1,0
2.0500,101.0000,13.0000,96.0000,247.0000,6.9001,0.0000,0.1461,0.0958,0.0000,1,0,0,0,0,0,1,0
2.0672,103.0000,13.0000,96.0000,246.0000,6.9033,0.0000,0.1466,0.0971,0.0000,1,0,0,0,0,0,1,0
2.1600,116.0000,13.0000,96.0000,245.0000,6.9103,0.0000,0.1485,0.0986,0.0000,1,0,0,0,0,0,1,0
2.1810,118.0000,13.0000,96.0000,242.0000,6.8970,0.0000,0.1488,0.0987,0.0000,1,0,0,0,0,0,1,0
2.2006,120.0000,13.0000,96.0000,243.0000,6.9213,0.0000,0.1493,0.0990,0.0000,1,0,0,0,0,0,1,0
2.2168,122.0000,13.0000,96.0000,244.0000,6.9257,0.0000,0.1498,0.0994,0.0000,1,0,0,0,0,0,1,0
2.2375,124.0000,13.0000,95.0000,242.0000,6.9297,0.0000,0.1503,0.1005,0.0000,1,0,0,0,0,0,1,0
2.2548,126.0000,13.0000,95.0000,242.0000,6.9328,0.0000,0.1509,0.1011,0.0000,1,0,0,0,0,0,1,0
2.2711,128.0000,13.0000,95.0000,242.9400,6.9405,0.0000,0.1516,0.1013,0.0000,1,0,0,0,0,0,1,0
2.2965,133.0000,13.0000,95.0000,243.0000,6.9510,0.0000,0.1529,0.1036,0.0000,1,0,0,0,0,0,1,0
2.3169,135.0000,13.0000,95.0000,245.0000,6.9474,0.0000,0.1532,0.1040,0.0000,1,0,0,0,0,0,1,0
2.3341,137.0000,13.0000,95.0000,235.9400,6.9283,0.0000,0.1536,0.1047,0.0000,1,0,0,0,0,0,1,0
2.3541,139.0000,13.0000,95.0000,241.9400,6.9378,0.0000,0.1543,0.1050,0.0000,1,0,0,0,0,0,1,0
2.3742,141.0000,13.0000,95.0000,232.0000,6.9301,0.0000,0.1546,0.1054,0.0000,1,0,0,0,0,0,1,0
2.3922,145.0000,13.0000,95.0000,236.0000,6.9477,0.0000,0.1555,0.1061,0.0000,1,0,0,0,0,0,1,0
2.4096,147.0000,13.0000,95.0000,225.8800,6.9502,0.0000,0.1559,0.1068,0.0000,1,0,0,0,0,0,1,0
2.4296,150.0000,13.0000,94.0000,235.9400,6.9683,0.0000,0.1565,0.1073,0.0000,1,0,0,0,0,0,1,0
2.4457,152.0000,13.0000,94.0000,238.0000,6.9705,0.0000,0.1570,0.1080,0.0000,1,0,0,0,0,0,1,0
2.4669,154.0000,13.0000,94.0000,231.0000,6.9691,0.0000,0.1572,0.1085,0.0000,1,0,0,0,0,0,1,0
2.4834,156.0000,13.0000,94.0000,226.9400,6.9289,0.0000,0.1575,0.1087,0.0000,1,0,0,0,0,0,1,0
2.5048,158.0000,13.0000,94.0000,226.0000,6.9550,0.0000,0.1575,0.1089,0.0000,1,0,0,0,0,0,1,0
2.5251,162.0000,13.0000,94.0000,230.0000,6.9819,0.0000,0.1593,0.1104,0.0000,1,0,0,0,0,0,1,0
2.5438,164.0000,13.0000,94.0000,223.0000,6.9664,0.0000,0.1597,0.1109,0.0000,1,0,0,0,0,0,1,0
2.5624,167.0000,13.0000,nan,218.0000,6.9666,0.0000,0.1597,0.1108,0.0000,1,0,0,0,0,0,1,0
2.5804,169.0000,1.3000,nan,222.0000,6.9652,0.0000,0.1602,0.1117,0.0000,1,0,0,0,0,0,1,0
2.6720,179.0000,nan,937.0000,209.0000,6.9297,0.0000,0.1625,0.1151,0.0000,1,0,0,0,0,0,1,0
2.6925,184.0000,nan,937.0000,211.0000,6.9363,0.0000,0.1639,0.1158,0.0000,1,0,0,0,0,0,1,0
2.7143,186.0000,13.0000,937.0000,216.0000,6.9561,0.0000,0.1650,0.1164,0.0000,1,0,0,0,0,0,1,0
2.7339,188.0000,nan,937.0000,218.0000,6.9510,0.0000,0.1654,0.1168,0.0000,1,0,0,0,0,0,1,0
2.7505,190.0000,nan,937.0000,205.0000,6.9119,0.0000,0.1655,0.1168,0.0000,1,0,0,0,0,0,1,0
2.7707,192.0000,3.3000,939.0000,205.0000,6.8844,0.0000,0.1655,0.1170,0.0000,1,0,0,0,0,0,1,0
2.7871,194.0000,nan,939.0000,206.9400,6.9334,0.0000,0.1666,0.1183,0.0000,1,0,0,0,0,0,1,0
2.8043,196.0000,3.0000,939.0000,212.0000,6.9690,0.0000,0.1672,0.1197,0.0000,1,0,0,0,0,0,1,0
2.8206,199.0000,3.0000,939.0000,209.0000,6.9672,0.0000,0.1677,0.1204,0.0000,1,0,0,0,0,0,1,0
2.8431,203.0000,nan,921.0000,203.0000,6.9584,0.0000,0.1682,0.1216,0.0000,1,0,0,0,0,0,1,0
2.8640,205.0000,nan,921.0000,204.0000,6.9458,0.0000,0.1687,0.1216,0.0000,1,0,0,0,0,0,1,0
2.8836,207.0000,nan,921.0000,200.8200,6.9605,0.0000,0.1688,0.1217,0.0000,1,0,0,0,0,0,1,0
2.9018,209.0000,nan,921.0000,203.0000,6.9435,0.0000,0.1697,0.1215,0.0000,1,0,0,0,0,0,1,0
2.9212,211.0000,nan,921.0000,201.0000,6.9284,0.0000,0.1699,0.1210,0.0000,1,0,0,0,0,0,1,0
2.9394,213.0000,nan,921.0000,204.0000,6.9542,0.0000,0.1705,0.1220,0.0000,1,0,0,0,0,0,1,0
2.9596,218.0000,nan,nan,206.9400,6.9766,0.0000,0.1716,0.1235,0.0000,1,0,0,0,0,0,1,0
2.9806,220.0000,nan,nan,205.0000,6.9681,0.0000,0.1720,0.1234,0.0000,1,0,0,0,0,0,1,0
3.0006,222.0000,nan,nan,203.0000,6.9715,0.0000,0.1720,0.1238,0.0000,1,0,0,0,0,0,1,0
3.0214,224.0000,nan,nan,200.9400,6.9498,0.0000,0.1729,0.1246,0.0000,1,0,0,0,0,0,1,0
3.0424,228.0000,nan,nan,201.0000,6.9686,0.0000,0.1739,0.1259,0.0000,1,0,0,0,0,0,1,0
3.0626,230.0000,nan,nan,197.0000,6.9370,0.0000,0.1741,0.1262,0.0000,1,0,0,0,0,0,1,0
3.0805,233.0000,nan,919.0000,196.0000,6.9354,0.0000,0.1746,0.1262,0.0000,1,0,0,0,0,0,1,0
3.1716,243.0000,nan,nan,189.0000,6.9666,0.0000,0.1758,0.1294,0.0000,1,0,0,0,0,0,1,0
3.1933,247.0000,nan,nan,180.0000,6.9539,0.0000,0.1767,0.1310,0.0000,1,0,0,0,0,0,1,0
3.2145,249.0000,2.8000,919.0000,188.0000,6.9689,0.0000,0.1772,0.1322,0.0000,1,0,0,0,0,0,1,0
3.2339,252.0000,nan,906.0000,190.0000,6.9513,0.0000,0.1776,0.1305,0.0000,1,0,0,0,0,0,1,0
3.2539,254.0000,nan,909.0000,188.0000,6.9657,0.0000,0.1782,0.1310,0.0000,1,0,0,0,0,0,1,0
3.2698,236.0000,1.2000,900.0000,191.0000,6.9719,0.0000,0.1793,0.1318,0.0000,1,0,0,0,0,0,1,0
3.2871,nan,nan,nan,190.0000,6.9391,0.0000,0.1796,0.1320,0.0000,1,0,0,0,0,0,1,0
3.3040,260.0000,nan,nan,183.9400,6.8961,0.0000,0.1797,0.1323,0.0000,1,0,0,0,0,0,1,0
3.3208,262.0000,nan,nan,183.9400,6.9054,0.0000,0.1797,0.1337,0.0000,1,0,0,0,0,0,1,0
3.3402,264.0000,nan,906.0000,185.8800,6.9034,0.0000,0.1808,0.1346,0.0000,1,0,0,0,0,0,1,0
3.3596,268.0000,nan,906.0000,191.9400,6.9716,0.0000,0.1821,0.1353,0.0000,1,0,0,0,0,0,1,0
3.3794,270.0000,nan,906.0000,183.0000,6.9484,0.0000,0.1826,0.1355,0.0000,1,0,0,0,0,0,1,0
3.3978,nan,nan,909.0000,181.9400,6.9025,0.0000,0.1827,0.1351,0.0000,1,0,0,0,0,0,1,0
3.4174,274.0000,nan,909.0000,175.0000,6.8635,0.0000,0.1833,0.1370,0.0000,1,0,0,0,0,0,1,0
3.4375,276.0000,nan,896.0000,176.9400,6.8333,0.0000,0.1837,0.1372,0.0000,1,0,0,0,0,0,1,0
3.4539,278.0000,nan,890.0000,180.0000,6.8513,0.0000,0.1845,0.1384,0.0000,1,0,0,0,0,0,1,0
3.4709,280.0000,nan,899.0000,183.0000,6.8792,0.0000,0.1850,0.1378,0.0000,1,0,0,0,0,0,1,0
3.4877,nan,nan,898.0000,184.0000,6.9005,0.0000,0.1857,0.1398,0.0000,1,0,0,0,0,0,1,0
3.5047,283.0000,nan,nan,184.0000,6.9070,0.0000,0.1860,0.1397,0.0000,1,0,0,0,0,0,1,0
3.5255,287.0000,nan,nan,176.0000,6.8814,0.0000,0.1865,0.1406,0.0000,1,0,0,0,0,0,1,0
3.5438,219.0000,nan,809.0000,179.9400,6.8780,0.0000,0.1868,0.1409,0.0000,1,0,0,0,0,0,1,0
3.5636,291.0000,nan,809.0000,173.0000,6.8845,0.0000,0.1870,0.1411,0.0000,1,0,0,0,0,0,1,0
3.5837,nan,nan,809.0000,175.0000,6.9026,0.0000,0.1876,0.1424,0.0000,1,0,0,0,0,0,1,0
3.6759,nan,nan,nan,176.0000,6.9678,0.0000,0.1919,0.1470,0.0000,1,0,0,0,0,0,1,0
3.6970,nan,nan,nan,175.0000,6.9108,0.0000,0.1923,0.1473,0.0000,1,0,0,0,0,0,1,0
3.7173,nan,nan,nan,173.0000,6.8911,0.0000,0.1929,0.1474,0.0000,1,0,0,0,0,0,1,0
3.7339,nan,nan,88.0000,173.0000,6.9011,0.0000,0.1937,0.1498,0.0000,1,0,0,0,0,0,1,0
3.7522,nan,nan,88.0000,164.9400,6.8974,0.0000,0.1942,0.1507,0.0000,1,0,0,0,0,0,1,0
3.7709,nan,nan,88.0000,164.0000,6.8996,0.0000,0.1955,0.1505,0.0000,1,0,0,0,0,0,1,0
3.7871,nan,nan,88.0000,171.0000,6.9474,0.0000,0.1966,0.1531,0.0000,1,0,0,0,0,0,1,0
3.8047,14.0000,nan,88.0000,165.0000,6.9246,0.0000,0.1974,0.1536,0.0000,1,0,0,0,0,0,1,0
3.8278,nan,nan,87.0000,156.0000,6.8368,0.0000,0.1987,0.1552,0.0000,1,0,0,0,0,0,1,0
3.8467,nan,nan,nan,159.9400,6.7989,0.0000,0.1987,0.1547,0.0000,1,0,0,0,0,0,1,0
3.8665,nan,nan,nan,158.0000,6.7845,0.0000,0.2000,0.1575,0.0000,1,0,0,0,0,0,1,0
3.8837,nan,nan,nan,154.0000,6.7852,0.0000,0.2011,0.1594,0.0000,1,0,0,0,0,0,1,0
3.8999,nan,nan,nan,159.0000,6.7115,0.0000,0.2019,0.1581,0.0000,1,0,0,0,0,0,1,0
3.9208,nan,nan,8.0000,157.9400,6.7197,0.0000,0.2036,0.1614,0.0000,1,0,0,0,0,0,1,0
3.9380,nan,nan,nan,160.0000,6.7017,0.0000,0.2051,0.1625,0.0000,1,0,0,0,0,0,1,0
3.9602,nan,nan,8.0000,164.0000,6.6494,0.0000,0.2079,0.1644,0.0000,1,0,0,0,0,0,1,0
3.9810,nan,nan,8.0000,158.0000,6.5700,0.0030,0.2096,0.1663,0.0011,1,0,0,0,0,0,1,0
3.9999,nan,nan,nan,148.0000,6.4877,0.0154,0.2102,0.1680,0.0067,1,0,0,0,0,0,1,0
4.0170,nan,nan,nan,147.0000,6.3842,0.0312,0.2113,0.1689,0.0163,1,0,0,0,0,0,1,0
4.0339,3344.0000,nan,8.0000,145.9400,6.3636,0.0343,0.2131,0.1689,0.0234,1,0,0,0,0,0,1,0
4.0544,nan,nan,nan,150.0000,6.4346,0.0235,0.2118,0.1689,0.0233,1,0,0,0,0,0,1,0
4.0738,nan,nan,8.0000,154.0000,6.4250,0.0250,0.2127,0.1705,0.0238,1,0,0,0,0,0,1,0
4.0925,nan,nan,8.0000,153.0000,6.3869,0.0307,0.2145,0.1732,0.0265,1,0,0,0,0,0,1,0
4.1840,nan,nan,nan,141.0000,6.2368,0.0535,0.2164,0.1752,0.0372,1,0,0,0,0,0,1,0
4.2042,nan,nan,nan,141.0000,6.2369,0.0535,0.2164,0.1756,0.0436,1,0,0,0,0,0,1,0
4.2209,nan,nan,nan,147.0000,6.2502,0.0515,0.2168,0.1765,0.0466,1,0,0,0,0,0,1,0
4.2374,nan,2.2000,nan,144.0000,6.2790,0.0471,0.2169,0.1763,0.0467,1,0,0,0,0,0,1,0
4.2593,nan,nan,nan,151.0000,6.3285,0.0396,0.2173,0.1762,0.0437,1,0,0,0,0,0,1,0
4.2799,nan,5.9000,nan,149.0000,6.3356,0.0385,0.2174,0.1768,0.0415,1,0,0,0,0,0,1,0
4.2976,351.0000,nan,nan,144.0000,6.3209,0.0408,0.2170,0.1772,0.0411,1,0,0,0,0,0,1,0
4.3170,nan,nan,nan,146.0000,6.3103,0.0424,0.2163,0.1764,0.0415,1,0,0,0,0,0,1,0
4.3336,nan,nan,85.0000,146.0000,6.3211,0.0407,0.2159,0.1755,0.0410,1,0,0,0,0,0,1,0
4.3509,354.0000,nan,85.0000,148.9400,6.3940,0.0297,0.2159,0.1757,0.0364,1,0,0,0,0,0,1,0
4.3673,nan,nan,85.0000,156.0000,6.4627,0.0192,0.2155,0.1754,0.0294,1,0,0,0,0,0,1,0
4.3873,nan,nan,85.0000,158.0000,6.4908,0.0150,0.2153,0.1748,0.0235,1,0,0,0,0,0,1,0
4.4038,nan,nan,85.0000,155.0000,6.5112,0.0119,0.2148,0.1746,0.0187,1,0,0,0,0,0,1,0
4.4214,nan,nan,85.0000,158.9400,6.5210,0.0104,0.2146,0.1760,0.0153,1,0,0,0,0,0,1,0
4.4371,nan,nan,84.0000,156.0000,6.4944,0.0144,0.2139,0.1746,0.0148,1,0,0,0,0,0,1,0
4.4590,nan,nan,84.0000,156.0000,6.4946,0.0144,0.2136,0.1738,0.0145,1,0,0,0,0,0,1,0
4.4800,31.0000,nan,84.0000,155.0000,6.5287,0.0092,0.2136,0.1749,0.0123,1,0,0,0,0,0,1,0
4.5006,nan,nan,84.0000,154.0000,6.5132,0.0116,0.2133,0.1739,0.0119,1,0,0,0,0,0,1,0
4.5173,nan,nan,84.0000,156.0000,6.5059,0.0127,0.2131,0.1739,0.0121,1,0,0,0,0,0,1,0
4.5339,3.0000,nan,nan,157.0000,6.5130,0.0116,0.2131,0.1737,0.0117,1,0,0,0,0,0,1,0
4.5545,34.0000,42.2000,nan,156.0000,6.5001,0.0136,0.2131,0.1734,0.0123,1,0,0,0,0,0,1,0
4.5715,34.0000,nan,nan,154.0000,6.4640,0.0190,0.2129,0.1729,0.0149,1,0,0,0,0,0,1,0
4.5920,3.0000,nan,nan,159.0000,6.4903,0.0151,0.2137,0.1740,0.0148,1,0,0,0,0,0,1,0
4.6092,3.0000,nan,nan,160.0000,6.5027,0.0132,0.2136,0.1737,0.0140,1,0,0,0,0,0,1,0
4.7008,nan,nan,nan,158.0000,6.4055,0.0279,0.2135,0.1736,0.0195,1,0,0,0,0,0,1,0
4.7206,3.0000,nan,nan,153.9400,6.3935,0.0297,0.2133,0.1731,0.0234,1,0,0,0,0,0,1,0
4.7375,30.0000,nan,nan,153.0000,6.4006,0.0287,0.2132,0.1723,0.0254,1,0,0,0,0,0,1,0
4.7542,nan,nan,nan,149.9400,6.3925,0.0299,0.2129,0.1723,0.0271,1,0,0,0,0,0,1,0
4.7765,32.0000,nan,nan,156.0000,6.4082,0.0275,0.2132,0.1713,0.0271,1,0,0,0,0,0,1,0
4.7977,32.0000,nan,nan,157.0000,6.4074,0.0276,0.2129,0.1718,0.0272,1,0,0,0,0,0,1,0
4.8173,nan,nan,nan,156.0000,6.3986,0.0290,0.2125,0.1714,0.0278,1,0,0,0,0,0,1,0
4.8378,3.0000,nan,nan,154.0000,6.3696,0.0334,0.2120,0.1707,0.0299,1,0,0,0,0,0,1,0
4.8547,nan,nan,826.0000,150.9400,6.4472,0.0216,0.2097,0.1687,0.0264,1,0,0,0,0,0,1,0
4.8712,nan,nan,826.0000,151.0000,6.4541,0.0205,0.2095,0.1697,0.0240,1,0,0,0,0,0,1,0
4.8929,nan,nan,829.0000,158.0000,6.5141,0.0114,0.2082,0.1665,0.0188,1,0,0,0,0,0,1,0
4.9136,nan,nan,829.0000,161.8800,6.4830,0.0162,0.2084,0.1674,0.0176,1,0,0,0,0,0,1,0
4.9343,nan,nan,826.0000,163.0000,6.4971,0.0140,0.2076,0.1665,0.0160,1,0,0,0,0,0,1,0
4.9507,nan,nan,821.0000,157.0000,6.4845,0.0159,0.2070,0.1653,0.0159,1,0,0,0,0,0,1,0
4.9705,nan,2.4000,821.0000,157.0000,6.4854,0.0158,0.2063,0.1653,0.0157,1,0,0,0,0,0,1,0
4.9870,nan,nan,821.0000,155.0000,6.4431,0.0222,0.2052,0.1638,0.0182,1,0,0,0,0,0,1,0
5.0040,378.0000,nan,821.0000,162.0000,6.4441,0.0221,0.2045,0.1634,0.0196,1,0,0,0,0,0,1,0
5.0212,378.0000,nan,821.0000,165.9400,6.4767,0.0171,0.2038,0.1613,0.0185,1,0,0,0,0,0,1,0
5.0375,379.0000,2.2000,nan,168.0000,6.5040,0.0130,0.2033,0.1601,0.0161,1,0,0,0,0,0,1,0
5.0590,379.0000,nan,819.0000,167.0000,6.5141,0.0114,0.2006,0.1569,0.0141,1,0,0,0,0,0,1,0
5.0796,380.0000,nan,nan,170.0000,6.5434,0.0070,0.1998,0.1562,0.0111,1,0,0,0,0,0,1,0
5.1004,380.0000,2.0000,1.0000,170.0000,6.5304,0.0090,0.1994,0.1567,0.0101,1,0,0,0,0,0,1,0
5.1208,380.0000,2.0000,nan,170.0000,6.5372,0.0079,0.1986,0.1560,0.0091,1,0,0,0,0,0,1,0
5.2095,nan,nan,nan,186.0000,6.6969,0.0000,0.1952,0.1511,0.0055,1,0,0,0,0,0,1,0
5.2311,nan,nan,nan,187.0000,6.7326,0.0000,0.1943,0.1507,0.0033,1,0,0,0,0,0,1,0
5.2502,nan,nan,nan,183.9400,6.7042,0.0000,0.1935,0.1499,0.0020,1,0,0,0,0,0,1,0
5.2671,nan,nan,nan,183.0000,6.6884,0.0000,0.1926,0.1483,0.0012,1,0,0,0,0,0,1,0
5.2909,nan,nan,nan,186.0000,6.7234,0.0000,0.1921,0.1488,0.0007,1,0,0,0,0,0,1,0
5.3098,384.0000,nan,807.0000,188.0000,6.7188,0.0000,0.1910,0.1485,0.0004,1,0,0,0,0,0,1,0
5.3313,384.0000,nan,809.0000,187.0000,6.7008,0.0000,0.1904,0.1474,0.0003,1,0,0,0,0,0,1,0
5.3512,384.0000,nan,nan,188.0000,6.7114,0.0000,0.1894,0.1463,0.0002,1,0,0,0,0,0,1,0
5.3681,384.0000,nan,806.0000,189.0000,6.6376,0.0000,0.1891,0.1451,0.0001,1,0,0,0,0,0,1,0
5.3844,385.0000,nan,nan,192.0000,6.6178,0.0000,0.1885,0.1438,0.0001,1,0,0,0,0,0,1,0
5.4044,385.0000,nan,nan,193.0000,6.6250,0.0000,0.1878,0.1439,0.0000,1,0,0,0,0,0,1,0
5.4254,385.0000,1.2000,799.0000,196.0000,6.5932,0.0000,0.1868,0.1408,0.0000,1,0,0,0,0,0,1,0
5.4469,385.0000,1.2000,797.0000,200.0000,6.6207,0.0000,0.1865,0.1409,0.0000,1,0,0,0,0,0,1,0
5.4672,386.0000,1.2000,797.0000,203.0000,6.6342,0.0000,0.1860,0.1411,0.0000,1,0,0,0,0,0,1,0
5.4875,386.0000,nan,797.0000,204.9400,6.5946,0.0000,0.1851,0.1382,0.0000,1,0,0,0,0,0,1,0
5.5040,386.0000,nan,797.0000,202.8800,6.6115,0.0000,0.1841,0.1373,0.0000,1,0,0,0,0,0,1,0
5.5255,386.0000,nan,797.0000,205.0000,6.6276,0.0000,0.1829,0.1371,0.0000,1,0,0,0,0,0,1,0
5.5477,386.0000,nan,799.0000,206.0000,6.6171,0.0000,0.1826,0.1374,0.0000,1,0,0,0,0,0,1,0
5.5678,387.0000,nan,799.0000,200.0000,6.5890,0.0001,0.1817,0.1360,0.0000,1,0,0,0,0,0,1,0
5.5877,387.0000,nan,799.0000,199.0000,6.5718,0.0027,0.1810,0.1369,0.0009,1,0,0,0,0,0,1,0
5.6042,387.0000,0.9000,796.0000,204.9400,6.5864,0.0005,0.1805,0.1356,0.0006,1,0,0,0,0,0,1,0
5.6255,387.0000,0.9000,789.0000,206.9400,6.5512,0.0058,0.1795,0.1329,0.0026,1,0,0,0,0,0,1,0
5.7175,388.0000,0.8000,nan,219.0000,6.5493,0.0061,0.1762,0.1293,0.0038,1,0,0,0,0,0,1,0
5.7372,388.0000,0.8000,nan,220.0000,6.5461,0.0066,0.1754,0.1297,0.0048,1,0,0,0,0,0,1,0
5.7538,388.0000,0.7000,78.0000,223.0000,6.5361,0.0081,0.1747,0.1269,0.0060,1,0,0,0,0,0,1,0
5.7706,388.0000,0.7000,78.0000,226.0000,6.5139,0.0115,0.1741,0.1248,0.0080,1,0,0,0,0,0,1,0
5.7879,389.0000,0.7000,78.0000,226.9400,6.5099,0.0121,0.1733,0.1240,0.0095,1,0,0,0,0,0,1,0
5.8090,389.0000,0.7000,78.0000,222.0000,6.4737,0.0176,0.1714,0.1221,0.0126,1,0,0,0,0,0,1,0
5.8300,389.0000,0.7000,77.0000,230.9400,6.5348,0.0083,0.1707,0.1223,0.0108,1,0,0,0,0,0,1,0
5.8478,389.0000,0.6000,77.0000,236.0000,6.5536,0.0054,0.1707,0.1221,0.0085,1,0,0,0,0,0,1,0
5.8668,389.0000,0.6000,77.0000,238.0000,6.5774,0.0018,0.1700,0.1223,0.0057,1,0,0,0,0,0,1,0
5.8831,389.0000,0.6000,77.0000,238.0000,6.5258,0.0097,0.1689,0.1202,0.0072,1,0,0,0,0,0,1,0
5.9037,389.0000,0.6000,77.0000,236.9400,6.4968,0.0141,0.1682,0.1192,0.0098,1,0,0,0,0,0,1,0
5.9210,389.0000,0.6000,77.0000,231.0000,6.4665,0.0187,0.1673,0.1185,0.0132,1,0,0,0,0,0,1,0
5.9369,390.0000,0.6000,77.0000,227.0000,6.4386,0.0229,0.1664,0.1189,0.0170,1,0,0,0,0,0,1,0
5.9590,390.0000,0.5000,77.0000,237.0000,6.4599,0.0197,0.1650,0.1142,0.0179,1,0,0,0,0,0,1,0
5.9797,390.0000,0.5000,77.0000,239.0000,6.4795,0.0167,0.1641,0.1137,0.0173,1,0,0,0,0,0,1,0
6.0004,390.0000,0.5000,77.0000,241.9400,6.4710,0.0180,0.1632,0.1138,0.0174,1,0,0,0,0,0,1,0
6.0208,390.0000,0.5000,77.0000,241.0000,6.4455,0.0218,0.1623,0.1138,0.0191,1,0,0,0,0,0,1,0
6.0366,390.0000,0.5000,76.0000,238.0000,6.4175,0.0261,0.1613,0.1126,0.0218,1,0,0,0,0,0,1,0
6.0541,390.0000,0.5000,76.0000,236.0000,6.3831,0.0313,0.1606,0.1113,0.0254,1,0,0,0,0,0,1,0
6.0751,390.0000,0.4000,76.0000,238.0000,6.3571,0.0353,0.1589,0.1067,0.0292,1,0,0,0,0,0,1,0
6.0928,390.0000,0.4000,76.0000,238.0000,6.3723,0.0329,0.1587,0.1072,0.0306,1,0,0,0,0,0,1,0
6.1129,390.0000,0.4000,76.0000,243.0000,6.3182,0.0412,0.1572,0.1042,0.0347,1,0,0,0,0,0,1,0
6.1330,391.0000,0.4000,76.0000,246.0000,6.2868,0.0459,0.1561,0.1031,0.0391,1,0,0,0,0,0,1,0
6.2215,391.0000,0.3000,76.0000,252.0000,6.3019,0.0436,0.1528,0.0991,0.0408,1,0,0,0,0,0,1,0
6.2428,391.0000,0.3000,75.0000,252.0000,6.3291,0.0395,0.1514,0.0982,0.0401,1,0,0,0,0,0,1,0
6.2633,391.0000,0.3000,75.0000,255.0000,6.3949,0.0295,0.1506,0.0967,0.0358,1,0,0,0,0,0,1,0
6.2831,391.0000,0.3000,75.0000,255.0000,6.3772,0.0322,0.1503,0.0962,0.0342,1,0,0,0,0,0,1,0
6.3006,391.0000,0.3000,75.0000,255.0000,6.4048,0.0280,0.1499,0.0974,0.0316,1,0,0,0,0,0,1,0
6.3208,391.0000,0.3000,75.0000,255.0000,6.4107,0.0271,0.1491,0.0978,0.0297,1,0,0,0,0,0,1,0
6.3405,391.0000,0.3000,75.0000,255.0000,6.4059,0.0279,0.1485,0.0960,0.0288,1,0,0,0,0,0,1,0
6.3588,391.0000,0.3000,75.0000,254.0000,6.4534,0.0206,0.1475,0.0975,0.0254,1,0,0,0,0,0,1,0
6.3769,391.0000,0.3000,75.0000,255.0000,6.4031,0.0283,0.1478,0.0948,0.0264,1,0,0,0,0,0,1,0
6.3968,391.0000,0.2000,75.0000,252.0000,6.3916,0.0300,0.1472,0.0931,0.0277,1,0,0,0,0,0,1,0
6.4169,392.0000,0.2000,75.0000,255.0000,6.4198,0.0257,0.1473,0.0934,0.0268,1,0,0,0,0,0,1,0
6.4331,392.0000,0.2000,74.0000,255.0000,6.4512,0.0210,0.1471,0.0929,0.0244,1,0,0,0,0,0,1,0
6.4547,392.0000,0.2000,74.0000,255.0000,6.4631,0.0192,0.1466,0.0916,0.0222,1,0,0,0,0,0,1,0
6.4757,392.0000,0.2000,74.0000,255.0000,6.4723,0.0178,0.1457,0.0904,0.0203,1,0,0,0,0,0,1,0
6.4970,392.0000,0.2000,74.0000,255.0000,6.4471,0.0216,0.1455,0.0898,0.0207,1,0,0,0,0,0,1,0
6.5170,392.0000,0.2000,74.0000,255.0000,6.4476,0.0215,0.1450,0.0899,0.0209,1,0,0,0,0,0,1,0
6.5338,392.0000,0.2000,74.0000,255.0000,6.4536,0.0206,0.1450,0.0923,0.0207,1,0,0,0,0,0,1,0
6.5505,392.0000,0.2000,74.0000,255.0000,6.4728,0.0177,0.1450,0.0942,0.0193,1,0,0,0,0,0,1,0
6.5669,392.0000,0.2000,74.0000,255.0000,6.4719,0.0178,0.1448,0.0940,0.0186,1,0,0,0,0,0,1,0
6.5839,392.0000,0.2000,74.0000,255.0000,6.4872,0.0155,0.1449,0.0934,0.0172,1,0,0,0,0,0,1,0
6.6004,392.0000,0.2000,74.0000,255.0000,6.4798,0.0166,0.1447,0.0911,0.0169,1,0,0,0,0,0,1,0
6.6175,392.0000,0.2000,74.0000,255.0000,6.4439,0.0221,0.1443,0.0911,0.0188,1,0,0,0,0,0,1,0
6.6410,392.0000,0.2000,73.0000,254.0000,6.4099,0.0272,0.1440,0.0900,0.0221,1,0,0,0,0,0,1,0
6.7387,392.0000,0.1000,73.0000,255.0000,6.4650,0.0189,0.1446,0.0896,0.0207,1,0,0,0,0,0,1,0
6.7614,392.0000,0.1000,73.0000,255.0000,6.4934,0.0146,0.1447,0.0900,0.0181,1,0,0,0,0,0,1,0
6.7809,392.0000,0.1000,73.0000,255.0000,6.4885,0.0153,0.1446,0.0897,0.0169,1,0,0,0,0,0,1,0
6.8021,392.0000,0.1000,73.0000,255.0000,6.4694,0.0182,0.1441,0.0893,0.0173,1,0,0,0,0,0,1,0
6.8211,392.0000,0.1000,73.0000,255.0000,6.4491,0.0213,0.1440,0.0898,0.0188,1,0,0,0,0,0,1,0
6.8383,392.0000,0.1000,72.0000,255.0000,6.4549,0.0204,0.1442,0.0906,0.0193,1,0,0,0,0,0,1,0
6.8594,392.0000,0.1000,72.0000,255.0000,6.5083,0.0123,0.1450,0.0920,0.0164,1,0,0,0,0,0,1,0
6.8811,392.0000,0.1000,72.0000,255.0000,6.4882,0.0154,0.1446,0.0902,0.0158,1,0,0,0,0,0,1,0
6.9023,393.0000,0.1000,72.0000,255.0000,6.5020,0.0133,0.1449,0.0912,0.0147,1,0,0,0,0,0,1,0
6.9202,393.0000,0.1000,72.0000,255.0000,6.4749,0.0174,0.1448,0.0906,0.0156,1,0,0,0,0,0,1,0
6.9368,393.0000,0.1000,72.0000,255.0000,6.4568,0.0201,0.1445,0.0927,0.0173,1,0,0,0,0,0,1,0
6.9544,393.0000,0.1000,72.0000,255.0000,6.4437,0.0221,0.1445,0.0918,0.0191,1,0,0,0,0,0,1,0
6.9757,393.0000,0.1000,72.0000,255.0000,6.4720,0.0178,0.1449,0.0898,0.0185,1,0,0,0,0,0,1,0
6.9970,393.0000,0.1000,72.0000,255.0000,6.4818,0.0163,0.1450,0.0911,0.0175,1,0,0,0,0,0,1,0
7.0165,393.0000,0.1000,72.0000,255.0000,6.4689,0.0183,0.1446,0.0905,0.0177,1,0,0,0,0,0,1,0
7.0330,393.0000,0.1000,71.0000,255.0000,6.4481,0.0215,0.1446,0.0900,0.0191,1,0,0,0,0,0,1,0
7.0538,393.0000,0.1000,71.0000,255.0000,6.4698,0.0182,0.1445,0.0895,0.0186,1,0,0,0,0,0,1,0
7.0709,393.0000,0.1000,71.0000,255.0000,6.4381,0.0230,0.1444,0.0901,0.0202,1,0,0,0,0,0,1,0
7.0876,393.0000,0.1000,71.0000,255.0000,6.4605,0.0196,0.1445,0.0914,0.0198,1,0,0,0,0,0,1,0
7.1040,393.0000,0.1000,71.0000,255.0000,6.5052,0.0128,0.1447,0.0953,0.0169,1,0,0,0,0,0,1,0
7.1272,393.0000,0.0000,71.0000,255.0000,6.5184,0.0108,0.1450,0.0955,0.0143,1,0,0,0,0,0,1,0
7.1462,393.0000,0.0000,71.0000,255.0000,6.4928,0.0147,0.1448,0.0913,0.0143,1,0,0,0,0,0,1,0
7.2378,393.0000,0.0000,70.0000,255.0000,6.4937,0.0145,0.1447,0.0918,0.0143,1,0,0,0,0,0,1,0
7.2591,393.0000,0.0000,70.0000,255.0000,6.4832,0.0161,0.1448,0.0912,0.0149,1,0,0,0,0,0,1,0
7.2801,393.0000,0.0000,70.0000,255.0000,6.5082,0.0123,0.1449,0.0921,0.0137,1,0,0,0,0,0,1,0
7.3007,393.0000,0.0000,70.0000,255.0000,6.5167,0.0110,0.1450,0.0948,0.0125,1,0,0,0,0,0,1,0
7.3207,393.0000,0.0000,70.0000,255.0000,6.4920,0.0148,0.1445,0.0911,0.0133,1,0,0,0,0,0,1,0
7.3381,393.0000,0.0000,70.0000,255.0000,6.5225,0.0102,0.1440,0.0927,0.0119,1,0,0,0,0,0,1,0
7.3588,393.0000,0.0000,70.0000,255.0000,6.4544,0.0205,0.1444,0.0908,0.0152,1,0,0,0,0,0,1,0
7.3798,393.0000,0.0000,70.0000,255.0000,6.4373,0.0231,0.1444,0.0907,0.0182,1,0,0,0,0,0,1,0
7.4004,393.0000,0.0000,70.0000,255.0000,6.4438,0.0221,0.1444,0.0924,0.0197,1,0,0,0,0,0,1,0
7.4206,393.0000,0.0000,70.0000,255.0000,6.4454,0.0219,0.1445,0.0923,0.0204,1,0,0,0,0,0,1,0
7.4371,393.0000,0.0000,69.0000,255.0000,6.4573,0.0201,0.1446,0.0920,0.0201,1,0,0,0,0,0,1,0
7.4588,393.0000,0.0000,69.0000,255.0000,6.4305,0.0241,0.1445,0.0914,0.0216,1,0,0,0,0,0,1,0
7.4786,393.0000,0.0000,69.0000,255.0000,6.4224,0.0254,0.1441,0.0919,0.0230,1,0,0,0,0,0,1,0
7.4967,393.0000,0.0000,69.0000,254.9400,6.4445,0.0220,0.1444,0.0931,0.0225,1,0,0,0,0,0,1,0
7.5162,393.0000,0.0000,69.0000,255.0000,6.4570,0.0201,0.1446,0.0919,0.0214,1,0,0,0,0,0,1,0
7.5330,393.0000,0.0000,69.0000,255.0000,6.4519,0.0209,0.1444,0.0913,0.0211,1,0,0,0,0,0,1,0
7.5500,393.0000,0.0000,69.0000,255.0000,6.4361,0.0233,0.1442,0.0902,0.0218,1,0,0,0,0,0,1,0
7.5668,393.0000,0.0000,69.0000,255.0000,6.4408,0.0226,0.1441,0.0910,0.0220,1,0,0,0,0,0,1,0
7.5868,393.0000,0.0000,69.0000,255.0000,6.4301,0.0242,0.1439,0.0904,0.0227,1,0,0,0,0,0,1,0
7.6041,393.0000,0.0000,69.0000,255.0000,6.4282,0.0245,0.1436,0.0904,0.0233,1,0,0,0,0,0,1,0
7.6206,393.0000,0.0000,69.0000,255.0000,6.4469,0.0216,0.1438,0.0918,0.0225,1,0,0,0,0,0,1,0
7.6373,393.0000,0.0000,68.0000,255.0000,6.4483,0.0214,0.1437,0.0915,0.0219,1,0,0,0,0,0,1,0
7.6586,393.0000,0.0000,68.0000,255.0000,6.4658,0.0188,0.1435,0.0902,0.0205,1,0,0,0,0,0,1,0
7.7506,393.0000,0.0000,68.0000,255.0000,6.5113,0.0119,0.1440,0.0902,0.0169,1,0,0,0,0,0,1,0
7.7667,393.0000,0.0000,68.0000,252.0000,6.5057,0.0127,0.1438,0.0912,0.0151,1,0,0,0,0,0,1,0
7.7841,393.0000,0.0000,68.0000,255.0000,6.5259,0.0096,0.1445,0.0918,0.0128,1,0,0,0,0,0,1,0
7.8005,393.0000,0.0000,68.0000,255.0000,6.5428,0.0071,0.1446,0.0918,0.0104,1,0,0,0,0,0,1,0
7.8173,393.0000,0.0000,68.0000,255.0000,6.5412,0.0073,0.1445,0.0917,0.0090,1,0,0,0,0,0,1,0
7.8377,393.0000,0.0000,67.0000,255.0000,6.5216,0.0103,0.1442,0.0922,0.0094,1,0,0,0,0,0,1,0
7.8584,393.0000,0.0000,67.0000,255.0000,6.5069,0.0125,0.1441,0.0942,0.0105,1,0,0,0,0,0,1,0
7.8758,393.0000,0.0000,67.0000,255.0000,6.4872,0.0155,0.1439,0.0922,0.0124,1,0,0,0,0,0,1,0
7.8977,393.0000,0.0000,67.0000,255.0000,6.5229,0.0101,0.1432,0.0906,0.0113,1,0,0,0,0,0,1,0
7.9191,393.0000,0.0000,67.0000,255.0000,6.4809,0.0165,0.1436,0.0914,0.0133,1,0,0,0,0,0,1,0
7.9373,393.0000,0.0000,67.0000,255.0000,6.4905,0.0150,0.1438,0.0914,0.0138,1,0,0,0,0,0,1,0
7.9565,393.0000,0.0000,67.0000,255.0000,6.5000,0.0136,0.1439,0.0917,0.0136,1,0,0,0,0,0,1,0
7.9767,393.0000,0.0000,67.0000,255.0000,6.4805,0.0165,0.1436,0.0917,0.0146,1,0,0,0,0,0,1,0
7.9964,393.0000,0.0000,67.0000,255.0000,6.4802,0.0166,0.1434,0.0914,0.0153,1,0,0,0,0,0,1,0
8.0163,393.0000,0.0000,67.0000,255.0000,6.4698,0.0182,0.1436,0.0920,0.0163,1,0,0,0,0,0,1,0
8.0334,393.0000,0.0000,66.0000,255.0000,6.4914,0.0149,0.1439,0.0931,0.0156,1,0,0,0,0,0,1,0
8.0499,393.0000,0.0000,66.0000,255.0000,6.5093,0.0122,0.1439,0.0948,0.0141,1,0,0,0,0,0,1,0
8.0707,393.0000,0.0000,66.0000,255.0000,6.4856,0.0158,0.1436,0.0922,0.0146,1,0,0,0,0,0,1,0
8.0873,393.0000,0.0000,66.0000,255.0000,6.4894,0.0152,0.1435,0.0915,0.0147,1,0,0,0,0,0,1,0
8.1094,393.0000,0.0000,66.0000,255.0000,6.5153,0.0112,0.1437,0.0917,0.0132,1,0,0,0,0,0,1,0
8.1305,393.0000,0.0000,66.0000,255.0000,6.5177,0.0109,0.1436,0.0923,0.0121,1,0,0,0,0,0,1,0
8.1499,393.0000,0.0000,66.0000,255.0000,6.5024,0.0132,0.1438,0.0921,0.0124,1,0,0,0,0,0,1,0
8.1664,393.0000,0.0000,66.0000,255.0000,6.4964,0.0141,0.1439,0.0917,0.0130,1,0,0,0,0,0,1,0
8.2542,393.0000,0.0000,65.0000,255.0000,6.4977,0.0139,0.1431,0.0922,0.0132,1,0,0,0,0,0,1,0
8.2766,393.0000,0.0000,65.0000,255.0000,6.5027,0.0132,0.1434,0.0911,0.0131,1,0,0,0,0,0,1,0
8.2946,393.0000,0.0000,65.0000,255.0000,6.4782,0.0169,0.1432,0.0929,0.0145,1,0,0,0,0,0,1,0
8.3125,393.0000,0.0000,65.0000,255.0000,6.4380,0.0230,0.1431,0.0911,0.0177,1,0,0,0,0,0,1,0
8.3336,393.0000,0.0000,65.0000,255.0000,6.4651,0.0189,0.1434,0.0912,0.0181,1,0,0,0,0,0,1,0
8.3571,393.0000,0.0000,65.0000,255.0000,6.4837,0.0160,0.1436,0.0906,0.0171,1,0,0,0,0,0,1,0
8.3757,393.0000,0.0000,65.0000,255.0000,6.4936,0.0145,0.1439,0.0917,0.0160,1,0,0,0,0,0,1,0
8.3968,393.0000,0.0000,65.0000,255.0000,6.4839,0.0160,0.1434,0.0917,0.0159,1,0,0,0,0,0,1,0
8.4167,393.0000,0.0000,65.0000,255.0000,6.4978,0.0139,0.1427,0.0909,0.0150,1,0,0,0,0,0,1,0
8.4334,393.0000,0.0000,64.0000,255.0000,6.4321,0.0239,0.1430,0.0901,0.0184,1,0,0,0,0,0,1,0
8.4534,393.0000,0.0000,64.0000,255.0000,6.4515,0.0209,0.1430,0.0919,0.0193,1,0,0,0,0,0,1,0
8.4705,393.0000,0.0000,64.0000,255.0000,6.4615,0.0194,0.1435,0.0915,0.0192,1,0,0,0,0,0,1,0
8.4871,393.0000,0.0000,64.0000,255.0000,6.4571,0.0201,0.1435,0.0911,0.0194,1,0,0,0,0,0,1,0
8.5034,393.0000,0.0000,64.0000,255.0000,6.4687,0.0183,0.1437,0.0918,0.0189,1,0,0,0,0,0,1,0
8.5198,393.0000,0.0000,64.0000,255.0000,6.4732,0.0176,0.1435,0.0918,0.0182,1,0,0,0,0,0,1,0
8.5373,393.0000,0.0000,64.0000,255.0000,6.4570,0.0201,0.1435,0.0932,0.0189,1,0,0,0,0,0,1,0
8.5533,393.0000,0.0000,64.0000,255.0000,6.4489,0.0213,0.1437,0.0920,0.0197,1,0,0,0,0,0,1,0
8.5755,393.0000,0.0000,64.0000,255.0000,6.4736,0.0176,0.1437,0.0901,0.0187,1,0,0,0,0,0,1,0
8.5963,393.0000,0.0000,64.0000,255.0000,6.4772,0.0170,0.1436,0.0902,0.0179,1,0,0,0,0,0,1,0
8.6172,393.0000,0.0000,64.0000,255.0000,6.5058,0.0127,0.1431,0.0911,0.0157,1,0,0,0,0,0,1,0
8.6372,393.0000,0.0000,63.0000,255.0000,6.4628,0.0192,0.1437,0.0914,0.0170,1,0,0,0,0,0,1,0
8.6539,393.0000,0.0000,63.0000,255.0000,6.5079,0.0124,0.1443,0.0933,0.0150,1,0,0,0,0,0,1,0
8.6705,393.0000,0.0000,63.0000,255.0000,6.5097,0.0121,0.1443,0.0927,0.0137,1,0,0,0,0,0,1,0
8.7591,393.0000,0.0000,63.0000,255.0000,6.4665,0.0187,0.1444,0.0926,0.0156,1,0,0,0,0,0,1,0
8.7795,393.0000,0.0000,63.0000,255.0000,6.4829,0.0162,0.1445,0.0942,0.0157,1,0,0,0,0,0,1,0
8.7995,393.0000,0.0000,63.0000,255.0000,6.4573,0.0200,0.1446,0.0940,0.0173,1,0,0,0,0,0,1,0
8.8164,393.0000,0.0000,63.0000,255.0000,6.4402,0.0226,0.1446,0.0933,0.0193,1,0,0,0,0,0,1,0
8.8337,393.0000,0.0000,62.0000,255.0000,6.4126,0.0268,0.1446,0.0915,0.0222,1,0,0,0,0,0,1,0
8.8570,393.0000,0.0000,62.0000,255.0000,6.4037,0.0282,0.1446,0.0918,0.0245,1,0,0,0,0,0,1,0
8.8759,393.0000,0.0000,62.0000,255.0000,6.4092,0.0273,0.1448,0.0918,0.0255,1,0,0,0,0,0,1,0
8.8969,393.0000,0.0000,62.0000,255.0000,6.3937,0.0297,0.1449,0.0908,0.0271,1,0,0,0,0,0,1,0
8.9164,393.0000,0.0000,62.0000,255.0000,6.3977,0.0291,0.1450,0.0911,0.0277,1,0,0,0,0,0,1,0
8.9331,393.0000,0.0000,62.0000,255.0000,6.4237,0.0252,0.1454,0.0920,0.0266,1,0,0,0,0,0,1,0
8.9500,393.0000,0.0000,62.0000,255.0000,6.4159,0.0263,0.1455,0.0913,0.0264,1,0,0,0,0,0,1,0
8.9665,393.0000,0.0000,62.0000,255.0000,6.4224,0.0253,0.1458,0.0923,0.0258,1,0,0,0,0,0,1,0
8.9834,393.0000,0.0000,62.0000,255.0000,6.4281,0.0245,0.1460,0.0927,0.0252,1,0,0,0,0,0,1,0
8.9997,393.0000,0.0000,62.0000,255.0000,6.3932,0.0298,0.1457,0.0909,0.0269,1,0,0,0,0,0,1,0
9.0162,393.0000,0.0000,62.0000,255.0000,6.3626,0.0344,0.1453,0.0914,0.0298,1,0,0,0,0,0,1,0
9.0402,393.0000,0.0000,61.0000,255.0000,6.3792,0.0319,0.1455,0.0939,0.0305,1,0,0,0,0,0,1,0
9.0593,393.0000,0.0000,61.0000,255.0000,6.3751,0.0325,0.1455,0.0918,0.0312,1,0,0,0,0,0,1,0
9.0796,393.0000,0.0000,61.0000,255.0000,6.4045,0.0281,0.1456,0.0929,0.0298,1,0,0,0,0,0,1,0
9.1006,393.0000,0.0000,61.0000,255.0000,6.3948,0.0295,0.1456,0.0931,0.0296,1,0,0,0,0,0,1,0
9.1207,393.0000,0.0000,61.0000,255.0000,6.3439,0.0373,0.1453,0.0927,0.0325,1,0,0,0,0,0,1,0
9.1367,393.0000,0.0000,61.0000,255.0000,6.3392,0.0380,0.1449,0.0921,0.0346,1,0,0,0,0,0,1,0
9.1580,393.0000,0.0000,61.0000,255.0000,6.3446,0.0371,0.1453,0.0915,0.0355,1,0,0,0,0,0,1,0
9.1763,393.0000,0.0000,61.0000,255.0000,6.3508,0.0362,0.1454,0.0911,0.0356,1,0,0,0,0,0,1,0
9.2638,393.0000,0.0000,60.0000,255.0000,6.3671,0.0337,0.1461,0.0935,0.0348,1,0,0,0,0,0,1,0
9.2832,393.0000,0.0000,60.0000,255.0000,6.3332,0.0389,0.1460,0.0914,0.0363,1,0,0,0,0,0,1,0
9.3001,393.0000,0.0000,60.0000,255.0000,6.3440,0.0373,0.1462,0.0924,0.0365,1,0,0,0,0,0,1,0
9.3208,393.0000,0.0000,60.0000,255.0000,6.3206,0.0408,0.1461,0.0922,0.0381,1,0,0,0,0,0,1,0
9.3379,393.0000,0.0000,60.0000,255.0000,6.3166,0.0414,0.1462,0.0919,0.0393,1,0,0,0,0,0,1,0
9.3599,393.0000,0.0000,60.0000,255.0000,6.3749,0.0326,0.1469,0.0937,0.0365,1,0,0,0,0,0,1,0
9.3799,393.0000,0.0000,60.0000,255.0000,6.3653,0.0340,0.1473,0.0927,0.0354,1,0,0,0,0,0,1,0
9.3998,393.0000,0.0000,60.0000,255.0000,6.3680,0.0336,0.1471,0.0905,0.0345,1,0,0,0,0,0,1,0
9.4164,393.0000,0.0000,60.0000,255.0000,6.3692,0.0334,0.1473,0.0925,0.0340,1,0,0,0,0,0,1,0
9.4363,393.0000,0.0000,59.0000,255.0000,6.3290,0.0395,0.1471,0.0918,0.0361,1,0,0,0,0,0,1,0
9.4531,393.0000,0.0000,59.0000,255.0000,6.3296,0.0394,0.1469,0.0918,0.0373,1,0,0,0,0,0,1,0
9.4697,393.0000,0.0000,59.0000,255.0000,6.3236,0.0404,0.1474,0.0908,0.0384,1,0,0,0,0,0,1,0
9.4868,393.0000,0.0000,59.0000,255.0000,6.3350,0.0386,0.1479,0.0947,0.0384,1,0,0,0,0,0,1,0
9.5043,393.0000,0.0000,59.0000,255.0000,6.3098,0.0424,0.1477,0.0961,0.0399,1,0,0,0,0,0,1,0
9.5258,393.0000,0.0000,59.0000,255.0000,6.2718,0.0482,0.1472,0.0920,0.0431,1,0,0,0,0,0,1,0
9.5472,393.0000,0.0000,59.0000,255.0000,6.2750,0.0477,0.1473,0.0922,0.0448,1,0,0,0,0,0,1,0
9.5663,393.0000,0.0000,59.0000,255.0000,6.2741,0.0479,0.1470,0.0924,0.0459,1,0,0,0,0,0,1,0
9.5829,393.0000,0.0000,59.0000,255.0000,6.2929,0.0450,0.1472,0.0917,0.0454,1,0,0,0,0,0,1,0
9.6034,393.0000,0.0000,59.0000,255.0000,6.3022,0.0436,0.1471,0.0911,0.0446,1,0,0,0,0,0,1,0
9.6201,393.0000,0.0000,59.0000,255.0000,6.2921,0.0451,0.1473,0.0910,0.0447,1,0,0,0,0,0,1,0
9.6368,393.0000,0.0000,58.0000,255.0000,6.2910,0.0453,0.1473,0.0925,0.0448,1,0,0,0,0,0,1,0
9.6569,393.0000,0.0000,58.0000,255.0000,6.2850,0.0462,0.1473,0.0923,0.0452,1,0,0,0,0,0,1,0
9.6758,393.0000,0.0000,58.0000,255.0000,6.2846,0.0463,0.1470,0.0902,0.0455,1,0,0,0,0,0,1,0
9.6973,393.0000,0.0000,58.0000,255.0000,6.3169,0.0414,0.1475,0.0911,0.0437,1,0,0,0,0,0,1,0
9.7879,393.0000,0.0000,58.0000,255.0000,6.3149,0.0417,0.1471,0.0912,0.0428,1,0,0,0,0,0,1,0
9.8095,393.0000,0.0000,58.0000,255.0000,6.3097,0.0425,0.1473,0.0915,0.0425,1,0,0,0,0,0,1,0
9.8292,393.0000,0.0000,57.0000,255.0000,6.2947,0.0447,0.1470,0.0922,0.0433,1,0,0,0,0,0,1,0
9.8512,393.0000,0.0000,57.0000,255.0000,6.2899,0.0455,0.1470,0.0921,0.0440,1,0,0,0,0,0,1,0
9.8736,393.0000,0.0000,57.0000,255.0000,6.2662,0.0491,0.1470,0.0911,0.0459,1,0,0,0,0,0,1,0
9.8920,393.0000,0.0000,57.0000,255.0000,6.2482,0.0518,0.1469,0.0910,0.0481,1,0,0,0,0,0,1,0
9.9132,393.0000,0.0000,57.0000,255.0000,6.2463,0.0521,0.1472,0.0919,0.0496,1,0,0,0,0,0,1,0
9.9331,393.0000,0.0000,57.0000,255.0000,6.2597,0.0500,0.1475,0.0919,0.0496,1,0,0,0,0,0,1,0
9.9501,393.0000,0.0000,57.0000,255.0000,6.2701,0.0485,0.1474,0.0923,0.0490,1,0,0,0,0,0,1,0
9.9703,393.0000,0.0000,57.0000,255.0000,6.2594,0.0501,0.1472,0.0922,0.0493,1,0,0,0,0,0,1,0
9.9874,393.0000,0.0000,57.0000,255.0000,6.2423,0.0527,0.1471,0.0905,0.0505,1,0,0,0,0,0,1,0
10.0089,393.0000,0.0000,57.0000,255.0000,6.2542,0.0509,0.1473,0.0895,0.0506,1,0,0,0,0,0,1,0
10.0293,393.0000,0.0000,56.0000,255.0000,6.2889,0.0456,0.1476,0.0905,0.0484,1,0,0,0,0,0,1,0
10.0497,393.0000,0.0000,56.0000,255.0000,6.2850,0.0462,0.1475,0.0914,0.0474,1,0,0,0,0,0,1,0
10.0665,393.0000,0.0000,56.0000,255.0000,6.2855,0.0461,0.1473,0.0915,0.0468,1,0,0,0,0,0,1,0
10.0837,393.0000,0.0000,56.0000,255.0000,6.2614,0.0498,0.1471,0.0910,0.0479,1,0,0,0,0,0,1,0
10.1046,393.0000,0.0000,56.0000,255.0000,6.2622,0.0497,0.1471,0.0912,0.0485,1,0,0,0,0,0,1,0
10.1250,393.0000,0.0000,56.0000,255.0000,6.2717,0.0482,0.1470,0.0921,0.0482,1,0,0,0,0,0,1,0
10.1463,393.0000,0.0000,56.0000,255.0000,6.2862,0.0460,0.1468,0.0932,0.0472,1,0,0,0,0,0,1,0
10.1661,393.0000,0.0000,56.0000,255.0000,6.2914,0.0452,0.1469,0.0930,0.0463,1,0,0,0,0,0,1,0
10.1827,393.0000,0.0000,56.0000,255.0000,6.2743,0.0478,0.1470,0.0918,0.0468,1,0,0,0,0,0,1,0
10.1997,393.0000,0.0000,56.0000,255.0000,6.2684,0.0487,0.1470,0.0907,0.0474,1,0,0,0,0,0,1,0
10.2879,393.0000,0.0000,55.0000,255.0000,6.2575,0.0504,0.1466,0.0914,0.0485,1,0,0,0,0,0,1,0
10.3095,393.0000,0.0000,55.0000,255.0000,6.3013,0.0437,0.1472,0.0917,0.0465,1,0,0,0,0,0,1,0
10.3287,393.0000,0.0000,55.0000,255.0000,6.2688,0.0487,0.1475,0.0917,0.0472,1,0,0,0,0,0,1,0
10.3471,393.0000,0.0000,55.0000,255.0000,6.2413,0.0528,0.1474,0.0914,0.0493,1,0,0,0,0,0,1,0
10.3668,393.0000,0.0000,55.0000,255.0000,6.2224,0.0557,0.1471,0.0908,0.0518,1,0,0,0,0,0,1,0
10.3870,393.0000,0.0000,55.0000,255.0000,6.2056,0.0583,0.1469,0.0908,0.0542,1,0,0,0,0,0,1,0
10.4034,393.0000,0.0000,55.0000,255.0000,6.2176,0.0564,0.1470,0.0935,0.0550,1,0,0,0,0,0,1,0
10.4202,393.0000,0.0000,55.0000,255.0000,6.2059,0.0582,0.1470,0.0923,0.0562,1,0,0,0,0,0,1,0
10.4368,393.0000,0.0000,54.0000,255.0000,6.2078,0.0579,0.1469,0.0905,0.0567,1,0,0,0,0,0,1,0
10.4539,393.0000,0.0000,54.0000,255.0000,6.2306,0.0545,0.1471,0.0906,0.0557,1,0,0,0,0,0,1,0
10.4697,393.0000,0.0000,54.0000,255.0000,6.2223,0.0557,0.1471,0.0918,0.0556,1,0,0,0,0,0,1,0
10.4917,393.0000,0.0000,54.0000,255.0000,6.2168,0.0566,0.1469,0.0925,0.0558,1,0,0,0,0,0,1,0
10.5133,393.0000,0.0000,54.0000,255.0000,6.2107,0.0575,0.1469,0.0929,0.0564,1,0,0,0,0,0,1,0
10.5325,393.0000,0.0000,54.0000,255.0000,6.2045,0.0584,0.1469,0.0932,0.0571,1,0,0,0,0,0,1,0
10.5498,393.0000,0.0000,54.0000,255.0000,6.2000,0.0591,0.1467,0.0927,0.0578,1,0,0,0,0,0,1,0
10.5662,393.0000,0.0000,54.0000,255.0000,6.2094,0.0577,0.1466,0.0927,0.0576,1,0,0,0,0,0,1,0
10.5835,393.0000,0.0000,54.0000,255.0000,6.1933,0.0601,0.1462,0.0917,0.0585,1,0,0,0,0,0,1,0
10.6003,393.0000,0.0000,54.0000,255.0000,6.2211,0.0559,0.1463,0.0908,0.0573,1,0,0,0,0,0,1,0
10.6170,393.0000,0.0000,54.0000,255.0000,6.2231,0.0556,0.1463,0.0902,0.0565,1,0,0,0,0,0,1,0
10.6363,393.0000,0.0000,53.0000,255.0000,6.2232,0.0556,0.1460,0.0909,0.0560,1,0,0,0,0,0,1,0
10.6532,393.0000,0.0000,53.0000,255.0000,6.2293,0.0546,0.1457,0.0911,0.0553,1,0,0,0,0,0,1,0
10.6702,393.0000,0.0000,53.0000,255.0000,6.2179,0.0564,0.1458,0.0910,0.0556,1,0,0,0,0,0,1,0
10.6868,393.0000,0.0000,53.0000,255.0000,6.2261,0.0551,0.1461,0.0922,0.0553,1,0,0,0,0,0,1,0
10.7039,393.0000,0.0000,53.0000,255.0000,6.2281,0.0548,0.1459,0.0912,0.0550,1,0,0,0,0,0,1,0
10.7929,393.0000,0.0000,53.0000,255.0000,6.3177,0.0412,0.1451,0.0895,0.0494,1,0,0,0,0,0,1,0
10.8133,393.0000,0.0000,53.0000,255.0000,6.2627,0.0496,0.1456,0.0922,0.0493,1,0,0,0,0,0,1,0
10.8330,393.0000,0.0000,52.0000,255.0000,6.2979,0.0442,0.1459,0.0922,0.0472,1,0,0,0,0,0,1,0
10.8497,393.0000,0.0000,52.0000,255.0000,6.3197,0.0409,0.1460,0.0939,0.0445,1,0,0,0,0,0,1,0
10.8662,393.0000,0.0000,52.0000,255.0000,6.2860,0.0460,0.1462,0.0939,0.0450,1,0,0,0,0,0,1,0
10.8863,393.0000,0.0000,52.0000,255.0000,6.2504,0.0515,0.1462,0.0917,0.0475,1,0,0,0,0,0,1,0
10.9030,393.0000,0.0000,52.0000,255.0000,6.2295,0.0546,0.1461,0.0914,0.0502,1,0,0,0,0,0,1,0
10.9191,393.0000,0.0000,52.0000,255.0000,6.1986,0.0593,0.1456,0.0910,0.0537,1,0,0,0,0,0,1,0
10.9375,393.0000,0.0000,52.0000,255.0000,6.1712,0.0635,0.1453,0.0908,0.0575,1,0,0,0,0,0,1,0
10.9615,393.0000,0.0000,52.0000,255.0000,6.2019,0.0588,0.1454,0.0923,0.0579,1,0,0,0,0,0,1,0
10.9793,393.0000,0.0000,52.0000,255.0000,6.2036,0.0585,0.1453,0.0927,0.0580,1,0,0,0,0,0,1,0
10.9993,393.0000,0.0000,52.0000,255.0000,6.1875,0.0610,0.1452,0.0916,0.0591,1,0,0,0,0,0,1,0
11.0182,393.0000,0.0000,52.0000,255.0000,6.1910,0.0605,0.1452,0.0921,0.0595,1,0,0,0,0,0,1,0
11.0366,393.0000,0.0000,51.0000,255.0000,6.1529,0.0663,0.1448,0.0910,0.0621,1,0,0,0,0,0,1,0
11.0570,393.0000,0.0000,51.0000,255.0000,6.1331,0.0693,0.1447,0.0907,0.0648,1,0,0,0,0,0,1,0
11.0758,393.0000,0.0000,51.0000,255.0000,6.1310,0.0696,0.1445,0.0903,0.0666,1,0,0,0,0,0,1,0
11.0958,393.0000,0.0000,51.0000,255.0000,6.1268,0.0702,0.1443,0.0897,0.0679,1,0,0,0,0,0,1,0
11.1165,393.0000,0.0000,51.0000,255.0000,6.1149,0.0720,0.1442,0.0900,0.0694,1,0,0,0,0,0,1,0
11.1370,393.0000,0.0000,51.0000,255.0000,6.1052,0.0735,0.1442,0.0899,0.0709,1,0,0,0,0,0,1,0
11.1530,393.0000,0.0000,51.0000,255.0000,6.1420,0.0679,0.1444,0.0912,0.0696,1,0,0,0,0,0,1,0
11.1765,393.0000,0.0000,51.0000,255.0000,6.1281,0.0700,0.1451,0.0913,0.0696,1,0,0,0,0,0,1,0
11.1963,393.0000,0.0000,51.0000,255.0000,6.0949,0.0751,0.1446,0.0904,0.0717,1,0,0,0,0,0,1,0
11.2163,393.0000,0.0000,51.0000,255.0000,6.0785,0.0775,0.1445,0.0914,0.0739,1,0,0,0,0,0,1,0
11.3107,393.0000,0.0000,50.0000,255.0000,6.1435,0.0677,0.1447,0.0907,0.0713,1,0,0,0,0,0,1,0
11.3301,393.0000,0.0000,50.0000,255.0000,6.0971,0.0747,0.1452,0.0911,0.0725,1,0,0,0,0,0,1,0
11.3502,393.0000,0.0000,50.0000,255.0000,6.0878,0.0761,0.1450,0.0925,0.0739,1,0,0,0,0,0,1,0
11.3676,393.0000,0.0000,50.0000,255.0000,6.0865,0.0763,0.1449,0.0929,0.0747,1,0,0,0,0,0,1,0
11.3872,393.0000,0.0000,50.0000,255.0000,6.0579,0.0807,0.1450,0.0932,0.0770,1,0,0,0,0,0,1,0
11.4034,393.0000,0.0000,50.0000,254.0000,6.0303,0.0849,0.1446,0.0910,0.0800,1,0,0,0,0,0,1,0
11.4195,393.0000,0.0000,50.0000,255.0000,6.0478,0.0822,0.1451,0.0919,0.0808,1,0,0,0,0,0,1,0
11.4426,393.0000,0.0000,49.0000,255.0000,6.0614,0.0801,0.1452,0.0908,0.0804,1,0,0,0,0,0,1,0
11.4623,393.0000,0.0000,49.0000,255.0000,6.0684,0.0791,0.1452,0.0906,0.0797,1,0,0,0,0,0,1,0
11.4852,393.0000,0.0000,49.0000,255.0000,6.0631,0.0799,0.1450,0.0910,0.0797,1,0,0,0,0,0,1,0
11.5042,393.0000,0.0000,49.0000,255.0000,6.0374,0.0838,0.1449,0.0911,0.0812,1,0,0,0,0,0,1,0
11.5257,393.0000,0.0000,49.0000,255.0000,6.0135,0.0874,0.1447,0.0907,0.0836,1,0,0,0,0,0,1,0
11.5462,393.0000,0.0000,49.0000,255.0000,6.0527,0.0814,0.1446,0.0917,0.0826,1,0,0,0,0,0,1,0
11.5672,393.0000,0.0000,49.0000,255.0000,6.0886,0.0760,0.1448,0.0938,0.0798,1,0,0,0,0,0,1,0
11.5869,393.0000,0.0000,49.0000,255.0000,6.1108,0.0726,0.1454,0.0933,0.0768,1,0,0,0,0,0,1,0
11.6031,393.0000,0.0000,49.0000,255.0000,6.1683,0.0639,0.1447,0.0909,0.0715,1,0,0,0,0,0,1,0
11.6210,393.0000,0.0000,49.0000,255.0000,6.1045,0.0736,0.1444,0.0901,0.0722,1,0,0,0,0,0,1,0
11.6419,393.0000,0.0000,48.0000,254.0000,6.1347,0.0690,0.1442,0.0895,0.0708,1,0,0,0,0,0,1,0
11.6635,393.0000,0.0000,48.0000,255.0000,6.1663,0.0642,0.1442,0.0910,0.0681,1,0,0,0,0,0,1,0
11.6829,393.0000,0.0000,48.0000,255.0000,6.1976,0.0595,0.1446,0.0935,0.0645,1,0,0,0,0,0,1,0
11.6996,393.0000,0.0000,48.0000,255.0000,6.2585,0.0502,0.1453,0.1009,0.0587,1,0,0,0,0,0,1,0
11.7164,393.0000,0.0000,48.0000,255.0000,6.4031,0.0283,0.1481,0.1197,0.0464,1,0,0,0,0,0,1,0
11.8045,393.0000,0.0000,48.0000,255.0000,9.0811,0.0000,0.1917,0.2411,0.0278,1,0,0,0,0,0,1,0
11.8270,393.0000,0.0000,47.0000,255.0000,9.6271,0.0000,0.1965,0.2471,0.0167,1,0,0,0,0,0,1,0
11.8474,393.0000,0.0000,47.0000,255.0000,9.7800,0.0000,0.1975,0.2483,0.0100,1,0,0,0,0,0,1,0
11.8669,393.0000,0.0000,47.0000,255.0000,9.8202,0.0000,0.1975,0.2485,0.0060,1,0,0,0,0,0,1,0
11.8873,393.0000,0.0000,47.0000,255.0000,9.8174,0.0000,0.1975,0.2487,0.0036,1,0,0,0,0,0,1,0
11.9093,393.0000,0.0000,47.0000,255.0000,9.7070,0.0000,0.1959,0.2478,0.0022,1,0,0,0,0,0,1,0
11.9298,393.0000,0.0000,47.0000,255.0000,9.5719,0.0000,0.1944,0.2465,0.0013,1,0,0,0,0,0,1,0
11.9497,393.0000,0.0000,47.0000,255.0000,9.4685,0.0000,0.1934,0.2450,0.0008,1,0,0,0,0,0,1,0
11.9666,393.0000,0.0000,47.0000,255.0000,9.4416,0.0000,0.1924,0.2397,0.0005,1,0,0,0,0,0,1,0
11.9870,393.0000,0.6000,47.0000,255.0000,9.3785,0.0000,0.1913,0.2349,0.0003,1,0,0,0,0,0,1,0
12.0041,393.0000,8.6000,47.0000,255.0000,9.2932,0.0000,0.1904,0.2189,0.0002,1,0,0,0,0,0,1,0
12.0262,393.0000,10.0000,46.0000,255.0000,9.3026,0.0000,0.1943,0.1834,0.0001,1,0,0,0,0,0,1,0
12.0461,393.0000,0.0000,46.0000,255.0000,9.2385,0.0000,0.1897,0.1726,0.0001,1,0,0,0,0,0,1,0
12.0671,393.0000,0.0000,46.0000,255.0000,9.1642,0.0000,0.1891,0.1541,0.0000,1,0,0,0,0,0,1,0
12.0862,393.0000,0.0000,46.0000,255.0000,9.3352,0.0000,0.1981,0.1295,0.0000,1,0,0,0,0,0,1,0
12.1029,393.0000,0.0000,46.0000,255.0000,9.2581,0.0000,0.1965,0.1158,0.0000,1,0,0,0,0,0,1,0
12.1223,393.0000,0.0000,46.0000,255.0000,9.2002,0.0000,0.1941,0.1065,0.0000,1,0,0,0,0,0,1,0
12.1444,393.0000,0.0000,46.0000,255.0000,9.0594,0.0000,0.1875,0.0909,0.0000,1,0,0,0,0,0,1,0
12.1633,393.0000,0.0000,46.0000,255.0000,8.9822,0.0000,0.1869,0.0909,0.0000,1,0,0,0,0,0,1,0
12.1832,393.0000,0.0000,46.0000,255.0000,8.9056,0.0000,0.1857,0.0913,0.0000,1,0,0,0,0,0,1,0
12.1998,393.0000,0.0000,46.0000,255.0000,8.8352,0.0000,0.1844,0.0919,0.0000,1,0,0,0,0,0,1,0
12.2199,393.0000,0.0000,46.0000,255.0000,8.7946,0.0000,0.1838,0.0912,0.0000,1,0,0,0,0,0,1,0
12.3044,393.0000,0.0000,45.0000,255.0000,8.6999,0.0000,0.1819,0.0899,0.0000,1,0,0,0,0,0,1,0
12.3256,393.0000,0.0000,45.0000,255.0000,8.7274,0.0000,0.1804,0.0903,0.0000,1,0,0,0,0,0,1,0
12.3477,393.0000,0.0000,45.0000,255.0000,8.6591,0.0000,0.1803,0.0915,0.0000,1,0,0,0,0,0,1,0
12.3666,393.0000,0.0000,45.0000,255.0000,8.6530,0.0000,0.1799,0.0901,0.0000,1,0,0,0,0,0,1,0
12.3875,393.0000,0.0000,45.0000,255.0000,8.6960,0.0000,0.1802,0.0914,0.0000,1,0,0,0,0,0,1,0
12.4096,393.0000,0.0000,45.0000,255.0000,8.7468,0.0000,0.1812,0.0906,0.0000,1,0,0,0,0,0,1,0
12.4299,393.0000,0.0000,44.0000,255.0000,8.8136,0.0000,0.1820,0.0910,0.0000,1,0,0,0,0,0,1,0
12.4496,393.0000,0.0000,44.0000,255.0000,8.8732,0.0000,0.1827,0.0925,0.0000,1,0,0,0,0,0,1,0
12.4665,393.0000,0.0000,44.0000,255.0000,8.9083,0.0000,0.1838,0.0908,0.0000,1,0,0,0,0,0,1,0
12.4864,393.0000,0.0000,44.0000,255.0000,8.9667,0.0000,0.1848,0.0905,0.0000,1,0,0,0,0,0,1,0
12.5034,393.0000,0.0000,44.0000,255.0000,9.0052,0.0000,0.1859,0.0904,0.0000,1,0,0,0,0,0,1,0
12.5229,393.0000,0.0000,44.0000,255.0000,9.0911,0.0000,0.1870,0.0906,0.0000,1,0,0,0,0,0,1,0
12.5427,393.0000,0.0000,44.0000,255.0000,9.1038,0.0000,0.1873,0.0910,0.0000,1,0,0,0,0,0,1,0
12.5624,393.0000,0.0000,44.0000,255.0000,9.0783,0.0000,0.1872,0.0917,0.0000,1,0,0,0,0,0,1,0
12.5829,393.0000,0.0000,44.0000,255.0000,9.0509,0.0000,0.1870,0.0918,0.0000,1,0,0,0,0,0,1,0
12.5997,393.0000,0.0000,44.0000,255.0000,8.9698,0.0000,0.1863,0.0906,0.0000,1,0,0,0,0,0,1,0
12.6168,393.0000,0.0000,44.0000,255.0000,8.9481,0.0000,0.1858,0.0902,0.0000,1,0,0,0,0,0,1,0
12.6370,393.0000,0.0000,43.0000,255.0000,8.8859,0.0000,0.1853,0.0897,0.0000,1,0,0,0,0,0,1,0
12.6532,393.0000,0.0000,43.0000,255.0000,8.8931,0.0000,0.1853,0.0899,0.0000,1,0,0,0,0,0,1,0
12.6697,393.0000,0.0000,43.0000,255.0000,8.9082,0.0000,0.1852,0.0918,0.0000,1,0,0,0,0,0,1,0
12.6935,393.0000,0.0000,43.0000,255.0000,8.9100,0.0000,0.1841,0.0910,0.0000,1,0,0,0,0,0,1,0
12.7133,393.0000,0.0000,43.0000,255.0000,8.9122,0.0000,0.1840,0.0913,0.0000,1,0,0,0,0,0,1,0
12.7329,393.0000,0.0000,43.0000,255.0000,8.9223,0.0000,0.1841,0.0915,0.0000,1,0,0,0,0,0,1,0
12.8210,393.0000,0.0000,43.0000,255.0000,8.7064,0.0000,0.1831,0.0913,0.0000,1,0,0,0,0,0,1,0
12.8375,393.0000,0.0000,42.0000,255.0000,8.6371,0.0000,0.1825,0.0903,0.0000,1,0,0,0,0,0,1,0
12.8590,393.0000,0.0000,42.0000,255.0000,8.4799,0.0000,0.1817,0.0912,0.0000,1,0,0,0,0,0,1,0
12.8802,393.0000,0.0000,42.0000,255.0000,8.3862,0.0000,0.1809,0.0949,0.0000,1,0,0,0,0,0,1,0
12.8997,393.0000,0.0000,42.0000,255.0000,8.3216,0.0000,0.1802,0.0965,0.0000,1,0,0,0,0,0,1,0
12.9239,393.0000,0.0000,42.0000,255.0000,8.2028,0.0000,0.1787,0.0939,0.0000,1,0,0,0,0,0,1,0
12.9432,393.0000,0.0000,42.0000,255.0000,8.0757,0.0000,0.1771,0.0994,0.0000,1,0,0,0,0,0,1,0
12.9633,393.0000,0.0000,42.0000,255.0000,8.0824,0.0000,0.1760,0.1117,0.0000,1,0,0,0,0,0,1,0
12.9852,393.0000,0.0000,42.0000,255.0000,7.9796,0.0000,0.1751,0.1177,0.0000,1,0,0,0,0,0,1,0
13.0038,393.0000,0.0000,42.0000,255.0000,7.9046,0.0000,0.1743,0.1206,0.0000,1,0,0,0,0,0,1,0
13.0201,393.0000,0.0000,42.0000,255.0000,7.8235,0.0000,0.1735,0.1230,0.0000,1,0,0,0,0,0,1,0
13.0432,393.0000,0.0000,41.0000,255.0000,7.7857,0.0000,0.1721,0.1438,0.0000,1,0,0,0,0,0,1,0
13.0629,393.0000,0.0000,41.0000,255.0000,7.7192,0.0000,0.1718,0.1462,0.0000,1,0,0,0,0,0,1,0
13.0830,393.0000,0.0000,41.0000,255.0000,7.7030,0.0000,0.1713,0.1517,0.0000,1,0,0,0,0,0,1,0
13.1001,393.0000,0.0000,41.0000,255.0000,7.6810,0.0000,0.1710,0.1615,0.0000,1,0,0,0,0,0,1,0
13.1201,393.0000,0.0000,41.0000,255.0000,7.6753,0.0000,0.1709,0.1697,0.0000,1,0,0,0,0,0,1,0
13.1369,393.0000,0.0000,41.0000,255.0000,7.6742,0.0000,0.1711,0.1766,0.0000,1,0,0,0,0,0,1,0
13.1536,393.0000,0.0000,41.0000,255.0000,7.6356,0.0000,0.1708,0.1791,0.0000,1,0,0,0,0,0,1,0
13.1696,393.0000,0.0000,41.0000,255.0000,7.5680,0.0000,0.1698,0.1811,0.0000,1,0,0,0,0,0,1,0
13.1934,393.0000,0.0000,41.0000,255.0000,7.5248,0.0000,0.1690,0.1859,0.0000,1,0,0,0,0,0,1,0
13.2132,393.0000,0.0000,41.0000,255.0000,7.5428,0.0000,0.1691,0.1894,0.0000,1,0,0,0,0,0,1,0
13.2325,393.0000,0.0000,40.0000,255.0000,7.5408,0.0000,0.1685,0.1926,0.0000,1,0,0,0,0,0,1,0
13.2498,393.0000,0.0000,40.0000,255.0000,7.4935,0.0000,0.1667,0.1903,0.0000,1,0,0,0,0,0,1,0
13.3438,393.0000,0.0000,40.0000,255.0000,7.0208,0.0000,0.1627,0.1799,0.0000,1,0,0,0,0,0,1,0
13.3637,393.0000,0.0000,40.0000,255.0000,6.8905,0.0000,0.1607,0.1725,0.0000,1,0,0,0,0,0,1,0
13.3843,393.0000,0.0000,40.0000,255.0000,6.8016,0.0000,0.1594,0.1666,0.0000,1,0,0,0,0,0,1,0
13.4039,393.0000,0.0000,40.0000,255.0000,6.7089,0.0000,0.1586,0.1637,0.0000,1,0,0,0,0,0,1,0
13.4254,393.0000,0.0000,39.0000,254.0000,6.5199,0.0106,0.1561,0.1550,0.0041,1,0,0,0,0,0,1,0
13.4473,393.0000,0.0000,39.0000,255.0000,6.4109,0.0271,0.1553,0.1483,0.0132,1,0,0,0,0,0,1,0
13.4662,393.0000,0.0000,39.0000,255.0000,6.2867,0.0459,0.1528,0.1341,0.0262,1,0,0,0,0,0,1,0
13.4829,393.0000,0.0000,39.0000,255.0000,6.1701,0.0636,0.1508,0.1200,0.0410,1,0,0,0,0,0,1,0
13.5038,393.0000,0.0000,39.0000,255.0000,6.1316,0.0695,0.1499,0.1145,0.0523,1,0,0,0,0,0,1,0
13.5258,393.0000,0.0000,39.0000,255.0000,6.1486,0.0669,0.1512,0.1198,0.0580,1,0,0,0,0,0,1,0
13.5459,393.0000,0.0000,39.0000,255.0000,6.1191,0.0714,0.1510,0.1189,0.0632,1,0,0,0,0,0,1,0
13.5658,393.0000,0.0000,39.0000,255.0000,6.1019,0.0740,0.1510,0.1176,0.0674,1,0,0,0,0,0,1,0
13.5834,393.0000,0.0000,39.0000,255.0000,6.0759,0.0779,0.1507,0.1157,0.0715,1,0,0,0,0,0,1,0
13.6037,393.0000,0.0000,39.0000,254.9400,6.1076,0.0731,0.1503,0.1163,0.0720,1,0,0,0,0,0,1,0
13.6198,393.0000,0.0000,39.0000,253.0000,6.0441,0.0828,0.1506,0.1172,0.0762,1,0,0,0,0,0,1,0
13.6424,393.0000,0.0000,38.0000,255.0000,5.9997,0.0895,0.1495,0.1065,0.0814,1,0,0,0,0,0,1,0
13.6638,393.0000,0.0000,38.0000,255.0000,5.9970,0.0899,0.1496,0.1040,0.0847,1,0,0,0,0,0,1,0
13.6824,393.0000,0.0000,38.0000,255.0000,5.9470,0.0975,0.1491,0.1011,0.0897,1,0,0,0,0,0,1,0
13.6999,393.0000,0.0000,38.0000,255.0000,5.9005,0.1046,0.1485,0.0961,0.0955,1,0,0,0,0,0,1,0
13.7198,393.0000,0.0000,38.0000,255.0000,5.8894,0.1062,0.1484,0.0936,0.0997,1,0,0,0,0,0,1,0
13.7362,393.0000,0.0000,38.0000,255.0000,5.8850,0.1069,0.1484,0.0940,0.1025,1,0,0,0,0,0,1,0
13.7531,393.0000,0.0000,38.0000,255.0000,5.9167,0.1021,0.1490,0.0981,0.1022,1,0,0,0,0,0,1,0
13.8437,393.0000,0.0000,37.0000,255.0000,5.9380,0.0989,0.1493,0.0929,0.1007,1,0,0,0,0,0,1,0
13.8630,393.0000,0.0000,37.0000,255.0000,5.9283,0.1003,0.1490,0.0927,0.1005,1,0,0,0,0,0,1,0
13.8806,393.0000,0.0000,37.0000,255.0000,5.9401,0.0985,0.1492,0.0927,0.0996,1,0,0,0,0,0,1,0
13.9021,393.0000,0.0000,37.0000,255.0000,5.9386,0.0988,0.1491,0.0924,0.0991,1,0,0,0,0,0,1,0
13.9197,393.0000,0.0000,37.0000,255.0000,5.9684,0.0943,0.1493,0.0935,0.0971,1,0,0,0,0,0,1,0
13.9400,393.0000,0.0000,37.0000,255.0000,6.0270,0.0854,0.1490,0.0958,0.0923,1,0,0,0,0,0,1,0
13.9606,393.0000,0.0000,37.0000,255.0000,5.9653,0.0947,0.1492,0.0920,0.0931,1,0,0,0,0,0,1,0
13.9799,393.0000,0.0000,37.0000,255.0000,5.9722,0.0937,0.1494,0.0933,0.0932,1,0,0,0,0,0,1,0
13.9999,393.0000,0.0000,37.0000,255.0000,5.9571,0.0960,0.1491,0.0941,0.0942,1,0,0,0,0,0,1,0
14.0203,393.0000,0.0000,37.0000,255.0000,5.9412,0.0984,0.1488,0.0955,0.0958,1,0,0,0,0,0,1,0
14.0399,393.0000,0.0000,36.0000,255.0000,5.9514,0.0968,0.1490,0.0976,0.0961,1,0,0,0,0,0,1,0
14.0637,393.0000,0.0000,36.0000,255.0000,5.9154,0.1023,0.1489,0.0923,0.0984,1,0,0,0,0,0,1,0
14.0824,393.0000,0.0000,36.0000,255.0000,5.9430,0.0981,0.1492,0.0921,0.0982,1,0,0,0,0,0,1,0
14.0996,393.0000,0.0000,36.0000,255.0000,5.9230,0.1011,0.1492,0.0913,0.0992,1,0,0,0,0,0,1,0
14.1194,393.0000,0.0000,36.0000,255.0000,5.8918,0.1059,0.1486,0.0905,0.1018,1,0,0,0,0,0,1,0
14.1366,393.0000,0.0000,36.0000,250.0000,5.8608,0.1106,0.1486,0.0910,0.1052,1,0,0,0,0,0,1,0
14.1527,393.0000,0.0000,36.0000,251.0000,5.8622,0.1104,0.1484,0.0905,0.1071,1,0,0,0,0,0,1,0
14.1762,393.0000,0.0000,36.0000,255.0000,5.8886,0.1064,0.1486,0.0925,0.1067,1,0,0,0,0,0,1,0
14.1954,393.0000,0.0000,36.0000,255.0000,5.8799,0.1077,0.1484,0.0926,0.1070,1,0,0,0,0,0,1,0
14.2132,393.0000,0.0000,36.0000,255.0000,5.8652,0.1099,0.1484,0.0922,0.1080,1,0,0,0,0,0,1,0
14.2332,393.0000,0.0000,35.0000,255.0000,5.8871,0.1066,0.1486,0.0945,0.1073,1,0,0,0,0,0,1,0
14.2531,393.0000,0.0000,35.0000,255.0000,5.9000,0.1046,0.1487,0.0942,0.1061,1,0,0,0,0,0,1,0
14.3441,393.0000,0.0000,35.0000,255.0000,5.9025,0.1042,0.1478,0.0913,0.1053,1,0,0,0,0,0,1,0
14.3639,393.0000,0.0000,35.0000,255.0000,5.9291,0.1002,0.1482,0.0919,0.1031,1,0,0,0,0,0,1,0
14.3840,393.0000,0.0000,35.0000,255.0000,5.9337,0.0995,0.1483,0.0913,0.1016,1,0,0,0,0,0,1,0
14.4034,393.0000,0.0000,35.0000,255.0000,5.9338,0.0995,0.1483,0.0911,0.1006,1,0,0,0,0,0,1,0
14.4204,393.0000,0.0000,35.0000,255.0000,5.9400,0.0986,0.1482,0.0918,0.0997,1,0,0,0,0,0,1,0
14.4367,393.0000,0.0000,34.0000,255.0000,5.9134,0.1026,0.1478,0.0913,0.1007,1,0,0,0,0,0,1,0
14.4591,393.0000,0.0000,34.0000,255.0000,5.9306,0.1000,0.1477,0.0914,0.1003,1,0,0,0,0,0,1,0
14.4802,393.0000,0.0000,34.0000,255.0000,5.9589,0.0957,0.1476,0.0922,0.0983,1,0,0,0,0,0,1,0
14.4995,393.0000,0.0000,34.0000,255.0000,5.9695,0.0941,0.1476,0.0920,0.0965,1,0,0,0,0,0,1,0
14.5161,393.0000,0.0000,34.0000,255.0000,5.9633,0.0950,0.1474,0.0905,0.0958,1,0,0,0,0,0,1,0
14.5334,393.0000,0.0000,34.0000,255.0000,5.9761,0.0931,0.1471,0.0910,0.0946,1,0,0,0,0,0,1,0
14.5503,393.0000,0.0000,34.0000,255.0000,5.9716,0.0938,0.1469,0.0909,0.0941,1,0,0,0,0,0,1,0
14.5698,393.0000,0.0000,34.0000,255.0000,5.9828,0.0921,0.1470,0.0918,0.0932,1,0,0,0,0,0,1,0
14.5896,393.0000,0.0000,34.0000,255.0000,5.9931,0.0905,0.1471,0.0929,0.0920,1,0,0,0,0,0,1,0
14.6091,393.0000,0.0000,34.0000,255.0000,5.9933,0.0905,0.1467,0.0932,0.0913,1,0,0,0,0,0,1,0
14.6314,393.0000,0.0000,33.0000,255.0000,5.9958,0.0901,0.1466,0.0916,0.0907,1,0,0,0,0,0,1,0
14.6502,393.0000,0.0000,33.0000,255.0000,6.0023,0.0891,0.1469,0.0924,0.0899,1,0,0,0,0,0,1,0
14.6705,393.0000,0.0000,33.0000,255.0000,6.0084,0.0882,0.1464,0.0916,0.0891,1,0,0,0,0,0,1,0
14.6955,393.0000,0.0000,33.0000,255.0000,6.0412,0.0832,0.1465,0.0910,0.0866,1,0,0,0,0,0,1,0
14.7187,393.0000,0.0000,33.0000,255.0000,6.0411,0.0832,0.1464,0.0916,0.0851,1,0,0,0,0,0,1,0
14.7399,393.0000,0.0000,33.0000,255.0000,6.0387,0.0836,0.1463,0.0913,0.0844,1,0,0,0,0,0,1,0
14.7617,393.0000,0.0000,33.0000,255.0000,6.0399,0.0834,0.1461,0.0901,0.0839,1,0,0,0,0,0,1,0
14.8647,393.0000,0.0000,32.0000,255.0000,6.0597,0.0804,0.1458,0.0927,0.0824,1,0,0,0,0,0,1,0
14.8840,393.0000,0.0000,32.0000,255.0000,6.0567,0.0808,0.1460,0.0930,0.0816,1,0,0,0,0,0,1,0
14.9035,393.0000,0.0000,32.0000,255.0000,6.0475,0.0822,0.1460,0.0916,0.0818,1,0,0,0,0,0,1,0
14.9211,393.0000,0.0000,32.0000,255.0000,6.0440,0.0828,0.1460,0.0925,0.0820,1,0,0,0,0,0,1,0
14.9428,393.0000,0.0000,32.0000,255.0000,6.0626,0.0800,0.1460,0.0925,0.0811,1,0,0,0,0,0,1,0
14.9625,393.0000,0.0000,32.0000,255.0000,6.0384,0.0836,0.1459,0.0918,0.0820,1,0,0,0,0,0,1,0
14.9835,393.0000,0.0000,32.0000,255.0000,6.0208,0.0863,0.1460,0.0934,0.0836,1,0,0,0,0,0,1,0
15.0025,393.0000,0.0000,32.0000,255.0000,6.0266,0.0854,0.1456,0.0934,0.0842,1,0,0,0,0,0,1,0
15.0192,393.0000,0.0000,32.0000,255.0000,6.0381,0.0837,0.1458,0.0936,0.0839,1,0,0,0,0,0,1,0
15.0365,393.0000,0.0000,31.0000,255.0000,6.0593,0.0805,0.1459,0.0930,0.0824,1,0,0,0,0,0,1,0
15.0532,393.0000,0.0000,31.0000,255.0000,6.0347,0.0842,0.1460,0.0910,0.0830,1,0,0,0,0,0,1,0
15.0764,393.0000,0.0000,31.0000,255.0000,6.0987,0.0745,0.1452,0.0927,0.0795,1,0,0,0,0,0,1,0
15.0939,393.0000,0.0000,31.0000,255.0000,6.0936,0.0752,0.1449,0.0911,0.0777,1,0,0,0,0,0,1,0
15.1108,393.0000,0.0000,31.0000,255.0000,6.0542,0.0812,0.1453,0.0909,0.0790,1,0,0,0,0,0,1,0
15.1280,393.0000,0.0000,31.0000,255.0000,6.0571,0.0808,0.1448,0.0916,0.0796,1,0,0,0,0,0,1,0
15.1444,393.0000,0.0000,31.0000,255.0000,6.0419,0.0831,0.1448,0.0915,0.0809,1,0,0,0,0,0,1,0
15.1631,393.0000,0.0000,31.0000,255.0000,6.0938,0.0752,0.1443,0.0920,0.0785,1,0,0,0,0,0,1,0
15.1830,393.0000,0.0000,31.0000,255.0000,6.0637,0.0798,0.1451,0.0924,0.0789,1,0,0,0,0,0,1,0
15.2035,393.0000,0.0000,31.0000,255.0000,6.1370,0.0687,0.1446,0.0940,0.0747,1,0,0,0,0,0,1,0
15.2199,393.0000,0.0000,31.0000,255.0000,6.1303,0.0697,0.1453,0.0931,0.0726,1,0,0,0,0,0,1,0
15.2369,393.0000,0.0000,30.0000,255.0000,6.1416,0.0680,0.1455,0.0916,0.0706,1,0,0,0,0,0,1,0
15.2528,393.0000,0.0000,30.0000,255.0000,6.1396,0.0683,0.1453,0.0932,0.0695,1,0,0,0,0,0,1,0
15.2704,393.0000,0.0000,30.0000,254.0000,6.1290,0.0699,0.1450,0.0941,0.0696,1,0,0,0,0,0,1,0
15.3639,393.0000,0.0000,30.0000,255.0000,6.1905,0.0605,0.1452,0.0936,0.0658,1,0,0,0,0,0,1,0
15.3836,393.0000,0.0000,30.0000,255.0000,6.1980,0.0594,0.1452,0.0929,0.0631,1,0,0,0,0,0,1,0
15.4008,393.0000,0.0000,30.0000,255.0000,6.1892,0.0607,0.1452,0.0927,0.0621,1,0,0,0,0,0,1,0
15.4209,393.0000,0.0000,30.0000,255.0000,6.1863,0.0612,0.1449,0.0925,0.0616,1,0,0,0,0,0,1,0
15.4431,393.0000,0.0000,29.0000,255.0000,6.1908,0.0605,0.1450,0.0950,0.0610,1,0,0,0,0,0,1,0
15.4632,393.0000,0.0000,29.0000,255.0000,6.1984,0.0594,0.1448,0.0954,0.0602,1,0,0,0,0,0,1,0
15.4826,393.0000,0.0000,29.0000,255.0000,6.1744,0.0630,0.1445,0.0931,0.0612,1,0,0,0,0,0,1,0
15.4993,393.0000,0.0000,29.0000,255.0000,6.1997,0.0591,0.1439,0.0913,0.0603,1,0,0,0,0,0,1,0
15.5163,393.0000,0.0000,29.0000,255.0000,6.1709,0.0635,0.1444,0.0911,0.0614,1,0,0,0,0,0,1,0
15.5366,393.0000,0.0000,29.0000,255.0000,6.1631,0.0647,0.1442,0.0922,0.0626,1,0,0,0,0,0,1,0
15.5534,393.0000,0.0000,29.0000,255.0000,6.1570,0.0656,0.1441,0.0939,0.0637,1,0,0,0,0,0,1,0
15.5698,393.0000,0.0000,29.0000,255.0000,6.1391,0.0683,0.1440,0.0942,0.0654,1,0,0,0,0,0,1,0
15.5924,393.0000,0.0000,29.0000,255.0000,6.1223,0.0709,0.1438,0.0916,0.0675,1,0,0,0,0,0,1,0
15.6128,393.0000,0.0000,29.0000,255.0000,6.1300,0.0697,0.1439,0.0917,0.0683,1,0,0,0,0,0,1,0
15.6333,393.0000,0.0000,28.0000,255.0000,6.1243,0.0706,0.1440,0.0917,0.0691,1,0,0,0,0,0,1,0
15.6534,393.0000,0.0000,28.0000,255.0000,6.1388,0.0684,0.1438,0.0912,0.0687,1,0,0,0,0,0,1,0
15.6700,393.0000,0.0000,28.0000,255.0000,6.1335,0.0692,0.1438,0.0910,0.0688,1,0,0,0,0,0,1,0
15.6860,393.0000,0.0000,28.0000,255.0000,6.1304,0.0697,0.1437,0.0907,0.0690,1,0,0,0,0,0,1,0
15.7034,393.0000,0.0000,28.0000,255.0000,6.1447,0.0675,0.1438,0.0911,0.0683,1,0,0,0,0,0,1,0
15.7258,393.0000,0.0000,28.0000,255.0000,6.1551,0.0659,0.1440,0.0915,0.0672,1,0,0,0,0,0,1,0
15.7446,393.0000,0.0000,28.0000,255.0000,6.1575,0.0655,0.1441,0.0917,0.0664,1,0,0,0,0,0,1,0
15.7633,393.0000,0.0000,28.0000,255.0000,6.1461,0.0673,0.1441,0.0906,0.0666,1,0,0,0,0,0,1,0
15.7824,393.0000,0.0000,28.0000,255.0000,6.1780,0.0624,0.1443,0.0908,0.0648,1,0,0,0,0,0,1,0
15.8704,393.0000,0.0000,27.0000,255.0000,6.1855,0.0613,0.1442,0.0911,0.0633,1,0,0,0,0,0,1,0
15.8922,393.0000,0.0000,27.0000,255.0000,6.1896,0.0607,0.1439,0.0926,0.0621,1,0,0,0,0,0,1,0
15.9095,393.0000,0.0000,27.0000,255.0000,6.1675,0.0640,0.1437,0.0921,0.0628,1,0,0,0,0,0,1,0
15.9274,393.0000,0.0000,27.0000,255.0000,6.1620,0.0649,0.1436,0.0922,0.0635,1,0,0,0,0,0,1,0
15.9463,393.0000,0.0000,27.0000,255.0000,6.1759,0.0628,0.1435,0.0908,0.0631,1,0,0,0,0,0,1,0
15.9662,393.0000,0.0000,27.0000,255.0000,6.1775,0.0625,0.1438,0.0908,0.0627,1,0,0,0,0,0,1,0
15.9867,393.0000,0.0000,27.0000,255.0000,6.1943,0.0600,0.1440,0.0911,0.0615,1,0,0,0,0,0,1,0
16.0039,393.0000,0.0000,27.0000,255.0000,6.1999,0.0591,0.1440,0.0913,0.0604,1,0,0,0,0,0,1,0
16.0260,393.0000,0.0000,26.0000,255.0000,6.2174,0.0565,0.1442,0.0925,0.0587,1,0,0,0,0,0,1,0
16.0462,393.0000,0.0000,26.0000,255.0000,6.2309,0.0544,0.1435,0.0910,0.0569,1,0,0,0,0,0,1,0
16.0659,393.0000,0.0000,26.0000,255.0000,6.2067,0.0581,0.1439,0.0911,0.0572,1,0,0,0,0,0,1,0
16.0825,393.0000,0.0000,26.0000,255.0000,6.2181,0.0564,0.1438,0.0914,0.0568,1,0,0,0,0,0,1,0
16.1035,393.0000,0.0000,26.0000,255.0000,6.2066,0.0581,0.1437,0.0925,0.0572,1,0,0,0,0,0,1,0
16.1199,393.0000,0.0000,26.0000,254.0000,6.2071,0.0580,0.1438,0.0922,0.0574,1,0,0,0,0,0,1,0
16.1426,393.0000,0.0000,26.0000,255.0000,6.2237,0.0555,0.1441,0.0931,0.0565,1,0,0,0,0,0,1,0
16.1626,393.0000,0.0000,26.0000,255.0000,6.2619,0.0497,0.1447,0.0943,0.0537,1,0,0,0,0,0,1,0
16.1824,393.0000,0.0000,26.0000,255.0000,6.2508,0.0514,0.1445,0.0937,0.0526,1,0,0,0,0,0,1,0
16.2024,393.0000,0.0000,26.0000,255.0000,6.2175,0.0564,0.1443,0.0936,0.0540,1,0,0,0,0,0,1,0
16.2204,393.0000,0.0000,26.0000,255.0000,6.2069,0.0581,0.1445,0.0922,0.0555,1,0,0,0,0,0,1,0
16.2438,393.0000,0.0000,25.0000,255.0000,6.1709,0.0635,0.1443,0.0909,0.0586,1,0,0,0,0,0,1,0
16.2618,393.0000,0.0000,25.0000,255.0000,6.2099,0.0576,0.1446,0.0921,0.0581,1,0,0,0,0,0,1,0
16.2793,393.0000,0.0000,25.0000,255.0000,6.2097,0.0576,0.1449,0.0924,0.0578,1,0,0,0,0,0,1,0
16.2993,393.0000,0.0000,25.0000,255.0000,6.1924,0.0602,0.1451,0.0917,0.0586,1,0,0,0,0,0,1,0
16.3940,393.0000,0.0000,25.0000,255.0000,6.1356,0.0689,0.1450,0.0946,0.0626,1,0,0,0,0,0,1,0
16.4135,393.0000,0.0000,25.0000,255.0000,6.1656,0.0643,0.1452,0.0949,0.0632,1,0,0,0,0,0,1,0
16.4333,393.0000,0.0000,24.0000,255.0000,6.1559,0.0658,0.1454,0.0916,0.0641,1,0,0,0,0,0,1,0
16.4533,393.0000,0.0000,24.0000,255.0000,6.1701,0.0636,0.1456,0.0913,0.0638,1,0,0,0,0,0,1,0
16.4695,393.0000,0.0000,24.0000,255.0000,6.1751,0.0629,0.1458,0.0911,0.0633,1,0,0,0,0,0,1,0
16.4867,393.0000,0.0000,24.0000,255.0000,6.1686,0.0639,0.1455,0.0912,0.0634,1,0,0,0,0,0,1,0
16.5028,393.0000,0.0000,24.0000,255.0000,6.1532,0.0662,0.1458,0.0925,0.0644,1,0,0,0,0,0,1,0
16.5259,393.0000,0.0000,24.0000,255.0000,6.1275,0.0701,0.1456,0.0929,0.0666,1,0,0,0,0,0,1,0
16.5446,393.0000,0.0000,24.0000,255.0000,6.1501,0.0667,0.1459,0.0925,0.0665,1,0,0,0,0,0,1,0
16.5626,393.0000,0.0000,24.0000,255.0000,6.1784,0.0624,0.1461,0.0920,0.0647,1,0,0,0,0,0,1,0
16.5824,393.0000,0.0000,24.0000,255.0000,6.1931,0.0602,0.1462,0.0922,0.0628,1,0,0,0,0,0,1,0
16.5994,393.0000,0.0000,24.0000,255.0000,6.1957,0.0598,0.1465,0.0920,0.0614,1,0,0,0,0,0,1,0
16.6160,393.0000,0.0000,24.0000,255.0000,6.1481,0.0670,0.1460,0.0901,0.0635,1,0,0,0,0,0,1,0
16.6336,393.0000,0.0000,23.0000,254.0000,6.1344,0.0691,0.1461,0.0903,0.0656,1,0,0,0,0,0,1,0
16.6536,393.0000,0.0000,23.0000,255.0000,6.1405,0.0681,0.1462,0.0919,0.0665,1,0,0,0,0,0,1,0
16.6758,393.0000,0.0000,23.0000,255.0000,6.1553,0.0659,0.1465,0.0914,0.0661,1,0,0,0,0,0,1,0
16.6949,393.0000,0.0000,23.0000,255.0000,6.1965,0.0596,0.1460,0.0916,0.0634,1,0,0,0,0,0,1,0
16.7116,393.0000,0.0000,23.0000,255.0000,6.1478,0.0670,0.1465,0.0915,0.0647,1,0,0,0,0,0,1,0
16.7292,393.0000,0.0000,23.0000,255.0000,6.1957,0.0598,0.1466,0.0916,0.0626,1,0,0,0,0,0,1,0
16.7499,393.0000,0.0000,23.0000,255.0000,6.1832,0.0617,0.1469,0.0915,0.0621,1,0,0,0,0,0,1,0
16.7697,393.0000,0.0000,23.0000,255.0000,6.1660,0.0643,0.1470,0.0931,0.0628,1,0,0,0,0,0,1,0
16.7864,393.0000,0.0000,23.0000,255.0000,6.1416,0.0680,0.1471,0.0920,0.0648,1,0,0,0,0,0,1,0
16.8034,393.0000,0.0000,23.0000,255.0000,6.1314,0.0695,0.1469,0.0911,0.0665,1,0,0,0,0,0,1,0
16.8959,393.0000,0.0000,22.0000,255.0000,6.1843,0.0615,0.1473,0.0924,0.0644,1,0,0,0,0,0,1,0
16.9161,393.0000,0.0000,22.0000,255.0000,6.1853,0.0613,0.1469,0.0920,0.0630,1,0,0,0,0,0,1,0
16.9335,393.0000,0.0000,22.0000,255.0000,6.1656,0.0643,0.1466,0.0918,0.0634,1,0,0,0,0,0,1,0
16.9532,393.0000,0.0000,22.0000,255.0000,6.1755,0.0628,0.1460,0.0925,0.0631,1,0,0,0,0,0,1,0
16.9698,393.0000,0.0000,22.0000,255.0000,6.1627,0.0648,0.1464,0.0907,0.0636,1,0,0,0,0,0,1,0
16.9921,393.0000,0.0000,22.0000,255.0000,6.1878,0.0610,0.1468,0.0930,0.0624,1,0,0,0,0,0,1,0
17.0115,393.0000,0.0000,22.0000,255.0000,6.1722,0.0633,0.1468,0.0919,0.0627,1,0,0,0,0,0,1,0
17.0293,393.0000,0.0000,21.0000,255.0000,6.1632,0.0647,0.1467,0.0913,0.0633,1,0,0,0,0,0,1,0
17.0492,393.0000,0.0000,21.0000,255.0000,6.1507,0.0666,0.1466,0.0914,0.0645,1,0,0,0,0,0,1,0
17.0659,393.0000,0.0000,21.0000,255.0000,6.1538,0.0661,0.1466,0.0931,0.0650,1,0,0,0,0,0,1,0
17.0869,393.0000,0.0000,21.0000,255.0000,6.1706,0.0636,0.1467,0.0930,0.0643,1,0,0,0,0,0,1,0
17.1087,393.0000,0.0000,21.0000,255.0000,6.1826,0.0617,0.1469,0.0906,0.0632,1,0,0,0,0,0,1,0
17.1285,393.0000,0.0000,21.0000,255.0000,6.1894,0.0607,0.1469,0.0919,0.0621,1,0,0,0,0,0,1,0
17.1500,393.0000,0.0000,21.0000,255.0000,6.1872,0.0610,0.1469,0.0927,0.0615,1,0,0,0,0,0,1,0
17.1698,393.0000,0.0000,21.0000,255.0000,6.1730,0.0632,0.1468,0.0922,0.0621,1,0,0,0,0,0,1,0
17.1858,393.0000,0.0000,21.0000,255.0000,6.1517,0.0664,0.1463,0.0910,0.0637,1,0,0,0,0,0,1,0
17.2024,393.0000,0.0000,21.0000,255.0000,6.1721,0.0633,0.1465,0.0913,0.0634,1,0,0,0,0,0,1,0
17.2255,393.0000,0.0000,20.0000,255.0000,6.1740,0.0630,0.1465,0.0922,0.0632,1,0,0,0,0,0,1,0
17.2465,393.0000,0.0000,20.0000,255.0000,6.1718,0.0634,0.1464,0.0931,0.0631,1,0,0,0,0,0,1,0
17.2658,393.0000,0.0000,20.0000,255.0000,6.2166,0.0566,0.1461,0.0930,0.0604,1,0,0,0,0,0,1,0
17.2825,393.0000,0.0000,20.0000,255.0000,6.1935,0.0601,0.1465,0.0926,0.0601,1,0,0,0,0,0,1,0
17.2993,393.0000,0.0000,20.0000,255.0000,6.1920,0.0603,0.1464,0.0914,0.0601,1,0,0,0,0,0,1,0
17.3160,393.0000,0.0000,20.0000,255.0000,6.1775,0.0625,0.1465,0.0913,0.0609,1,0,0,0,0,0,1,0
17.4100,393.0000,0.0000,20.0000,255.0000,6.1755,0.0628,0.1475,0.0917,0.0616,1,0,0,0,0,0,1,0
17.4297,393.0000,0.0000,19.0000,255.0000,6.1796,0.0622,0.1475,0.0952,0.0617,1,0,0,0,0,0,1,0
17.4497,393.0000,0.0000,19.0000,255.0000,6.1827,0.0617,0.1475,0.0954,0.0616,1,0,0,0,0,0,1,0
17.4697,393.0000,0.0000,19.0000,255.0000,6.1913,0.0604,0.1469,0.0931,0.0610,1,0,0,0,0,0,1,0
17.4858,393.0000,0.0000,19.0000,254.0000,6.1592,0.0653,0.1471,0.0932,0.0626,1,0,0,0,0,0,1,0
17.5087,393.0000,0.0000,19.0000,255.0000,6.1626,0.0648,0.1472,0.0912,0.0633,1,0,0,0,0,0,1,0
17.5303,393.0000,0.0000,19.0000,255.0000,6.1994,0.0592,0.1474,0.0919,0.0616,1,0,0,0,0,0,1,0
17.5515,393.0000,0.0000,19.0000,255.0000,6.2079,0.0579,0.1473,0.0935,0.0600,1,0,0,0,0,0,1,0
17.5708,393.0000,0.0000,19.0000,255.0000,6.2035,0.0586,0.1472,0.0932,0.0593,1,0,0,0,0,0,1,0
17.5926,393.0000,0.0000,19.0000,255.0000,6.1830,0.0617,0.1470,0.0935,0.0601,1,0,0,0,0,0,1,0
17.6135,393.0000,0.0000,19.0000,255.0000,6.1554,0.0659,0.1469,0.0916,0.0623,1,0,0,0,0,0,1,0
17.6330,393.0000,0.0000,18.0000,255.0000,6.1733,0.0631,0.1471,0.0920,0.0625,1,0,0,0,0,0,1,0
17.6532,393.0000,0.0000,18.0000,255.0000,6.1799,0.0622,0.1474,0.0919,0.0622,1,0,0,0,0,0,1,0
17.6692,393.0000,0.0000,18.0000,255.0000,6.1796,0.0622,0.1474,0.0915,0.0621,1,0,0,0,0,0,1,0
17.6861,393.0000,0.0000,18.0000,255.0000,6.2010,0.0590,0.1475,0.0941,0.0607,1,0,0,0,0,0,1,0
17.7028,393.0000,0.0000,18.0000,255.0000,6.1872,0.0610,0.1475,0.0951,0.0607,1,0,0,0,0,0,1,0
17.7257,393.0000,0.0000,18.0000,255.0000,6.1923,0.0603,0.1479,0.0959,0.0604,1,0,0,0,0,0,1,0
17.7467,393.0000,0.0000,18.0000,255.0000,6.1365,0.0687,0.1473,0.0921,0.0636,1,0,0,0,0,0,1,0
17.7659,393.0000,0.0000,18.0000,255.0000,6.1386,0.0684,0.1471,0.0931,0.0654,1,0,0,0,0,0,1,0
17.7824,393.0000,0.0000,18.0000,255.0000,6.1902,0.0606,0.1469,0.0932,0.0634,1,0,0,0,0,0,1,0
17.7990,393.0000,0.0000,18.0000,255.0000,6.1938,0.0600,0.1471,0.0923,0.0619,1,0,0,0,0,0,1,0
17.8198,393.0000,0.0000,18.0000,255.0000,6.1537,0.0661,0.1475,0.0927,0.0635,1,0,0,0,0,0,1,0
17.9097,393.0000,0.0000,17.0000,255.0000,6.1567,0.0657,0.1468,0.0916,0.0642,1,0,0,0,0,0,1,0
17.9284,393.0000,0.0000,17.0000,255.0000,6.1173,0.0717,0.1473,0.0918,0.0671,1,0,0,0,0,0,1,0
17.9509,393.0000,0.0000,17.0000,255.0000,6.1260,0.0703,0.1473,0.0920,0.0683,1,0,0,0,0,0,1,0
17.9702,393.0000,0.0000,17.0000,255.0000,6.1459,0.0673,0.1475,0.0930,0.0678,1,0,0,0,0,0,1,0
17.9919,393.0000,0.0000,17.0000,255.0000,6.1172,0.0717,0.1473,0.0919,0.0692,1,0,0,0,0,0,1,0
18.0125,393.0000,0.0000,17.0000,255.0000,6.1116,0.0725,0.1471,0.0916,0.0704,1,0,0,0,0,0,1,0
18.0324,393.0000,0.0000,16.0000,255.0000,6.1203,0.0712,0.1472,0.0908,0.0706,1,0,0,0,0,0,1,0
18.0497,393.0000,0.0000,16.0000,255.0000,6.1278,0.0701,0.1474,0.0912,0.0703,1,0,0,0,0,0,1,0
18.0699,393.0000,0.0000,16.0000,255.0000,6.1296,0.0698,0.1473,0.0914,0.0699,1,0,0,0,0,0,1,0
18.0863,393.0000,0.0000,16.0000,255.0000,6.1371,0.0686,0.1471,0.0912,0.0693,1,0,0,0,0,0,1,0
18.1034,393.0000,0.0000,16.0000,255.0000,6.1566,0.0657,0.1476,0.0915,0.0677,1,0,0,0,0,0,1,0
18.1193,393.0000,0.0000,16.0000,255.0000,6.1381,0.0685,0.1474,0.0914,0.0679,1,0,0,0,0,0,1,0
18.1423,393.0000,0.0000,16.0000,255.0000,6.1308,0.0696,0.1473,0.0927,0.0685,1,0,0,0,0,0,1,0
18.1618,393.0000,0.0000,16.0000,255.0000,6.1211,0.0711,0.1474,0.0933,0.0694,1,0,0,0,0,0,1,0
18.1824,393.0000,0.0000,16.0000,255.0000,6.1044,0.0736,0.1473,0.0921,0.0710,1,0,0,0,0,0,1,0
18.1990,393.0000,0.0000,16.0000,255.0000,6.1075,0.0731,0.1475,0.0926,0.0717,1,0,0,0,0,0,1,0
18.2155,393.0000,0.0000,16.0000,255.0000,6.1132,0.0723,0.1476,0.0926,0.0718,1,0,0,0,0,0,1,0
18.2394,393.0000,0.0000,15.0000,255.0000,6.1183,0.0715,0.1476,0.0929,0.0716,1,0,0,0,0,0,1,0
18.2606,393.0000,0.0000,15.0000,255.0000,6.1402,0.0682,0.1478,0.0925,0.0701,1,0,0,0,0,0,1,0
18.2787,393.0000,0.0000,15.0000,255.0000,6.1261,0.0703,0.1477,0.0922,0.0701,1,0,0,0,0,0,1,0
18.2988,393.0000,0.0000,15.0000,255.0000,6.1024,0.0739,0.1477,0.0930,0.0715,1,0,0,0,0,0,1,0
18.3160,393.0000,0.0000,15.0000,255.0000,6.0744,0.0782,0.1473,0.0921,0.0740,1,0,0,0,0,0,1,0
18.3360,393.0000,0.0000,15.0000,255.0000,6.1430,0.0678,0.1469,0.0913,0.0714,1,0,0,0,0,0,1,0
18.4297,393.0000,0.0000,14.0000,255.0000,6.0905,0.0757,0.1475,0.0940,0.0730,1,0,0,0,0,0,1,0
18.4493,393.0000,0.0000,14.0000,255.0000,6.1042,0.0736,0.1476,0.0924,0.0731,1,0,0,0,0,0,1,0
18.4703,393.0000,0.0000,14.0000,255.0000,6.1353,0.0689,0.1477,0.0921,0.0713,1,0,0,0,0,0,1,0
18.4932,393.0000,0.0000,14.0000,255.0000,6.1540,0.0661,0.1477,0.0931,0.0691,1,0,0,0,0,0,1,0
18.5113,393.0000,0.0000,14.0000,255.0000,6.1585,0.0654,0.1477,0.0928,0.0675,1,0,0,0,0,0,1,0
18.5281,393.0000,0.0000,14.0000,255.0000,6.1539,0.0661,0.1475,0.0935,0.0668,1,0,0,0,0,0,1,0
18.5454,393.0000,0.0000,14.0000,255.0000,6.1151,0.0720,0.1470,0.0915,0.0688,1,0,0,0,0,0,1,0
18.5655,393.0000,0.0000,14.0000,255.0000,6.0919,0.0755,0.1469,0.0906,0.0713,1,0,0,0,0,0,1,0
18.5826,393.0000,0.0000,14.0000,255.0000,6.0852,0.0765,0.1469,0.0904,0.0733,1,0,0,0,0,0,1,0
18.5994,393.0000,0.0000,14.0000,255.0000,6.1106,0.0727,0.1461,0.0903,0.0729,1,0,0,0,0,0,1,0
18.6160,393.0000,0.0000,14.0000,255.0000,6.0761,0.0779,0.1463,0.0909,0.0748,1,0,0,0,0,0,1,0
18.6332,393.0000,0.0000,13.0000,255.0000,6.0975,0.0747,0.1466,0.0912,0.0746,1,0,0,0,0,0,1,0
18.6493,393.0000,0.0000,13.0000,255.0000,6.1507,0.0666,0.1468,0.0936,0.0713,1,0,0,0,0,0,1,0
18.6692,393.0000,0.0000,13.0000,255.0000,6.2114,0.0574,0.1473,0.0952,0.0656,1,0,0,0,0,0,1,0
18.6857,393.0000,0.0000,13.0000,255.0000,6.1990,0.0592,0.1468,0.0939,0.0629,1,0,0,0,0,0,1,0
18.7033,393.0000,0.0000,13.0000,255.0000,6.1872,0.0610,0.1467,0.0918,0.0621,1,0,0,0,0,0,1,0
18.7257,393.0000,0.0000,13.0000,255.0000,6.1532,0.0662,0.1462,0.0906,0.0636,1,0,0,0,0,0,1,0
18.7448,393.0000,0.0000,13.0000,255.0000,6.1523,0.0663,0.1464,0.0904,0.0646,1,0,0,0,0,0,1,0
18.7615,393.0000,0.0000,13.0000,255.0000,6.1840,0.0615,0.1466,0.0907,0.0632,1,0,0,0,0,0,1,0
18.7782,393.0000,0.0000,13.0000,255.0000,6.2090,0.0577,0.1466,0.0905,0.0609,1,0,0,0,0,0,1,0
18.7944,393.0000,0.0000,13.0000,255.0000,6.2263,0.0551,0.1465,0.0929,0.0585,1,0,0,0,0,0,1,0
18.8156,393.0000,0.0000,13.0000,255.0000,6.2314,0.0543,0.1464,0.0934,0.0567,1,0,0,0,0,0,1,0
18.8326,393.0000,0.0000,12.0000,255.0000,6.2322,0.0542,0.1462,0.0931,0.0556,1,0,0,0,0,0,1,0
18.8525,393.0000,0.0000,12.0000,255.0000,6.2170,0.0565,0.1457,0.0911,0.0558,1,0,0,0,0,0,1,0
18.9369,393.0000,0.0000,12.0000,255.0000,6.2427,0.0526,0.1462,0.0939,0.0544,1,0,0,0,0,0,1,0
18.9607,393.0000,0.0000,12.0000,255.0000,6.2264,0.0551,0.1462,0.0916,0.0546,1,0,0,0,0,0,1,0
18.9786,393.0000,0.0000,12.0000,255.0000,6.2071,0.0580,0.1462,0.0916,0.0558,1,0,0,0,0,0,1,0
18.9996,393.0000,0.0000,12.0000,255.0000,6.1996,0.0592,0.1461,0.0912,0.0570,1,0,0,0,0,0,1,0
19.0160,393.0000,0.0000,12.0000,255.0000,6.2190,0.0562,0.1460,0.0953,0.0566,1,0,0,0,0,0,1,0
19.0336,393.0000,0.0000,11.0000,255.0000,6.2318,0.0543,0.1462,0.0965,0.0555,1,0,0,0,0,0,1,0
19.0532,393.0000,0.0000,11.0000,255.0000,6.2630,0.0495,0.1456,0.0955,0.0530,1,0,0,0,0,0,1,0
19.0690,393.0000,0.0000,11.0000,255.0000,6.2648,0.0493,0.1457,0.0928,0.0514,1,0,0,0,0,0,1,0
19.0920,393.0000,0.0000,11.0000,255.0000,6.2338,0.0540,0.1459,0.0913,0.0523,1,0,0,0,0,0,1,0
19.1114,393.0000,0.0000,11.0000,255.0000,6.2077,0.0579,0.1454,0.0905,0.0544,1,0,0,0,0,0,1,0
19.1290,393.0000,0.0000,11.0000,253.0000,6.1915,0.0604,0.1451,0.0907,0.0567,1,0,0,0,0,0,1,0
19.1493,393.0000,0.0000,11.0000,255.0000,6.2092,0.0577,0.1450,0.0906,0.0570,1,0,0,0,0,0,1,0
19.1695,393.0000,0.0000,11.0000,255.0000,6.2041,0.0585,0.1452,0.0925,0.0575,1,0,0,0,0,0,1,0
19.1856,393.0000,0.0000,11.0000,255.0000,6.2158,0.0567,0.1454,0.0947,0.0570,1,0,0,0,0,0,1,0
19.2031,393.0000,0.0000,11.0000,255.0000,6.2091,0.0577,0.1447,0.0924,0.0572,1,0,0,0,0,0,1,0
19.2197,393.0000,0.0000,11.0000,255.0000,6.1880,0.0609,0.1448,0.0934,0.0586,1,0,0,0,0,0,1,0
19.2416,393.0000,0.0000,10.0000,255.0000,6.1978,0.0594,0.1457,0.0939,0.0588,1,0,0,0,0,0,1,0
19.2628,393.0000,0.0000,10.0000,255.0000,6.2036,0.0586,0.1457,0.0950,0.0586,1,0,0,0,0,0,1,0
19.2818,393.0000,0.0000,10.0000,255.0000,6.1905,0.0605,0.1453,0.0929,0.0592,1,0,0,0,0,0,1,0
19.2989,393.0000,0.0000,10.0000,255.0000,6.1711,0.0635,0.1451,0.0917,0.0608,1,0,0,0,0,0,1,0
19.3157,393.0000,0.0000,10.0000,255.0000,6.1555,0.0659,0.1449,0.0912,0.0627,1,0,0,0,0,0,1,0
19.3326,393.0000,0.0000,10.0000,255.0000,6.1527,0.0663,0.1447,0.0912,0.0640,1,0,0,0,0,0,1,0
19.3493,393.0000,0.0000,10.0000,255.0000,6.1847,0.0614,0.1451,0.0915,0.0629,1,0,0,0,0,0,1,0
19.3659,393.0000,0.0000,10.0000,255.0000,6.2157,0.0567,0.1453,0.0925,0.0603,1,0,0,0,0,0,1,0
19.4595,393.0000,0.0000,9.0000,255.0000,6.2044,0.0584,0.1449,0.0949,0.0594,1,0,0,0,0,0,1,0
19.4776,393.0000,0.0000,9.0000,255.0000,6.1957,0.0598,0.1447,0.0920,0.0594,1,0,0,0,0,0,1,0
19.4944,393.0000,0.0000,9.0000,255.0000,6.2207,0.0560,0.1444,0.0915,0.0579,1,0,0,0,0,0,1,0
19.5115,393.0000,0.0000,9.0000,255.0000,6.2236,0.0555,0.1445,0.0925,0.0568,1,0,0,0,0,0,1,0
19.5285,393.0000,0.0000,9.0000,255.0000,6.2110,0.0574,0.1446,0.0922,0.0570,1,0,0,0,0,0,1,0
19.5493,393.0000,0.0000,9.0000,255.0000,6.2239,0.0555,0.1446,0.0933,0.0562,1,0,0,0,0,0,1,0
19.5695,393.0000,0.0000,9.0000,255.0000,6.2337,0.0540,0.1444,0.0930,0.0552,1,0,0,0,0,0,1,0
19.5857,393.0000,0.0000,9.0000,255.0000,6.2329,0.0541,0.1442,0.0922,0.0546,1,0,0,0,0,0,1,0
19.6025,393.0000,0.0000,9.0000,255.0000,6.3063,0.0430,0.1435,0.0930,0.0499,1,0,0,0,0,0,1,0
19.6195,393.0000,0.0000,9.0000,255.0000,6.2763,0.0475,0.1439,0.0941,0.0488,1,0,0,0,0,0,1,0
19.6364,393.0000,0.0000,8.0000,255.0000,6.2607,0.0499,0.1440,0.0943,0.0491,1,0,0,0,0,0,1,0
19.6530,393.0000,0.0000,8.0000,255.0000,6.2569,0.0505,0.1441,0.0933,0.0495,1,0,0,0,0,0,1,0
19.6762,393.0000,0.0000,8.0000,255.0000,6.2180,0.0564,0.1439,0.0926,0.0521,1,0,0,0,0,0,1,0
19.6958,393.0000,0.0000,8.0000,255.0000,6.2182,0.0563,0.1442,0.0941,0.0537,1,0,0,0,0,0,1,0
19.7160,393.0000,0.0000,8.0000,255.0000,6.2423,0.0527,0.1444,0.0956,0.0532,1,0,0,0,0,0,1,0
19.7358,393.0000,0.0000,8.0000,255.0000,6.2414,0.0528,0.1443,0.0934,0.0529,1,0,0,0,0,0,1,0
19.7532,393.0000,0.0000,8.0000,255.0000,6.2496,0.0516,0.1444,0.0912,0.0522,1,0,0,0,0,0,1,0
19.7695,393.0000,0.0000,8.0000,255.0000,6.3017,0.0437,0.1440,0.0932,0.0487,1,0,0,0,0,0,1,0
19.7930,393.0000,0.0000,8.0000,255.0000,6.2653,0.0492,0.1447,0.0932,0.0488,1,0,0,0,0,0,1,0
19.8115,393.0000,0.0000,8.0000,255.0000,6.2599,0.0500,0.1444,0.0933,0.0491,1,0,0,0,0,0,1,0
19.8328,393.0000,0.0000,7.0000,255.0000,6.2344,0.0539,0.1442,0.0926,0.0509,1,0,0,0,0,0,1,0
19.8527,393.0000,0.0000,7.0000,255.0000,6.2363,0.0536,0.1441,0.0920,0.0519,1,0,0,0,0,0,1,0
19.8697,393.0000,0.0000,7.0000,255.0000,6.2322,0.0542,0.1442,0.0935,0.0527,1,0,0,0,0,0,1,0
19.9597,393.0000,0.0000,7.0000,255.0000,6.2028,0.0587,0.1438,0.0916,0.0550,1,0,0,0,0,0,1,0
19.9787,393.0000,0.0000,7.0000,255.0000,6.1857,0.0613,0.1437,0.0914,0.0574,1,0,0,0,0,0,1,0
19.9991,393.0000,0.0000,7.0000,254.0000,6.1928,0.0602,0.1435,0.0922,0.0584,1,0,0,0,0,0,1,0
20.0207,393.0000,0.0000,7.0000,255.0000,6.2233,0.0556,0.1437,0.0935,0.0571,1,0,0,0,0,0,1,0
20.0369,393.0000,0.0000,6.0000,255.0000,6.2596,0.0501,0.1441,0.0929,0.0542,1,0,0,0,0,0,1,0
20.0586,393.0000,0.0000,6.0000,255.0000,6.2544,0.0508,0.1440,0.0922,0.0527,1,0,0,0,0,0,1,0
20.0779,393.0000,0.0000,6.0000,255.0000,6.2536,0.0510,0.1439,0.0931,0.0519,1,0,0,0,0,0,1,0
20.0961,393.0000,0.0000,6.0000,255.0000,6.2462,0.0521,0.1439,0.0930,0.0518,1,0,0,0,0,0,1,0
20.1163,393.0000,0.0000,6.0000,255.0000,6.2376,0.0534,0.1440,0.0922,0.0523,1,0,0,0,0,0,1,0
20.1361,393.0000,0.0000,6.0000,255.0000,6.2329,0.0541,0.1438,0.0921,0.0529,1,0,0,0,0,0,1,0
20.1522,393.0000,0.0000,6.0000,255.0000,6.2702,0.0485,0.1431,0.0947,0.0510,1,0,0,0,0,0,1,0
20.1771,393.0000,0.0000,6.0000,255.0000,6.2482,0.0518,0.1435,0.0934,0.0512,1,0,0,0,0,0,1,0
20.1961,393.0000,0.0000,6.0000,255.0000,6.2660,0.0491,0.1430,0.0916,0.0502,1,0,0,0,0,0,1,0
20.2186,393.0000,0.0000,6.0000,255.0000,6.2788,0.0471,0.1432,0.0922,0.0489,1,0,0,0,0,0,1,0
20.2362,393.0000,0.0000,5.0000,255.0000,6.2386,0.0532,0.1439,0.0919,0.0505,1,0,0,0,0,0,1,0
20.2534,393.0000,0.0000,5.0000,255.0000,6.2189,0.0562,0.1435,0.0916,0.0527,1,0,0,0,0,0,1,0
20.2762,393.0000,0.0000,5.0000,255.0000,6.2049,0.0584,0.1433,0.0918,0.0548,1,0,0,0,0,0,1,0
20.2948,393.0000,0.0000,5.0000,255.0000,6.2127,0.0572,0.1439,0.0920,0.0556,1,0,0,0,0,0,1,0
20.3121,393.0000,0.0000,5.0000,255.0000,6.2207,0.0560,0.1442,0.0923,0.0556,1,0,0,0,0,0,1,0
20.3321,393.0000,0.0000,5.0000,255.0000,6.1939,0.0600,0.1440,0.0938,0.0573,1,0,0,0,0,0,1,0
20.3495,393.0000,0.0000,5.0000,255.0000,6.1896,0.0607,0.1441,0.0945,0.0585,1,0,0,0,0,0,1,0
20.3704,393.0000,0.0000,5.0000,255.0000,6.1757,0.0628,0.1439,0.0933,0.0601,1,0,0,0,0,0,1,0
20.4630,393.0000,0.0000,4.0000,255.0000,6.1684,0.0639,0.1441,0.0917,0.0615,1,0,0,0,0,0,1,0
20.4826,393.0000,0.0000,4.0000,255.0000,6.1570,0.0656,0.1440,0.0915,0.0630,1,0,0,0,0,0,1,0
20.5034,393.0000,0.0000,4.0000,255.0000,6.1451,0.0674,0.1440,0.0906,0.0647,1,0,0,0,0,0,1,0
20.5290,393.0000,0.0000,4.0000,255.0000,6.1540,0.0661,0.1444,0.0920,0.0651,1,0,0,0,0,0,1,0
20.5499,393.0000,0.0000,4.0000,255.0000,6.1809,0.0620,0.1445,0.0931,0.0637,1,0,0,0,0,0,1,0
20.5664,393.0000,0.0000,4.0000,255.0000,6.1817,0.0619,0.1446,0.0927,0.0629,1,0,0,0,0,0,1,0
20.5863,393.0000,0.0000,4.0000,255.0000,6.1726,0.0633,0.1445,0.0910,0.0629,1,0,0,0,0,0,1,0
20.6027,393.0000,0.0000,4.0000,255.0000,6.1939,0.0600,0.1451,0.0909,0.0616,1,0,0,0,0,0,1,0
20.6259,393.0000,0.0000,3.0000,255.0000,6.2136,0.0570,0.1453,0.0933,0.0597,1,0,0,0,0,0,1,0
20.6462,393.0000,0.0000,3.0000,255.0000,6.2253,0.0553,0.1455,0.0945,0.0578,1,0,0,0,0,0,1,0
20.6660,393.0000,0.0000,3.0000,255.0000,6.2500,0.0515,0.1451,0.0925,0.0552,1,0,0,0,0,0,1,0
20.6858,393.0000,0.0000,3.0000,255.0000,6.2007,0.0590,0.1456,0.0943,0.0566,1,0,0,0,0,0,1,0
20.7029,393.0000,0.0000,3.0000,255.0000,6.1753,0.0628,0.1452,0.0928,0.0590,1,0,0,0,0,0,1,0
20.7197,393.0000,0.0000,3.0000,255.0000,6.1611,0.0650,0.1453,0.0931,0.0613,1,0,0,0,0,0,1,0
20.7362,393.0000,0.0000,3.0000,255.0000,6.1551,0.0659,0.1453,0.0927,0.0630,1,0,0,0,0,0,1,0
20.7584,393.0000,0.0000,3.0000,255.0000,6.1525,0.0663,0.1455,0.0910,0.0642,1,0,0,0,0,0,1,0
20.7789,393.0000,0.0000,3.0000,255.0000,6.1592,0.0653,0.1456,0.0924,0.0645,1,0,0,0,0,0,1,0
20.7998,393.0000,0.0000,3.0000,255.0000,6.1454,0.0674,0.1454,0.0927,0.0655,1,0,0,0,0,0,1,0
20.8193,393.0000,0.0000,3.0000,255.0000,6.1301,0.0697,0.1454,0.0933,0.0671,1,0,0,0,0,0,1,0
20.8363,393.0000,0.0000,2.0000,255.0000,6.1714,0.0634,0.1458,0.0928,0.0655,1,0,0,0,0,0,1,0
20.8523,393.0000,0.0000,2.0000,255.0000,6.1958,0.0597,0.1460,0.0917,0.0631,1,0,0,0,0,0,1,0
20.8762,393.0000,0.0000,2.0000,255.0000,6.2162,0.0566,0.1462,0.0926,0.0604,1,0,0,0,0,0,1,0
20.9624,393.0000,0.0000,2.0000,255.0000,6.1654,0.0644,0.1456,0.0919,0.0618,1,0,0,0,0,0,1,0
20.9824,393.0000,0.0000,2.0000,255.0000,6.1601,0.0652,0.1457,0.0918,0.0630,1,0,0,0,0,0,1,0
20.9995,393.0000,0.0000,2.0000,255.0000,6.2102,0.0576,0.1452,0.0916,0.0607,1,0,0,0,0,0,1,0
21.0168,393.0000,0.0000,2.0000,255.0000,6.1962,0.0597,0.1454,0.0928,0.0602,1,0,0,0,0,0,1,0
21.0360,393.0000,0.0000,1.0000,255.0000,6.1937,0.0601,0.1454,0.0928,0.0600,1,0,0,0,0,0,1,0
21.0527,393.0000,0.0000,1.0000,255.0000,6.1743,0.0630,0.1454,0.0925,0.0611,1,0,0,0,0,0,1,0
21.0693,393.0000,0.0000,1.0000,255.0000,6.1888,0.0608,0.1457,0.0942,0.0609,1,0,0,0,0,0,1,0
21.0923,393.0000,0.0000,1.0000,255.0000,6.1510,0.0665,0.1454,0.0918,0.0630,1,0,0,0,0,0,1,0
21.1094,393.0000,0.0000,1.0000,255.0000,6.1482,0.0670,0.1452,0.0925,0.0645,1,0,0,0,0,0,1,0
21.1257,393.0000,0.0000,1.0000,255.0000,6.1526,0.0663,0.1454,0.0932,0.0651,1,0,0,0,0,0,1,0
21.1455,393.0000,0.0000,1.0000,255.0000,6.2247,0.0554,0.1454,0.0936,0.0611,1,0,0,0,0,0,1,0
21.1663,393.0000,0.0000,1.0000,255.0000,6.2817,0.0467,0.1457,0.0948,0.0552,1,0,0,0,0,0,1,0
21.1893,393.0000,0.0000,1.0000,255.0000,6.2226,0.0557,0.1460,0.0930,0.0553,1,0,0,0,0,0,1,0
21.2112,393.0000,0.0000,1.0000,255.0000,6.2195,0.0561,0.1451,0.0925,0.0555,1,0,0,0,0,0,1,0
21.2298,393.0000,0.0000,0.0000,255.0000,6.1912,0.0604,0.1456,0.0924,0.0573,1,0,0,0,0,0,1,0
21.2489,393.0000,0.0000,0.0000,255.0000,6.2147,0.0569,0.1451,0.0918,0.0570,1,0,0,0,0,0,1,0
21.2658,393.0000,0.0000,0.0000,255.0000,6.2387,0.0532,0.1456,0.0914,0.0554,1,0,0,0,0,0,1,0
21.2861,393.0000,0.0000,0.0000,255.0000,6.2154,0.0568,0.1463,0.0946,0.0558,1,0,0,0,0,0,1,0
21.3028,393.0000,0.0000,0.0000,255.0000,6.1769,0.0626,0.1467,0.0973,0.0584,1,0,0,0,0,0,1,0
21.3201,393.0000,0.0000,0.0000,255.0000,6.1406,0.0681,0.1464,0.0941,0.0622,1,0,0,0,0,0,1,0
21.3421,393.0000,0.0000,0.0000,255.0000,6.1038,0.0737,0.1460,0.0925,0.0667,1,0,0,0,0,0,1,0
21.3623,393.0000,0.0000,0.0000,255.0000,6.0912,0.0756,0.1458,0.0921,0.0701,1,0,0,0,0,0,1,0
21.3828,393.0000,0.0000,0.0000,255.0000,6.0896,0.0759,0.1461,0.0912,0.0723,1,0,0,0,0,0,1,0
21.4767,393.0000,0.0000,0.0000,255.0000,6.1259,0.0704,0.1468,0.0924,0.0714,1,0,0,0,0,0,1,0
21.4938,393.0000,0.0000,0.0000,255.0000,6.1229,0.0708,0.1466,0.0941,0.0710,1,0,0,0,0,0,1,0
21.5111,393.0000,0.0000,0.0000,254.0000,6.0943,0.0751,0.1468,0.0956,0.0726,1,0,0,0,0,0,1,0
21.5287,393.0000,0.0000,0.0000,255.0000,6.0812,0.0771,0.1468,0.0933,0.0743,1,0,0,0,0,0,1,0
21.5463,393.0000,0.0000,0.0000,255.0000,6.0974,0.0747,0.1468,0.0919,0.0743,1,0,0,0,0,0,1,0
21.5659,393.0000,0.0000,0.0000,255.0000,6.1210,0.0711,0.1469,0.0912,0.0729,1,0,0,0,0,0,1,0
21.5855,393.0000,0.0000,0.0000,255.0000,6.1415,0.0680,0.1473,0.0916,0.0708,1,0,0,0,0,0,1,0
21.6027,393.0000,0.0000,0.0000,255.0000,6.1562,0.0658,0.1474,0.0914,0.0687,1,0,0,0,0,0,1,0
21.6198,393.0000,0.0000,0.0000,255.0000,6.1199,0.0713,0.1471,0.0923,0.0696,1,0,0,0,0,0,1,0
21.6429,393.0000,0.0000,0.0000,255.0000,6.1215,0.0710,0.1474,0.0932,0.0700,1,0,0,0,0,0,1,0
21.6622,393.0000,0.0000,0.0000,255.0000,6.1364,0.0688,0.1476,0.0928,0.0694,1,0,0,0,0,0,1,0
21.6819,393.0000,0.0000,0.0000,255.0000,6.1467,0.0672,0.1479,0.0933,0.0684,1,0,0,0,0,0,1,0
21.6997,393.0000,0.0000,0.0000,255.0000,6.1635,0.0646,0.1477,0.0931,0.0668,1,0,0,0,0,0,1,0
21.7193,394.0000,0.0000,0.0000,255.0000,6.1484,0.0669,0.1479,0.0916,0.0667,1,0,0,0,0,0,1,0
21.7352,394.0000,0.0000,0.0000,255.0000,6.2016,0.0589,0.1479,0.0909,0.0634,1,0,0,0,0,0,1,0
21.7519,394.0000,0.0000,0.0000,255.0000,6.1604,0.0651,0.1490,0.0910,0.0640,1,0,0,0,0,0,1,0
21.7765,390.0000,10.0000,0.0000,255.0000,6.1453,0.0674,0.1493,0.0916,0.0652,1,0,0,0,0,0,1,0
21.7959,389.0000,10.0000,0.0000,255.0000,6.1389,0.0684,0.1494,0.0944,0.0664,1,0,0,0,0,0,1,0
21.8160,387.0000,10.0000,0.0000,255.0000,6.1374,0.0686,0.1492,0.0969,0.0671,1,0,0,0,0,0,1,0
21.8326,385.0000,10.0000,0.0000,255.0000,6.1078,0.0731,0.1487,0.0935,0.0694,1,0,0,0,0,0,1,0
21.8526,384.0000,10.0000,0.0000,255.0000,6.0998,0.0743,0.1493,0.0920,0.0712,1,0,0,0,0,0,1,0
21.8690,382.0000,10.0000,0.0000,255.0000,6.1289,0.0699,0.1496,0.0913,0.0706,1,0,0,0,0,0,1,0
21.8858,380.0000,10.0000,0.0000,255.0000,6.1432,0.0677,0.1498,0.0913,0.0693,1,0,0,0,0,0,1,0
21.9775,371.0000,10.0000,0.0000,255.0000,6.0873,0.0762,0.1487,0.0915,0.0719,1,0,0,0,0,0,1,0
21.9958,369.0000,10.0000,0.0000,255.0000,6.1332,0.0692,0.1481,0.0913,0.0707,1,0,0,0,0,0,1,0
22.0159,367.0000,10.0000,0.0000,255.0000,6.0635,0.0798,0.1483,0.0903,0.0743,1,0,0,0,0,0,1,0
22.0369,366.0000,10.0000,0.0000,255.0000,6.0960,0.0749,0.1480,0.0905,0.0744,1,0,0,0,0,0,1,0
22.0593,362.0000,10.0000,0.0000,255.0000,6.0481,0.0822,0.1482,0.0909,0.0774,1,0,0,0,0,0,1,0
22.0782,361.0000,10.0000,0.0000,255.0000,6.0547,0.0811,0.1482,0.0911,0.0788,1,0,0,0,0,0,1,0
22.0988,359.0000,10.0000,0.0000,255.0000,6.0701,0.0788,0.1484,0.0910,0.0787,1,0,0,0,0,0,1,0
22.1190,357.0000,10.0000,0.0000,255.0000,6.0641,0.0797,0.1482,0.0910,0.0790,1,0,0,0,0,0,1,0
22.1356,356.0000,10.0000,0.0000,255.0000,6.0910,0.0756,0.1484,0.0907,0.0775,1,0,0,0,0,0,1,0
22.1523,354.0000,10.0000,0.0000,255.0000,6.1031,0.0738,0.1483,0.0913,0.0759,1,0,0,0,0,0,1,0
22.1691,353.0000,10.0000,0.0000,255.0000,6.1012,0.0741,0.1480,0.0913,0.0751,1,0,0,0,0,0,1,0
22.1853,351.0000,10.0000,1.0000,254.0000,6.0706,0.0787,0.1475,0.0912,0.0764,1,0,0,0,0,0,1,0
22.2028,349.0000,10.0000,1.0000,255.0000,6.0952,0.0750,0.1476,0.0906,0.0757,1,0,0,0,0,0,1,0
22.2191,348.0000,10.0000,1.0000,255.0000,6.1352,0.0689,0.1479,0.0920,0.0729,1,0,0,0,0,0,1,0
22.2429,344.0000,10.0000,1.0000,255.0000,6.1541,0.0661,0.1480,0.0934,0.0700,1,0,0,0,0,0,1,0
22.2618,343.0000,10.0000,1.0000,255.0000,6.1638,0.0646,0.1479,0.0919,0.0677,1,0,0,0,0,0,1,0
22.2793,341.0000,10.0000,1.0000,255.0000,6.1572,0.0656,0.1476,0.0912,0.0668,1,0,0,0,0,0,1,0
22.2988,339.0000,10.0000,1.0000,255.0000,6.1909,0.0605,0.1481,0.0923,0.0641,1,0,0,0,0,0,1,0
22.3160,338.0000,10.0000,1.0000,255.0000,6.1913,0.0604,0.1480,0.0942,0.0625,1,0,0,0,0,0,1,0
22.3366,336.0000,10.0000,1.0000,255.0000,6.1824,0.0618,0.1476,0.0931,0.0621,1,0,0,0,0,0,1,0
22.3597,333.0000,10.0000,1.0000,255.0000,6.1845,0.0614,0.1477,0.0904,0.0617,1,0,0,0,0,0,1,0
22.3790,331.0000,10.0000,1.0000,255.0000,6.1758,0.0628,0.1476,0.0900,0.0620,1,0,0,0,0,0,1,0
22.3994,330.0000,10.0000,1.0000,255.0000,6.1890,0.0608,0.1477,0.0907,0.0614,1,0,0,0,0,0,1,0
22.4935,320.0000,10.0000,2.0000,251.0000,6.2090,0.0577,0.1482,0.0920,0.0598,1,0,0,0,0,0,1,0
22.5124,318.0000,10.0000,2.0000,253.0000,6.2343,0.0539,0.1491,0.0927,0.0573,1,0,0,0,0,0,1,0
22.5330,316.0000,10.0000,2.0000,254.0000,6.2620,0.0497,0.1491,0.0920,0.0541,1,0,0,0,0,0,1,0
22.5499,315.0000,10.0000,2.0000,251.9400,6.2493,0.0516,0.1489,0.0930,0.0530,1,0,0,0,0,0,1,0
22.5695,313.0000,10.0000,2.0000,249.9400,6.2772,0.0474,0.1487,0.0937,0.0506,1,0,0,0,0,0,1,0
22.5853,312.0000,10.0000,2.0000,245.0000,6.2440,0.0524,0.1493,0.0953,0.0512,1,0,0,0,0,0,1,0
22.6089,308.0000,10.0000,2.0000,244.0000,6.2743,0.0478,0.1504,0.0982,0.0497,1,0,0,0,0,0,1,0
22.6323,307.0000,10.0000,2.0000,242.0000,6.2680,0.0488,0.1509,0.0986,0.0492,1,0,0,0,0,0,1,0
22.6536,305.0000,10.0000,2.0000,243.0000,6.2759,0.0476,0.1508,0.0976,0.0484,1,0,0,0,0,0,1,0
22.6773,302.0000,10.0000,2.0000,244.0000,6.2996,0.0440,0.1515,0.0984,0.0465,1,0,0,0,0,0,1,0
22.6968,300.0000,10.0000,2.0000,245.0000,6.3286,0.0396,0.1519,0.0980,0.0436,1,0,0,0,0,0,1,0
22.7206,298.0000,10.0000,3.0000,249.0000,6.3408,0.0377,0.1522,0.0992,0.0411,1,0,0,0,0,0,1,0
22.7472,295.0000,10.0000,3.0000,243.0000,6.3054,0.0431,0.1529,0.1007,0.0418,1,0,0,0,0,0,1,0
22.7669,294.0000,10.0000,3.0000,236.9400,6.3104,0.0423,0.1523,0.1004,0.0419,1,0,0,0,0,0,1,0
22.7910,292.0000,10.0000,3.0000,243.0000,6.3039,0.0433,0.1533,0.1011,0.0423,1,0,0,0,0,0,1,0
22.8139,289.0000,10.0000,3.0000,246.0000,6.3398,0.0379,0.1546,0.1032,0.0404,1,0,0,0,0,0,1,0
22.8375,287.0000,10.0000,3.0000,244.0000,6.3210,0.0407,0.1548,0.1034,0.0404,1,0,0,0,0,0,1,0
22.8622,284.0000,10.0000,3.0000,241.9400,6.3272,0.0398,0.1561,0.1059,0.0401,1,0,0,0,0,0,1,0
22.8824,282.0000,10.0000,3.0000,241.0000,6.3197,0.0409,0.1563,0.1052,0.0403,1,0,0,0,0,0,1,0
22.9022,280.0000,10.0000,3.0000,238.0000,6.3388,0.0380,0.1575,0.1058,0.0393,1,0,0,0,0,0,1,0
22.9938,271.0000,10.0000,4.0000,232.0000,6.3500,0.0363,0.1597,0.1061,0.0380,1,0,0,0,0,0,1,0
23.0133,269.0000,10.0000,4.0000,235.0000,6.3809,0.0316,0.1604,0.1072,0.0353,1,0,0,0,0,0,1,0
23.0333,267.0000,1.0000,4.0000,231.9400,6.3873,0.0307,0.1605,0.1079,0.0333,1,0,0,0,0,0,1,0
23.0557,266.0000,nan,4.0000,229.0000,6.3963,0.0293,0.1610,0.1083,0.0316,1,0,0,0,0,0,1,0
23.0767,262.0000,10.0000,4.0000,224.0000,6.4024,0.0284,0.1612,0.1101,0.0302,1,0,0,0,0,0,1,0
23.0963,261.0000,10.0000,4.0000,228.0000,6.4063,0.0278,0.1623,0.1125,0.0291,1,0,0,0,0,0,1,0
23.1159,259.0000,10.0000,4.0000,232.0000,6.4227,0.0253,0.1627,0.1141,0.0275,1,0,0,0,0,0,1,0
23.1358,258.0000,10.0000,nan,229.0000,6.4235,0.0252,0.1631,0.1135,0.0264,1,0,0,0,0,0,1,0
23.1525,256.0000,10.0000,nan,227.0000,6.4477,0.0215,0.1628,0.1131,0.0243,1,0,0,0,0,0,1,0
23.1687,254.0000,10.0000,496.0000,222.9400,6.4325,0.0238,0.1628,0.1116,0.0240,1,0,0,0,0,0,1,0
23.1856,253.0000,10.0000,496.0000,224.0000,6.4216,0.0255,0.1630,0.1121,0.0245,1,0,0,0,0,0,1,0
23.2021,251.0000,nan,496.0000,218.0000,6.3693,0.0334,0.1635,0.1125,0.0279,1,0,0,0,0,0,1,0
23.2185,249.0000,1.0000,496.0000,218.9400,6.4434,0.0222,0.1639,0.1139,0.0255,1,0,0,0,0,0,1,0
23.2357,248.0000,1.0000,nan,218.0000,6.4292,0.0243,0.1645,0.1138,0.0249,1,0,0,0,0,0,1,0
23.2595,244.0000,10.0000,nan,215.9400,6.4197,0.0258,0.1656,0.1154,0.0251,1,0,0,0,0,0,1,0
23.2786,243.0000,nan,596.0000,214.0000,6.4271,0.0246,0.1657,0.1157,0.0248,1,0,0,0,0,0,1,0
23.2990,241.0000,nan,596.0000,207.9400,6.4056,0.0279,0.1656,0.1149,0.0259,1,0,0,0,0,0,1,0
23.3195,239.0000,nan,576.0000,211.0000,6.3995,0.0288,0.1661,0.1154,0.0270,1,0,0,0,0,0,1,0
23.3357,238.0000,nan,596.0000,214.0000,6.4349,0.0234,0.1668,0.1163,0.0254,1,0,0,0,0,0,1,0
23.3521,236.0000,nan,596.0000,216.0000,6.4651,0.0189,0.1676,0.1182,0.0227,1,0,0,0,0,0,1,0
23.3766,233.0000,nan,596.0000,210.8800,6.4687,0.0183,0.1689,0.1193,0.0208,1,0,0,0,0,0,1,0
23.3952,231.0000,nan,596.0000,206.0000,6.4291,0.0243,0.1690,0.1186,0.0221,1,0,0,0,0,0,1,0
23.4171,230.0000,nan,596.0000,201.0000,6.4056,0.0279,0.1691,0.1185,0.0243,1,0,0,0,0,0,1,0
23.5113,226.0000,nan,676.0000,207.9400,6.4416,0.0224,0.1714,0.1218,0.0234,1,0,0,0,0,0,1,0
23.5323,225.0000,nan,676.0000,205.0000,6.4188,0.0259,0.1714,0.1217,0.0243,1,0,0,0,0,0,1,0
23.5527,225.0000,nan,676.0000,204.0000,6.3986,0.0290,0.1716,0.1220,0.0260,1,0,0,0,0,0,1,0
23.5691,225.0000,nan,676.0000,203.9400,6.3921,0.0299,0.1719,0.1232,0.0275,1,0,0,0,0,0,1,0
23.5928,225.0000,nan,676.0000,205.0000,6.3857,0.0309,0.1719,0.1239,0.0287,1,0,0,0,0,0,1,0
23.6119,225.0000,nan,676.0000,203.9400,6.3614,0.0346,0.1718,0.1236,0.0309,1,0,0,0,0,0,1,0
23.6334,226.0000,nan,676.0000,205.0000,6.3736,0.0328,0.1720,0.1239,0.0315,1,0,0,0,0,0,1,0
23.6527,226.0000,nan,676.0000,211.9400,6.4015,0.0285,0.1725,0.1241,0.0302,1,0,0,0,0,0,1,0
23.6694,226.0000,nan,676.0000,218.0000,6.4421,0.0224,0.1730,0.1241,0.0269,1,0,0,0,0,0,1,0
23.6851,225.0000,nan,676.0000,216.0000,6.4011,0.0286,0.1724,0.1242,0.0275,1,0,0,0,0,0,1,0
23.7101,225.0000,nan,676.0000,212.0000,6.3520,0.0360,0.1714,0.1243,0.0308,1,0,0,0,0,0,1,0
23.7280,225.0000,nan,696.0000,212.0000,6.3255,0.0401,0.1707,0.1222,0.0344,1,0,0,0,0,0,1,0
23.7499,226.0000,nan,626.0000,216.0000,6.3275,0.0398,0.1707,0.1226,0.0364,1,0,0,0,0,0,1,0
23.7689,225.0000,nan,nan,222.9400,6.3474,0.0367,0.1707,0.1223,0.0364,1,0,0,0,0,0,1,0
23.7855,225.0000,0.0000,nan,227.0000,6.3600,0.0348,0.1703,0.1219,0.0356,1,0,0,0,0,0,1,0
23.8023,225.0000,0.0000,7.0000,227.9400,6.3483,0.0366,0.1695,0.1214,0.0359,1,0,0,0,0,0,1,0
23.8188,225.0000,0.0000,7.0000,228.0000,6.3364,0.0384,0.1690,0.1210,0.0368,1,0,0,0,0,0,1,0
23.8360,226.0000,0.0000,7.0000,229.0000,6.3235,0.0404,0.1684,0.1203,0.0381,1,0,0,0,0,0,1,0
23.8528,226.0000,0.0000,7.0000,226.9400,6.2904,0.0454,0.1676,0.1194,0.0409,1,0,0,0,0,0,1,0
23.8766,226.0000,0.0000,7.0000,231.0000,6.2836,0.0464,0.1664,0.1184,0.0430,1,0,0,0,0,0,1,0
23.8962,226.0000,0.0000,7.0000,229.0000,6.2639,0.0494,0.1658,0.1183,0.0454,1,0,0,0,0,0,1,0
23.9166,226.0000,0.0000,7.0000,235.0000,6.2909,0.0453,0.1654,0.1191,0.0452,1,0,0,0,0,0,1,0
23.9361,226.0000,0.0000,7.0000,238.0000,6.3082,0.0427,0.1651,0.1186,0.0441,1,0,0,0,0,0,1,0
24.0303,226.0000,0.0000,7.0000,237.0000,6.2304,0.0545,0.1602,0.1105,0.0481,1,0,0,0,0,0,1,0
24.0495,226.0000,0.0000,8.0000,239.0000,6.2373,0.0534,0.1600,0.1099,0.0501,1,0,0,0,0,0,1,0
24.0710,226.0000,0.0000,8.0000,243.0000,6.2334,0.0540,0.1595,0.1091,0.0516,1,0,0,0,0,0,1,0
24.0929,225.0000,0.0000,8.0000,247.0000,6.2307,0.0544,0.1587,0.1081,0.0526,1,0,0,0,0,0,1,0
24.1116,226.0000,0.0000,8.0000,243.9400,6.1918,0.0603,0.1574,0.1069,0.0556,1,0,0,0,0,0,1,0
24.1325,226.0000,0.0000,8.0000,242.0000,6.1781,0.0624,0.1556,0.1047,0.0582,1,0,0,0,0,0,1,0
24.1499,226.0000,0.0000,8.0000,246.0000,6.1756,0.0628,0.1548,0.1036,0.0599,1,0,0,0,0,0,1,0
24.1696,225.0000,0.0000,8.0000,249.0000,6.1108,0.0726,0.1547,0.1021,0.0649,1,0,0,0,0,0,1,0
24.1933,226.0000,0.0000,8.0000,251.0000,6.1377,0.0685,0.1539,0.0994,0.0662,1,0,0,0,0,0,1,0
24.2121,225.0000,0.0000,8.0000,252.0000,6.1683,0.0639,0.1528,0.0991,0.0652,1,0,0,0,0,0,1,0
24.2333,226.0000,0.0000,8.0000,254.0000,6.1522,0.0663,0.1524,0.0987,0.0655,1,0,0,0,0,0,1,0
24.2525,225.0000,0.0000,8.0000,255.0000,6.1692,0.0638,0.1522,0.0992,0.0647,1,0,0,0,0,0,1,0
24.2692,225.0000,0.0000,8.0000,255.0000,6.2029,0.0587,0.1511,0.0986,0.0622,1,0,0,0,0,0,1,0
24.2854,225.0000,0.0000,8.0000,255.0000,6.1681,0.0639,0.1510,0.0977,0.0627,1,0,0,0,0,0,1,0
24.3023,226.0000,0.0000,8.0000,255.0000,6.1618,0.0649,0.1503,0.0966,0.0635,1,0,0,0,0,0,1,0
24.3189,225.0000,0.0000,9.0000,253.0000,6.1535,0.0662,0.1494,0.0960,0.0644,1,0,0,0,0,0,1,0
24.3429,225.0000,0.0000,9.0000,255.0000,6.1776,0.0625,0.1490,0.0966,0.0635,1,0,0,0,0,0,1,0
24.3623,226.0000,0.0000,9.0000,255.0000,6.2244,0.0554,0.1495,0.0979,0.0602,1,0,0,0,0,0,1,0
24.3825,226.0000,0.0000,9.0000,255.0000,6.2681,0.0488,0.1488,0.0955,0.0555,1,0,0,0,0,0,1,0
24.4026,226.0000,0.0000,9.0000,255.0000,6.2267,0.0550,0.1492,0.0953,0.0552,1,0,0,0,0,0,1,0
24.4192,226.0000,0.0000,9.0000,255.0000,6.2183,0.0563,0.1486,0.0947,0.0555,1,0,0,0,0,0,1,0
24.4431,225.0000,0.0000,9.0000,253.0000,6.1727,0.0632,0.1477,0.0927,0.0585,1,0,0,0,0,0,1,0
24.5329,226.0000,0.0000,9.0000,255.0000,6.1920,0.0603,0.1468,0.0907,0.0591,1,0,0,0,0,0,1,0
24.5523,226.0000,0.0000,9.0000,255.0000,6.1854,0.0613,0.1468,0.0909,0.0599,1,0,0,0,0,0,1,0
24.5695,226.0000,0.0000,9.0000,255.0000,6.1849,0.0614,0.1468,0.0916,0.0603,1,0,0,0,0,0,1,0
24.5928,226.0000,0.0000,10.0000,255.0000,6.1825,0.0618,0.1472,0.0904,0.0608,1,0,0,0,0,0,1,0
24.6118,226.0000,0.0000,10.0000,255.0000,6.1859,0.0612,0.1477,0.0922,0.0608,1,0,0,0,0,0,1,0
24.6333,225.0000,0.0000,10.0000,255.0000,6.1806,0.0620,0.1475,0.0930,0.0612,1,0,0,0,0,0,1,0
24.6521,226.0000,0.0000,10.0000,255.0000,6.1805,0.0621,0.1477,0.0932,0.0614,1,0,0,0,0,0,1,0
24.6692,225.0000,0.0000,10.0000,255.0000,6.1511,0.0665,0.1476,0.0909,0.0633,1,0,0,0,0,0,1,0
24.6860,226.0000,0.0000,10.0000,255.0000,6.1540,0.0661,0.1473,0.0905,0.0643,1,0,0,0,0,0,1,0
24.7023,225.0000,0.0000,10.0000,255.0000,6.1652,0.0644,0.1476,0.0908,0.0642,1,0,0,0,0,0,1,0
24.7260,226.0000,0.0000,10.0000,255.0000,6.1681,0.0639,0.1479,0.0923,0.0640,1,0,0,0,0,0,1,0
24.7450,226.0000,0.0000,10.0000,255.0000,6.1589,0.0653,0.1479,0.0926,0.0644,1,0,0,0,0,0,1,0
24.7647,225.0000,0.0000,10.0000,255.0000,6.2047,0.0584,0.1475,0.0930,0.0619,1,0,0,0,0,0,1,0
24.7829,226.0000,0.0000,10.0000,255.0000,6.1584,0.0654,0.1477,0.0922,0.0632,1,0,0,0,0,0,1,0
24.8022,226.0000,0.0000,10.0000,255.0000,6.1355,0.0689,0.1481,0.0919,0.0653,1,0,0,0,0,0,1,0
24.8189,226.0000,0.0000,10.0000,255.0000,6.1247,0.0705,0.1478,0.0910,0.0673,1,0,0,0,0,0,1,0
24.8354,225.0000,0.0000,10.0000,255.0000,6.1199,0.0713,0.1478,0.0910,0.0688,1,0,0,0,0,0,1,0
24.8525,225.0000,0.0000,11.0000,255.0000,6.1160,0.0718,0.1476,0.0911,0.0699,1,0,0,0,0,0,1,0
24.8688,226.0000,0.0000,11.0000,255.0000,6.1217,0.0710,0.1476,0.0908,0.0702,1,0,0,0,0,0,1,0
24.8851,226.0000,0.0000,11.0000,255.0000,6.1252,0.0705,0.1477,0.0906,0.0702,1,0,0,0,0,0,1,0
24.9093,225.0000,0.0000,11.0000,255.0000,6.1493,0.0668,0.1478,0.0911,0.0687,1,0,0,0,0,0,1,0
24.9300,226.0000,0.0000,11.0000,255.0000,6.1530,0.0662,0.1480,0.0909,0.0676,1,0,0,0,0,0,1,0
24.9514,226.0000,0.0000,11.0000,255.0000,6.1630,0.0647,0.1479,0.0909,0.0663,1,0,0,0,0,0,1,0
25.0452,226.0000,0.0000,11.0000,255.0000,6.1448,0.0675,0.1482,0.0906,0.0667,1,0,0,0,0,0,1,0
25.0657,226.0000,0.0000,11.0000,255.0000,6.1252,0.0705,0.1483,0.0909,0.0681,1,0,0,0,0,0,1,0
25.0862,225.0000,0.0000,11.0000,255.0000,6.1201,0.0712,0.1483,0.0906,0.0692,1,0,0,0,0,0,1,0
25.1093,226.0000,0.0000,12.0000,255.0000,6.1167,0.0717,0.1486,0.0910,0.0701,1,0,0,0,0,0,1,0
25.1288,225.0000,0.0000,12.0000,255.0000,6.1211,0.0711,0.1488,0.0918,0.0704,1,0,0,0,0,0,1,0
25.1493,226.0000,0.0000,12.0000,255.0000,6.1114,0.0726,0.1490,0.0912,0.0711,1,0,0,0,0,0,1,0
25.1695,226.0000,0.0000,12.0000,255.0000,6.1047,0.0736,0.1492,0.0901,0.0720,1,0,0,0,0,0,1,0
25.1854,226.0000,0.0000,12.0000,255.0000,6.0900,0.0758,0.1494,0.0912,0.0734,1,0,0,0,0,0,1,0
25.2092,226.0000,0.0000,12.0000,255.0000,6.1039,0.0737,0.1498,0.0901,0.0734,1,0,0,0,0,0,1,0
25.2296,226.0000,0.0000,12.0000,255.0000,6.1080,0.0731,0.1497,0.0907,0.0731,1,0,0,0,0,0,1,0
25.2498,225.0000,0.0000,12.0000,255.0000,6.0803,0.0773,0.1495,0.0903,0.0747,1,0,0,0,0,0,1,0
25.2690,225.0000,0.0000,12.0000,252.9400,6.0567,0.0808,0.1491,0.0903,0.0770,1,0,0,0,0,0,1,0
25.2851,226.0000,0.0000,12.0000,255.0000,6.1159,0.0719,0.1490,0.0906,0.0748,1,0,0,0,0,0,1,0
25.3026,225.0000,0.0000,12.0000,255.0000,6.0994,0.0744,0.1498,0.0910,0.0745,1,0,0,0,0,0,1,0
25.3188,226.0000,0.0000,12.0000,255.0000,6.0941,0.0752,0.1498,0.0907,0.0747,1,0,0,0,0,0,1,0
25.3435,225.0000,0.0000,12.0000,255.0000,6.1180,0.0715,0.1493,0.0915,0.0733,1,0,0,0,0,0,1,0
25.3623,226.0000,0.0000,12.0000,255.0000,6.1240,0.0706,0.1491,0.0908,0.0721,1,0,0,0,0,0,1,0
25.3825,226.0000,0.0000,13.0000,255.0000,6.1279,0.0700,0.1491,0.0918,0.0712,1,0,0,0,0,0,1,0
25.3989,226.0000,0.0000,13.0000,255.0000,6.0877,0.0761,0.1496,0.0920,0.0730,1,0,0,0,0,0,1,0
25.4192,226.0000,0.0000,13.0000,255.0000,6.0837,0.0768,0.1498,0.0932,0.0744,1,0,0,0,0,0,1,0
25.4360,225.0000,0.0000,13.0000,255.0000,6.0944,0.0751,0.1496,0.0924,0.0746,1,0,0,0,0,0,1,0
25.4530,225.0000,0.0000,13.0000,255.0000,6.1052,0.0735,0.1498,0.0929,0.0740,1,0,0,0,0,0,1,0
25.5463,226.0000,0.0000,13.0000,255.0000,6.0638,0.0798,0.1498,0.0919,0.0762,1,0,0,0,0,0,1,0
25.5656,226.0000,0.0000,13.0000,255.0000,6.0641,0.0797,0.1498,0.0915,0.0775,1,0,0,0,0,0,1,0
25.5859,226.0000,0.0000,13.0000,255.0000,6.0458,0.0825,0.1497,0.0908,0.0794,1,0,0,0,0,0,1,0
25.6024,225.0000,0.0000,13.0000,255.0000,6.0866,0.0763,0.1494,0.0911,0.0780,1,0,0,0,0,0,1,0
25.6266,226.0000,0.0000,13.0000,255.0000,6.0625,0.0800,0.1499,0.0910,0.0787,1,0,0,0,0,0,1,0
25.6451,226.0000,0.0000,14.0000,255.0000,6.0618,0.0801,0.1500,0.0913,0.0791,1,0,0,0,0,0,1,0
25.6654,225.0000,0.0000,14.0000,255.0000,6.0547,0.0812,0.1499,0.0912,0.0798,1,0,0,0,0,0,1,0
25.6859,225.0000,0.0000,14.0000,255.0000,6.0525,0.0815,0.1498,0.0911,0.0804,1,0,0,0,0,0,1,0
25.7025,226.0000,0.0000,14.0000,255.0000,6.0637,0.0798,0.1498,0.0912,0.0800,1,0,0,0,0,0,1,0
25.7188,226.0000,0.0000,14.0000,255.0000,6.0745,0.0781,0.1499,0.0910,0.0791,1,0,0,0,0,0,1,0
25.7358,226.0000,0.0000,14.0000,255.0000,6.0693,0.0789,0.1500,0.0915,0.0789,1,0,0,0,0,0,1,0
25.7599,226.0000,0.0000,14.0000,255.0000,6.1021,0.0740,0.1500,0.0917,0.0768,1,0,0,0,0,0,1,0
25.7786,226.0000,0.0000,14.0000,255.0000,6.1071,0.0732,0.1496,0.0916,0.0753,1,0,0,0,0,0,1,0
25.7987,226.0000,0.0000,14.0000,255.0000,6.1001,0.0743,0.1494,0.0919,0.0747,1,0,0,0,0,0,1,0
25.8155,225.0000,0.0000,14.0000,254.9400,6.1255,0.0704,0.1487,0.0910,0.0729,1,0,0,0,0,0,1,0
25.8323,226.0000,0.0000,14.0000,255.0000,6.1117,0.0725,0.1498,0.0905,0.0726,1,0,0,0,0,0,1,0
25.8495,226.0000,0.0000,14.0000,255.0000,6.1386,0.0684,0.1502,0.0910,0.0708,1,0,0,0,0,0,1,0
25.8657,226.0000,0.0000,14.0000,255.0000,6.1594,0.0653,0.1503,0.0913,0.0685,1,0,0,0,0,0,1,0
25.8852,225.0000,0.0000,14.0000,255.0000,6.1540,0.0661,0.1502,0.0911,0.0674,1,0,0,0,0,0,1,0
25.9031,226.0000,0.0000,14.0000,255.0000,6.1522,0.0664,0.1501,0.0911,0.0669,1,0,0,0,0,0,1,0
25.9258,226.0000,0.0000,15.0000,255.0000,6.1111,0.0726,0.1492,0.0908,0.0690,1,0,0,0,0,0,1,0
25.9454,226.0000,0.0000,15.0000,255.0000,6.1293,0.0698,0.1497,0.0914,0.0692,1,0,0,0,0,0,1,0
25.9652,226.0000,0.0000,15.0000,255.0000,6.1262,0.0703,0.1499,0.0914,0.0695,1,0,0,0,0,0,1,0
26.0604,226.0000,0.0000,15.0000,255.0000,6.1576,0.0655,0.1482,0.0907,0.0678,1,0,0,0,0,0,1,0
26.0774,226.0000,0.0000,15.0000,255.0000,6.1276,0.0701,0.1484,0.0900,0.0686,1,0,0,0,0,0,1,0
26.0952,226.0000,0.0000,15.0000,255.0000,6.1287,0.0699,0.1483,0.0929,0.0690,1,0,0,0,0,0,1,0
26.1164,226.0000,0.0000,15.0000,254.0000,6.1587,0.0654,0.1478,0.0928,0.0674,1,0,0,0,0,0,1,0
26.1329,226.0000,0.0000,15.0000,255.0000,6.1437,0.0676,0.1486,0.0934,0.0674,1,0,0,0,0,0,1,0
26.1499,226.0000,0.0000,15.0000,255.0000,6.1746,0.0630,0.1489,0.0931,0.0655,1,0,0,0,0,0,1,0
26.1689,226.0000,0.0000,15.0000,255.0000,6.1834,0.0616,0.1491,0.0912,0.0638,1,0,0,0,0,0,1,0
26.1857,225.0000,0.0000,16.0000,255.0000,6.1912,0.0604,0.1485,0.0902,0.0623,1,0,0,0,0,0,1,0
26.2022,226.0000,0.0000,16.0000,255.0000,6.1404,0.0682,0.1487,0.0905,0.0645,1,0,0,0,0,0,1,0
26.2254,226.0000,0.0000,16.0000,255.0000,6.1415,0.0680,0.1482,0.0917,0.0658,1,0,0,0,0,0,1,0
26.2450,226.0000,0.0000,16.0000,255.0000,6.1593,0.0653,0.1483,0.0929,0.0655,1,0,0,0,0,0,1,0
26.2654,226.0000,0.0000,16.0000,255.0000,6.1856,0.0613,0.1482,0.0918,0.0637,1,0,0,0,0,0,1,0
26.2859,226.0000,0.0000,16.0000,255.0000,6.2089,0.0578,0.1482,0.0910,0.0612,1,0,0,0,0,0,1,0
26.3111,226.0000,0.0000,16.0000,255.0000,6.2478,0.0519,0.1478,0.0913,0.0573,1,0,0,0,0,0,1,0
26.3282,226.0000,0.0000,16.0000,255.0000,6.1686,0.0639,0.1481,0.0912,0.0598,1,0,0,0,0,0,1,0
26.3492,226.0000,0.0000,16.0000,255.0000,6.1479,0.0670,0.1475,0.0904,0.0626,1,0,0,0,0,0,1,0
26.3693,226.0000,0.0000,16.0000,255.0000,6.1540,0.0661,0.1476,0.0903,0.0639,1,0,0,0,0,0,1,0
26.3860,225.0000,0.0000,16.0000,255.0000,6.1767,0.0626,0.1478,0.0902,0.0632,1,0,0,0,0,0,1,0
26.4100,226.0000,0.0000,16.0000,255.0000,6.2012,0.0589,0.1481,0.0948,0.0614,1,0,0,0,0,0,1,0
26.4280,226.0000,0.0000,16.0000,255.0000,6.1959,0.0597,0.1480,0.0929,0.0606,1,0,0,0,0,0,1,0
26.4491,226.0000,0.0000,17.0000,255.0000,6.1615,0.0649,0.1478,0.0915,0.0622,1,0,0,0,0,0,1,0
26.4690,225.0000,0.0000,17.0000,255.0000,6.1752,0.0629,0.1479,0.0913,0.0624,1,0,0,0,0,0,1,0
26.5605,226.0000,0.0000,17.0000,255.0000,6.1566,0.0657,0.1475,0.0903,0.0636,1,0,0,0,0,0,1,0
26.5789,225.0000,0.0000,17.0000,255.0000,6.1744,0.0630,0.1477,0.0904,0.0632,1,0,0,0,0,0,1,0
26.5990,226.0000,0.0000,17.0000,255.0000,6.1981,0.0594,0.1477,0.0913,0.0616,1,0,0,0,0,0,1,0
26.6197,225.0000,0.0000,17.0000,255.0000,6.1318,0.0694,0.1470,0.0902,0.0646,1,0,0,0,0,0,1,0
26.6429,225.0000,0.0000,17.0000,255.0000,6.1048,0.0735,0.1468,0.0902,0.0681,1,0,0,0,0,0,1,0
26.6625,226.0000,0.0000,17.0000,255.0000,6.1166,0.0718,0.1470,0.0907,0.0694,1,0,0,0,0,0,1,0
26.6816,226.0000,0.0000,17.0000,255.0000,6.1158,0.0719,0.1472,0.0904,0.0703,1,0,0,0,0,0,1,0
26.6986,226.0000,0.0000,17.0000,255.0000,6.1260,0.0703,0.1472,0.0901,0.0702,1,0,0,0,0,0,1,0
26.7186,226.0000,0.0000,18.0000,255.0000,6.1478,0.0670,0.1475,0.0907,0.0688,1,0,0,0,0,0,1,0
26.7349,226.0000,0.0000,18.0000,255.0000,6.1906,0.0605,0.1478,0.0930,0.0654,1,0,0,0,0,0,1,0
26.7523,225.0000,0.0000,18.0000,255.0000,6.2046,0.0584,0.1480,0.0922,0.0625,1,0,0,0,0,0,1,0
26.7685,226.0000,0.0000,18.0000,255.0000,6.2083,0.0578,0.1477,0.0917,0.0605,1,0,0,0,0,0,1,0
26.7849,225.0000,0.0000,18.0000,255.0000,6.2030,0.0586,0.1478,0.0928,0.0596,1,0,0,0,0,0,1,0
26.8021,226.0000,0.0000,18.0000,255.0000,6.2400,0.0530,0.1470,0.0925,0.0569,1,0,0,0,0,0,1,0
26.8181,225.0000,0.0000,18.0000,255.0000,6.2206,0.0560,0.1468,0.0921,0.0564,1,0,0,0,0,0,1,0
26.8354,226.0000,0.0000,18.0000,255.0000,6.2149,0.0568,0.1470,0.0924,0.0564,1,0,0,0,0,0,1,0
26.8592,225.0000,0.0000,18.0000,255.0000,6.2051,0.0583,0.1479,0.0910,0.0571,1,0,0,0,0,0,1,0
26.8791,226.0000,0.0000,18.0000,255.0000,6.2291,0.0547,0.1479,0.0919,0.0560,1,0,0,0,0,0,1,0
26.8985,226.0000,0.0000,18.0000,255.0000,6.2191,0.0562,0.1477,0.0930,0.0560,1,0,0,0,0,0,1,0
26.9201,226.0000,0.0000,18.0000,255.0000,6.2121,0.0573,0.1476,0.0923,0.0564,1,0,0,0,0,0,1,0
26.9435,226.0000,0.0000,18.0000,255.0000,6.1655,0.0643,0.1472,0.0916,0.0594,1,0,0,0,0,0,1,0
26.9618,226.0000,0.0000,18.0000,255.0000,6.1814,0.0619,0.1472,0.0909,0.0603,1,0,0,0,0,0,1,0
26.9824,226.0000,0.0000,19.0000,255.0000,6.2374,0.0534,0.1471,0.0917,0.0574,1,0,0,0,0,0,1,0
27.0769,226.0000,0.0000,19.0000,255.0000,6.2287,0.0547,0.1472,0.0916,0.0562,1,0,0,0,0,0,1,0
27.0955,225.0000,0.0000,19.0000,255.0000,6.1937,0.0601,0.1475,0.0923,0.0576,1,0,0,0,0,0,1,0
27.1154,226.0000,0.0000,19.0000,255.0000,6.2108,0.0575,0.1477,0.0932,0.0574,1,0,0,0,0,0,1,0
27.1358,226.0000,0.0000,19.0000,255.0000,6.1992,0.0592,0.1476,0.0931,0.0580,1,0,0,0,0,0,1,0
27.1552,225.0000,0.0000,19.0000,255.0000,6.1918,0.0603,0.1475,0.0923,0.0588,1,0,0,0,0,0,1,0
27.1761,226.0000,0.0000,19.0000,255.0000,6.1860,0.0612,0.1474,0.0926,0.0597,1,0,0,0,0,0,1,0
27.1950,226.0000,0.0000,19.0000,255.0000,6.1979,0.0594,0.1474,0.0914,0.0594,1,0,0,0,0,0,1,0
27.2151,226.0000,0.0000,19.0000,255.0000,6.2179,0.0564,0.1475,0.0918,0.0581,1,0,0,0,0,0,1,0
27.2349,225.0000,0.0000,19.0000,255.0000,6.2259,0.0552,0.1474,0.0920,0.0568,1,0,0,0,0,0,1,0
27.2520,226.0000,0.0000,20.0000,255.0000,6.2544,0.0508,0.1472,0.0927,0.0543,1,0,0,0,0,0,1,0
27.2687,225.0000,0.0000,20.0000,255.0000,6.2514,0.0513,0.1475,0.0922,0.0530,1,0,0,0,0,0,1,0
27.2844,226.0000,0.0000,20.0000,255.0000,6.2555,0.0507,0.1475,0.0917,0.0519,1,0,0,0,0,0,1,0
27.3023,226.0000,0.0000,20.0000,255.0000,6.2502,0.0515,0.1476,0.0921,0.0516,1,0,0,0,0,0,1,0
27.3188,226.0000,0.0000,20.0000,255.0000,6.2606,0.0499,0.1474,0.0924,0.0508,1,0,0,0,0,0,1,0
27.3423,226.0000,0.0000,20.0000,255.0000,6.2119,0.0573,0.1474,0.0913,0.0533,1,0,0,0,0,0,1,0
27.3612,225.0000,0.0000,20.0000,255.0000,6.2116,0.0573,0.1472,0.0912,0.0548,1,0,0,0,0,0,1,0
27.3834,226.0000,0.0000,20.0000,255.0000,6.2093,0.0577,0.1474,0.0908,0.0558,1,0,0,0,0,0,1,0
27.4024,226.0000,0.0000,20.0000,255.0000,6.2141,0.0570,0.1473,0.0914,0.0562,1,0,0,0,0,0,1,0
27.4192,226.0000,0.0000,20.0000,255.0000,6.2313,0.0544,0.1471,0.0914,0.0553,1,0,0,0,0,0,1,0
27.4357,226.0000,0.0000,20.0000,255.0000,6.2160,0.0567,0.1472,0.0911,0.0557,1,0,0,0,0,0,1,0
27.4596,226.0000,0.0000,20.0000,255.0000,6.1964,0.0597,0.1473,0.0909,0.0572,1,0,0,0,0,0,1,0
27.4791,225.0000,0.0000,20.0000,255.0000,6.1747,0.0629,0.1471,0.0909,0.0594,1,0,0,0,0,0,1,0
27.4979,226.0000,0.0000,20.0000,255.0000,6.1798,0.0622,0.1472,0.0916,0.0604,1,0,0,0,0,0,1,0
27.5861,226.0000,0.0000,21.0000,255.0000,6.1781,0.0624,0.1472,0.0913,0.0611,1,0,0,0,0,0,1,0
27.6098,225.0000,0.0000,21.0000,255.0000,6.1540,0.0661,0.1469,0.0911,0.0630,1,0,0,0,0,0,1,0
27.6278,226.0000,0.0000,21.0000,255.0000,6.1557,0.0658,0.1469,0.0909,0.0640,1,0,0,0,0,0,1,0
27.6491,225.0000,0.0000,21.0000,255.0000,6.1562,0.0658,0.1468,0.0906,0.0646,1,0,0,0,0,0,1,0
27.6684,225.0000,0.0000,21.0000,255.0000,6.1553,0.0659,0.1468,0.0901,0.0650,1,0,0,0,0,0,1,0
27.6849,226.0000,0.0000,21.0000,255.0000,6.1702,0.0636,0.1470,0.0908,0.0643,1,0,0,0,0,0,1,0
27.7023,225.0000,0.0000,21.0000,255.0000,6.1852,0.0613,0.1472,0.0910,0.0630,1,0,0,0,0,0,1,0
27.7191,226.0000,0.0000,21.0000,255.0000,6.1877,0.0610,0.1474,0.0909,0.0621,1,0,0,0,0,0,1,0
27.7349,226.0000,0.0000,21.0000,255.0000,6.1965,0.0596,0.1474,0.0915,0.0610,1,0,0,0,0,0,1,0
27.7522,226.0000,0.0000,21.0000,255.0000,6.1693,0.0638,0.1470,0.0909,0.0620,1,0,0,0,0,0,1,0
27.7760,225.0000,0.0000,22.0000,255.0000,6.1732,0.0632,0.1470,0.0905,0.0623,1,0,0,0,0,0,1,0
27.7947,226.0000,0.0000,22.0000,255.0000,6.2051,0.0583,0.1474,0.0909,0.0606,1,0,0,0,0,0,1,0
27.8151,225.0000,0.0000,22.0000,255.0000,6.1975,0.0595,0.1473,0.0907,0.0600,1,0,0,0,0,0,1,0
27.8351,226.0000,0.0000,22.0000,255.0000,6.1896,0.0607,0.1472,0.0907,0.0602,1,0,0,0,0,0,1,0
27.8551,225.0000,0.0000,22.0000,255.0000,6.1849,0.0614,0.1470,0.0908,0.0605,1,0,0,0,0,0,1,0
27.8762,225.0000,0.0000,22.0000,255.0000,6.1806,0.0620,0.1471,0.0920,0.0610,1,0,0,0,0,0,1,0
27.8933,226.0000,0.0000,22.0000,255.0000,6.1868,0.0611,0.1470,0.0917,0.0609,1,0,0,0,0,0,1,0
27.9113,225.0000,0.0000,22.0000,255.0000,6.1633,0.0647,0.1470,0.0909,0.0623,1,0,0,0,0,0,1,0
27.9323,226.0000,0.0000,22.0000,255.0000,6.2184,0.0563,0.1466,0.0911,0.0598,1,0,0,0,0,0,1,0
27.9516,226.0000,0.0000,22.0000,255.0000,6.2331,0.0541,0.1467,0.0913,0.0574,1,0,0,0,0,0,1,0
27.9689,226.0000,0.0000,22.0000,255.0000,6.1947,0.0599,0.1474,0.0914,0.0583,1,0,0,0,0,0,1,0
27.9855,226.0000,0.0000,22.0000,255.0000,6.2227,0.0557,0.1469,0.0908,0.0571,1,0,0,0,0,0,1,0
28.0019,226.0000,0.0000,22.0000,255.0000,6.1648,0.0644,0.1470,0.0904,0.0599,1,0,0,0,0,0,1,0
28.0937,226.0000,0.0000,23.0000,255.0000,6.2335,0.0540,0.1463,0.0919,0.0574,1,0,0,0,0,0,1,0
28.1128,226.0000,0.0000,23.0000,255.0000,6.2332,0.0541,0.1465,0.0908,0.0560,1,0,0,0,0,0,1,0
28.1330,225.0000,0.0000,23.0000,255.0000,6.1922,0.0603,0.1469,0.0911,0.0576,1,0,0,0,0,0,1,0
28.1507,225.0000,0.0000,23.0000,255.0000,6.1960,0.0597,0.1469,0.0922,0.0583,1,0,0,0,0,0,1,0
28.1688,226.0000,0.0000,23.0000,255.0000,6.2037,0.0585,0.1469,0.0918,0.0583,1,0,0,0,0,0,1,0
28.1855,226.0000,0.0000,23.0000,255.0000,6.2042,0.0585,0.1470,0.0912,0.0582,1,0,0,0,0,0,1,0
28.2022,226.0000,0.0000,23.0000,255.0000,6.2013,0.0589,0.1469,0.0907,0.0584,1,0,0,0,0,0,1,0
28.2191,226.0000,0.0000,23.0000,255.0000,6.2101,0.0576,0.1470,0.0906,0.0579,1,0,0,0,0,0,1,0
28.2350,226.0000,0.0000,23.0000,255.0000,6.2407,0.0529,0.1466,0.0912,0.0558,1,0,0,0,0,0,1,0
28.2602,226.0000,0.0000,23.0000,255.0000,6.2481,0.0518,0.1475,0.0921,0.0541,1,0,0,0,0,0,1,0
28.2791,226.0000,0.0000,23.0000,255.0000,6.2284,0.0548,0.1474,0.0920,0.0542,1,0,0,0,0,0,1,0
28.2981,226.0000,0.0000,23.0000,255.0000,6.2241,0.0554,0.1474,0.0916,0.0546,1,0,0,0,0,0,1,0
28.3152,225.0000,0.0000,24.0000,255.0000,6.2088,0.0578,0.1472,0.0908,0.0557,1,0,0,0,0,0,1,0
28.3355,225.0000,0.0000,24.0000,255.0000,6.2337,0.0540,0.1477,0.0914,0.0549,1,0,0,0,0,0,1,0
28.3522,226.0000,0.0000,24.0000,255.0000,6.3061,0.0430,0.1475,0.0920,0.0500,1,0,0,0,0,0,1,0
28.3685,226.0000,0.0000,24.0000,255.0000,6.2776,0.0473,0.1481,0.0911,0.0488,1,0,0,0,0,0,1,0
28.3862,226.0000,0.0000,24.0000,255.0000,6.2735,0.0479,0.1482,0.0915,0.0483,1,0,0,0,0,0,1,0
28.4113,226.0000,0.0000,24.0000,255.0000,6.2207,0.0560,0.1478,0.0910,0.0513,1,0,0,0,0,0,1,0
28.4330,226.0000,0.0000,24.0000,255.0000,6.1945,0.0599,0.1475,0.0908,0.0546,1,0,0,0,0,0,1,0
28.4522,226.0000,0.0000,24.0000,255.0000,6.2045,0.0584,0.1478,0.0907,0.0560,1,0,0,0,0,0,1,0
28.4690,225.0000,0.0000,24.0000,255.0000,6.2097,0.0576,0.1478,0.0915,0.0565,1,0,0,0,0,0,1,0
28.4859,226.0000,0.0000,24.0000,255.0000,6.2226,0.0557,0.1479,0.0927,0.0561,1,0,0,0,0,0,1,0
28.5025,226.0000,0.0000,24.0000,255.0000,6.2242,0.0554,0.1482,0.0926,0.0557,1,0,0,0,0,0,1,0
28.6020,226.0000,0.0000,25.0000,255.0000,6.1527,0.0663,0.1459,0.0917,0.0598,1,0,0,0,0,0,1,0
28.6200,225.0000,0.0000,25.0000,254.0000,6.1447,0.0675,0.1456,0.0904,0.0628,1,0,0,0,0,0,1,0
28.6427,229.0000,10.0000,24.0000,255.0000,6.1854,0.0613,0.1483,0.0904,0.0621,1,0,0,0,0,0,1,0
28.6612,230.0000,10.0000,24.0000,255.0000,6.2553,0.0507,0.1480,0.0905,0.0574,1,0,0,0,0,0,1,0
28.6790,232.0000,10.1000,24.0000,255.0000,6.1923,0.0603,0.1483,0.0900,0.0584,1,0,0,0,0,0,1,0
28.6986,234.0000,10.2000,24.0000,255.0000,6.1778,0.0625,0.1480,0.0901,0.0599,1,0,0,0,0,0,1,0
28.7186,235.0000,10.3000,24.0000,255.0000,6.1639,0.0646,0.1479,0.0901,0.0617,1,0,0,0,0,0,1,0
28.7362,237.0000,10.4000,24.0000,255.0000,6.1512,0.0665,0.1479,0.0895,0.0635,1,0,0,0,0,0,1,0
28.7592,241.0000,10.5000,24.0000,255.0000,6.1705,0.0636,0.1479,0.0899,0.0634,1,0,0,0,0,0,1,0
28.7789,242.0000,10.6000,24.0000,255.0000,6.2083,0.0578,0.1483,0.0918,0.0610,1,0,0,0,0,0,1,0
28.7982,244.0000,10.6000,24.0000,255.0000,6.2153,0.0568,0.1481,0.0928,0.0592,1,0,0,0,0,0,1,0
28.8160,246.0000,10.7000,24.0000,255.0000,6.2233,0.0556,0.1481,0.0921,0.0576,1,0,0,0,0,0,1,0
28.8356,248.0000,10.8000,24.0000,255.0000,6.2072,0.0580,0.1480,0.0924,0.0577,1,0,0,0,0,0,1,0
28.8521,249.0000,10.8000,24.0000,255.0000,6.1884,0.0609,0.1478,0.0921,0.0588,1,0,0,0,0,0,1,0
28.8763,253.0000,11.0000,24.0000,255.0000,6.1697,0.0637,0.1475,0.0911,0.0606,1,0,0,0,0,0,1,0
28.8946,255.0000,11.0000,24.0000,255.0000,6.1599,0.0652,0.1474,0.0909,0.0623,1,0,0,0,0,0,1,0
28.9152,257.0000,11.1000,24.0000,255.0000,6.1679,0.0640,0.1473,0.0897,0.0629,1,0,0,0,0,0,1,0
28.9354,258.0000,11.1000,24.0000,255.0000,6.1826,0.0617,0.1476,0.0888,0.0623,1,0,0,0,0,0,1,0
28.9521,260.0000,11.2000,24.0000,255.0000,6.2043,0.0584,0.1476,0.0893,0.0606,1,0,0,0,0,0,1,0
28.9772,264.0000,11.3000,24.0000,255.0000,6.1860,0.0612,0.1480,0.0897,0.0607,1,0,0,0,0,0,1,0
28.9948,266.0000,11.4000,24.0000,255.0000,6.1779,0.0625,0.1478,0.0902,0.0613,1,0,0,0,0,0,1,0
29.0152,268.0000,11.4000,24.0000,255.0000,6.1552,0.0659,0.1478,0.0901,0.0630,1,0,0,0,0,0,1,0
29.1104,279.0000,11.6000,23.0000,255.0000,6.1339,0.0691,0.1479,0.0929,0.0653,1,0,0,0,0,0,1,0
29.1291,281.0000,11.6000,23.0000,253.0000,6.0987,0.0745,0.1478,0.0942,0.0689,1,0,0,0,0,0,1,0
29.1487,283.0000,11.6000,23.0000,255.0000,6.0954,0.0750,0.1482,0.0932,0.0712,1,0,0,0,0,0,1,0
29.1681,285.0000,11.5000,23.0000,255.0000,6.1032,0.0738,0.1481,0.0919,0.0721,1,0,0,0,0,0,1,0
29.1855,287.0000,11.4000,23.0000,255.0000,6.0927,0.0754,0.1482,0.0911,0.0733,1,0,0,0,0,0,1,0
29.2016,289.0000,11.2000,23.0000,255.0000,6.0893,0.0759,0.1483,0.0909,0.0742,1,0,0,0,0,0,1,0
29.2185,290.0000,11.1000,23.0000,255.0000,6.0754,0.0780,0.1484,0.0901,0.0756,1,0,0,0,0,0,1,0
29.2353,292.0000,11.0000,23.0000,255.0000,6.0994,0.0744,0.1489,0.0910,0.0750,1,0,0,0,0,0,1,0
29.2593,296.0000,10.8000,23.0000,255.0000,6.1564,0.0657,0.1492,0.0930,0.0712,1,0,0,0,0,0,1,0
29.2797,297.0000,10.7000,23.0000,255.0000,6.1733,0.0632,0.1483,0.0911,0.0678,1,0,0,0,0,0,1,0
29.2981,299.0000,10.6000,23.0000,255.0000,6.1611,0.0650,0.1495,0.0917,0.0666,1,0,0,0,0,0,1,0
29.3154,301.0000,10.5000,22.0000,255.0000,6.1742,0.0630,0.1486,0.0914,0.0650,1,0,0,0,0,0,1,0
29.3352,303.0000,10.3000,22.0000,255.0000,6.1614,0.0650,0.1493,0.0914,0.0649,1,0,0,0,0,0,1,0
29.3512,304.0000,10.2000,22.0000,255.0000,6.2013,0.0589,0.1499,0.0920,0.0624,1,0,0,0,0,0,1,0
29.3686,306.0000,10.1000,22.0000,255.0000,6.2303,0.0545,0.1502,0.0916,0.0591,1,0,0,0,0,0,1,0
29.3850,308.0000,10.0000,22.0000,255.0000,6.2726,0.0481,0.1509,0.0932,0.0546,1,0,0,0,0,0,1,0
29.4020,309.0000,9.9000,22.0000,255.0000,6.2668,0.0490,0.1507,0.0939,0.0522,1,0,0,0,0,0,1,0
29.4222,311.0000,9.7000,22.0000,251.0000,6.2707,0.0484,0.1499,0.0931,0.0505,1,0,0,0,0,0,1,0
29.4435,314.0000,9.5000,22.0000,244.0000,6.2030,0.0586,0.1507,0.0949,0.0537,1,0,0,0,0,0,1,0
29.4619,316.0000,9.4000,22.0000,250.0000,6.2348,0.0538,0.1515,0.0966,0.0536,1,0,0,0,0,0,1,0
29.4827,317.0000,9.2000,22.0000,251.0000,6.2494,0.0516,0.1521,0.0987,0.0527,1,0,0,0,0,0,1,0
29.5015,319.0000,9.1000,22.0000,251.0000,6.2662,0.0491,0.1522,0.0980,0.0511,1,0,0,0,0,0,1,0
29.5183,320.0000,9.0000,21.0000,247.0000,6.2865,0.0460,0.1525,0.0998,0.0489,1,0,0,0,0,0,1,0
29.6103,328.0000,8.2000,21.0000,246.0000,6.3693,0.0334,0.1536,0.1009,0.0426,1,0,0,0,0,0,1,0
29.6280,330.0000,8.1000,21.0000,245.0000,6.3336,0.0388,0.1541,0.0980,0.0410,1,0,0,0,0,0,1,0
29.6485,331.0000,8.0000,21.0000,244.9400,6.3319,0.0391,0.1545,0.1000,0.0401,1,0,0,0,0,0,1,0
29.6693,332.0000,7.8000,21.0000,244.0000,6.3349,0.0386,0.1550,0.1013,0.0394,1,0,0,0,0,0,1,0
29.6933,335.0000,7.6000,21.0000,243.0000,6.3647,0.0341,0.1552,0.1029,0.0371,1,0,0,0,0,0,1,0
29.7102,336.0000,7.5000,20.0000,242.0000,6.3454,0.0370,0.1565,0.1025,0.0370,1,0,0,0,0,0,1,0
29.7274,337.0000,7.3000,20.0000,236.9400,6.3329,0.0389,0.1564,0.1032,0.0376,1,0,0,0,0,0,1,0
29.7441,338.0000,7.2000,20.0000,242.0000,6.3152,0.0416,0.1568,0.1029,0.0391,1,0,0,0,0,0,1,0
29.7644,340.0000,7.1000,20.0000,240.8800,6.3105,0.0423,0.1573,0.1022,0.0403,1,0,0,0,0,0,1,0
29.7825,341.0000,7.0000,20.0000,241.0000,6.3285,0.0396,0.1575,0.1056,0.0399,1,0,0,0,0,0,1,0
29.7991,342.0000,6.8000,20.0000,244.0000,6.3522,0.0360,0.1583,0.1070,0.0382,1,0,0,0,0,0,1,0
29.8183,343.0000,6.7000,20.0000,242.0000,6.3089,0.0426,0.1582,0.1037,0.0398,1,0,0,0,0,0,1,0
29.8349,344.0000,6.6000,20.0000,237.0000,6.3057,0.0431,0.1582,0.1057,0.0410,1,0,0,0,0,0,1,0
29.8521,345.0000,6.5000,20.0000,238.9400,6.2910,0.0453,0.1583,0.1050,0.0426,1,0,0,0,0,0,1,0
29.8685,346.0000,6.4000,20.0000,237.0000,6.2852,0.0462,0.1583,0.1048,0.0439,1,0,0,0,0,0,1,0
29.8851,347.0000,6.2000,20.0000,231.0000,6.2645,0.0493,0.1583,0.1043,0.0459,1,0,0,0,0,0,1,0
29.9093,349.0000,6.0000,19.0000,241.0000,6.2953,0.0446,0.1592,0.1068,0.0453,1,0,0,0,0,0,1,0
29.9274,350.0000,5.9000,19.0000,243.0000,6.2980,0.0442,0.1594,0.1068,0.0447,1,0,0,0,0,0,1,0
29.9440,351.0000,5.8000,19.0000,243.0000,6.2794,0.0471,0.1593,0.1056,0.0455,1,0,0,0,0,0,1,0
29.9623,352.0000,5.7000,19.0000,243.0000,6.2553,0.0507,0.1591,0.1034,0.0475,1,0,0,0,0,0,1,0
29.9821,353.0000,5.6000,19.0000,238.0000,6.2409,0.0529,0.1591,0.1050,0.0495,1,0,0,0,0,0,1,0
30.0021,354.0000,5.5000,19.0000,235.0000,6.2388,0.0532,0.1587,0.1054,0.0509,1,0,0,0,0,0,1,0
30.0189,355.0000,5.4000,19.0000,241.9400,6.2409,0.0529,0.1590,0.1052,0.0516,1,0,0,0,0,0,1,0
30.1123,360.0000,4.8000,18.0000,237.0000,6.2538,0.0509,0.1582,0.1063,0.0512,1,0,0,0,0,0,1,0
30.1329,361.0000,4.7000,18.0000,236.0000,6.2431,0.0526,0.1578,0.1053,0.0516,1,0,0,0,0,0,1,0
30.1493,361.0000,4.6000,18.0000,232.0000,6.2438,0.0524,0.1577,0.1053,0.0518,1,0,0,0,0,0,1,0
30.1687,362.0000,4.5000,18.0000,237.9400,6.2437,0.0525,0.1572,0.1037,0.0520,1,0,0,0,0,0,1,0
30.1861,363.0000,4.4000,18.0000,241.0000,6.2597,0.0500,0.1574,0.1051,0.0511,1,0,0,0,0,0,1,0
30.2092,364.0000,4.2000,18.0000,245.0000,6.2879,0.0458,0.1571,0.1055,0.0488,1,0,0,0,0,0,1,0
30.2280,365.0000,4.1000,18.0000,246.0000,6.2810,0.0468,0.1570,0.1027,0.0479,1,0,0,0,0,0,1,0
30.2486,366.0000,4.0000,18.0000,242.0000,6.2620,0.0497,0.1567,0.1038,0.0485,1,0,0,0,0,0,1,0
30.2657,366.0000,3.9000,18.0000,236.0000,6.2717,0.0482,0.1557,0.1037,0.0483,1,0,0,0,0,0,1,0
30.2852,367.0000,3.8000,18.0000,241.0000,6.2543,0.0509,0.1564,0.1040,0.0492,1,0,0,0,0,0,1,0
30.3020,367.0000,3.8000,18.0000,243.0000,6.2663,0.0490,0.1563,0.1040,0.0490,1,0,0,0,0,0,1,0
30.3181,368.0000,3.7000,17.0000,245.0000,6.2519,0.0512,0.1561,0.1019,0.0498,1,0,0,0,0,0,1,0
30.3422,369.0000,3.5000,17.0000,245.0000,6.2330,0.0541,0.1555,0.1036,0.0514,1,0,0,0,0,0,1,0
30.3612,370.0000,3.4000,17.0000,243.0000,6.2128,0.0572,0.1551,0.1044,0.0536,1,0,0,0,0,0,1,0
30.3814,370.0000,3.4000,17.0000,243.0000,6.2004,0.0590,0.1549,0.1054,0.0556,1,0,0,0,0,0,1,0
30.3998,371.0000,3.3000,17.0000,243.0000,6.2101,0.0576,0.1539,0.1040,0.0563,1,0,0,0,0,0,1,0
30.4188,371.0000,3.2000,17.0000,243.0000,6.1403,0.0682,0.1538,0.1021,0.0609,1,0,0,0,0,0,1,0
30.4363,372.0000,3.1000,17.0000,250.0000,6.1604,0.0651,0.1538,0.1027,0.0625,1,0,0,0,0,0,1,0
30.4560,372.0000,3.1000,17.0000,249.0000,6.1784,0.0624,0.1534,0.1009,0.0623,1,0,0,0,0,0,1,0
30.4761,373.0000,2.9000,17.0000,248.8800,6.2324,0.0542,0.1523,0.1017,0.0589,1,0,0,0,0,0,1,0
30.4944,374.0000,2.9000,17.0000,247.0000,6.2315,0.0543,0.1518,0.1017,0.0570,1,0,0,0,0,0,1,0
30.5145,374.0000,2.8000,16.0000,250.0000,6.2460,0.0521,0.1517,0.1030,0.0549,1,0,0,0,0,0,1,0
30.5312,375.0000,2.7000,16.0000,255.0000,6.1994,0.0592,0.1514,0.0982,0.0565,1,0,0,0,0,0,1,0
30.6195,377.0000,2.4000,16.0000,255.0000,6.1966,0.0596,0.1484,0.0971,0.0576,1,0,0,0,0,0,1,0
30.6442,378.0000,2.3000,16.0000,255.0000,6.2101,0.0576,0.1480,0.0962,0.0575,1,0,0,0,0,0,1,0
30.6652,378.0000,2.3000,16.0000,255.0000,6.2128,0.0572,0.1478,0.0959,0.0572,1,0,0,0,0,0,1,0
30.6849,379.0000,2.2000,16.0000,255.0000,6.1824,0.0618,0.1474,0.0936,0.0589,1,0,0,0,0,0,1,0
30.7017,379.0000,2.2000,16.0000,255.0000,6.2131,0.0571,0.1468,0.0937,0.0581,1,0,0,0,0,0,1,0
30.7187,379.0000,2.1000,15.0000,255.0000,6.2319,0.0543,0.1465,0.0946,0.0564,1,0,0,0,0,0,1,0
30.7350,380.0000,2.1000,15.0000,255.0000,6.2428,0.0526,0.1467,0.0969,0.0548,1,0,0,0,0,0,1,0
30.7517,380.0000,2.0000,15.0000,255.0000,6.2219,0.0558,0.1472,0.0992,0.0551,1,0,0,0,0,0,1,0
30.7768,381.0000,1.9000,15.0000,255.0000,6.2269,0.0550,0.1460,0.0949,0.0549,1,0,0,0,0,0,1,0
30.7944,381.0000,1.9000,15.0000,255.0000,6.2217,0.0558,0.1454,0.0930,0.0551,1,0,0,0,0,0,1,0
30.8151,381.0000,1.8000,15.0000,255.0000,6.2245,0.0554,0.1450,0.0918,0.0551,1,0,0,0,0,0,1,0
30.8350,381.0000,1.8000,15.0000,255.0000,6.2664,0.0490,0.1445,0.0915,0.0526,1,0,0,0,0,0,1,0
30.8519,382.0000,1.7000,15.0000,255.0000,6.2410,0.0529,0.1451,0.0904,0.0526,1,0,0,0,0,0,1,0
30.8685,382.0000,1.7000,15.0000,255.0000,6.2734,0.0480,0.1443,0.0898,0.0506,1,0,0,0,0,0,1,0
30.8852,382.0000,1.7000,15.0000,255.0000,6.2750,0.0477,0.1445,0.0921,0.0493,1,0,0,0,0,0,1,0
30.9011,383.0000,1.6000,15.0000,255.0000,6.2653,0.0492,0.1439,0.0913,0.0491,1,0,0,0,0,0,1,0
30.9184,383.0000,1.6000,14.0000,255.0000,6.2045,0.0584,0.1441,0.0908,0.0527,1,0,0,0,0,0,1,0
30.9351,383.0000,1.5000,14.0000,255.0000,6.1948,0.0599,0.1438,0.0895,0.0555,1,0,0,0,0,0,1,0
30.9597,384.0000,1.5000,14.0000,255.0000,6.2221,0.0557,0.1445,0.0910,0.0555,1,0,0,0,0,0,1,0
30.9778,384.0000,1.4000,14.0000,255.0000,6.2196,0.0561,0.1446,0.0921,0.0556,1,0,0,0,0,0,1,0
30.9977,384.0000,1.4000,14.0000,255.0000,6.2195,0.0561,0.1444,0.0916,0.0557,1,0,0,0,0,0,1,0
31.0152,384.0000,1.4000,14.0000,255.0000,6.2032,0.0586,0.1444,0.0916,0.0567,1,0,0,0,0,0,1,0
31.0321,385.0000,1.3000,14.0000,255.0000,6.1986,0.0593,0.1442,0.0917,0.0576,1,0,0,0,0,0,1,0
31.1264,386.0000,1.1000,13.0000,255.0000,6.1830,0.0617,0.1440,0.0913,0.0591,1,0,0,0,0,0,1,0
31.1449,386.0000,1.1000,13.0000,255.0000,6.1965,0.0596,0.1442,0.0901,0.0592,1,0,0,0,0,0,1,0
31.1651,386.0000,1.1000,13.0000,255.0000,6.2375,0.0534,0.1445,0.0903,0.0568,1,0,0,0,0,0,1,0
31.1867,386.0000,1.1000,13.0000,255.0000,6.2205,0.0560,0.1444,0.0894,0.0563,1,0,0,0,0,0,1,0
31.2115,387.0000,1.0000,13.0000,255.0000,6.2130,0.0571,0.1443,0.0931,0.0565,1,0,0,0,0,0,1,0
31.2313,387.0000,1.0000,13.0000,255.0000,6.2173,0.0565,0.1441,0.0927,0.0564,1,0,0,0,0,0,1,0
31.2474,387.0000,1.0000,13.0000,255.0000,6.2239,0.0555,0.1439,0.0908,0.0559,1,0,0,0,0,0,1,0
31.2650,387.0000,0.9000,13.0000,255.0000,6.2573,0.0504,0.1442,0.0913,0.0536,1,0,0,0,0,0,1,0
31.2847,387.0000,0.9000,13.0000,255.0000,6.2885,0.0457,0.1444,0.0910,0.0503,1,0,0,0,0,0,1,0
31.3018,388.0000,0.9000,13.0000,255.0000,6.2754,0.0477,0.1447,0.0909,0.0491,1,0,0,0,0,0,1,0
31.3180,388.0000,0.9000,12.0000,255.0000,6.2684,0.0487,0.1446,0.0916,0.0488,1,0,0,0,0,0,1,0
31.3350,388.0000,0.8000,12.0000,255.0000,6.2594,0.0501,0.1444,0.0916,0.0492,1,0,0,0,0,0,1,0
31.3521,388.0000,0.8000,12.0000,255.0000,6.2303,0.0545,0.1444,0.0915,0.0512,1,0,0,0,0,0,1,0
31.3684,388.0000,0.8000,12.0000,255.0000,6.2260,0.0552,0.1446,0.0911,0.0527,1,0,0,0,0,0,1,0
31.3927,388.0000,0.8000,12.0000,255.0000,6.2213,0.0559,0.1445,0.0948,0.0538,1,0,0,0,0,0,1,0
31.4111,389.0000,0.7000,12.0000,255.0000,6.2211,0.0559,0.1446,0.0910,0.0545,1,0,0,0,0,0,1,0
31.4326,389.0000,0.7000,12.0000,255.0000,6.2181,0.0564,0.1446,0.0901,0.0551,1,0,0,0,0,0,1,0
31.4526,389.0000,0.7000,12.0000,255.0000,6.2176,0.0564,0.1452,0.0905,0.0555,1,0,0,0,0,0,1,0
31.4762,389.0000,0.7000,12.0000,255.0000,6.2048,0.0584,0.1451,0.0901,0.0565,1,0,0,0,0,0,1,0
31.4940,389.0000,0.6000,12.0000,255.0000,6.1840,0.0615,0.1452,0.0906,0.0584,1,0,0,0,0,0,1,0
31.5113,389.0000,0.6000,11.0000,255.0000,6.1604,0.0651,0.1450,0.0900,0.0610,1,0,0,0,0,0,1,0
31.5282,389.0000,0.6000,11.0000,255.0000,6.1541,0.0661,0.1454,0.0904,0.0629,1,0,0,0,0,0,1,0
31.5488,389.0000,0.6000,11.0000,255.0000,6.1519,0.0664,0.1455,0.0907,0.0642,1,0,0,0,0,0,1,0
31.6446,390.0000,0.5000,11.0000,255.0000,6.1534,0.0662,0.1458,0.0908,0.0649,1,0,0,0,0,0,1,0
31.6647,390.0000,0.5000,11.0000,255.0000,6.1435,0.0677,0.1455,0.0910,0.0659,1,0,0,0,0,0,1,0
31.6845,390.0000,0.5000,11.0000,255.0000,6.1420,0.0679,0.1456,0.0914,0.0666,1,0,0,0,0,0,1,0
31.7021,390.0000,0.5000,11.0000,255.0000,6.1704,0.0636,0.1452,0.0909,0.0652,1,0,0,0,0,0,1,0
31.7184,390.0000,0.4000,10.0000,255.0000,6.1355,0.0689,0.1460,0.0916,0.0666,1,0,0,0,0,0,1,0
31.7429,390.0000,0.4000,10.0000,255.0000,6.1511,0.0665,0.1466,0.0905,0.0664,1,0,0,0,0,0,1,0
31.7614,391.0000,0.4000,10.0000,255.0000,6.1869,0.0611,0.1460,0.0915,0.0642,1,0,0,0,0,0,1,0
31.7786,391.0000,0.4000,10.0000,255.0000,6.1504,0.0666,0.1465,0.0913,0.0650,1,0,0,0,0,0,1,0
31.7985,391.0000,0.4000,10.0000,255.0000,6.1658,0.0643,0.1465,0.0925,0.0646,1,0,0,0,0,0,1,0
31.8185,391.0000,0.4000,10.0000,255.0000,6.1853,0.0613,0.1457,0.0930,0.0632,1,0,0,0,0,0,1,0
31.8350,391.0000,0.4000,10.0000,255.0000,6.1378,0.0685,0.1462,0.0927,0.0652,1,0,0,0,0,0,1,0
31.8518,391.0000,0.4000,10.0000,255.0000,6.1471,0.0671,0.1464,0.0913,0.0659,1,0,0,0,0,0,1,0
31.8755,391.0000,0.3000,10.0000,255.0000,6.1814,0.0619,0.1469,0.0925,0.0642,1,0,0,0,0,0,1,0
31.8943,391.0000,0.3000,10.0000,255.0000,6.1749,0.0629,0.1467,0.0920,0.0635,1,0,0,0,0,0,1,0
31.9112,391.0000,0.3000,9.0000,255.0000,6.1620,0.0649,0.1465,0.0908,0.0639,1,0,0,0,0,0,1,0
31.9291,391.0000,0.3000,9.0000,255.0000,6.1881,0.0609,0.1459,0.0910,0.0626,1,0,0,0,0,0,1,0
31.9490,391.0000,0.3000,9.0000,254.0000,6.1326,0.0693,0.1457,0.0911,0.0652,1,0,0,0,0,0,1,0
31.9689,391.0000,0.3000,9.0000,255.0000,6.1766,0.0627,0.1461,0.0926,0.0640,1,0,0,0,0,0,1,0
31.9926,391.0000,0.3000,9.0000,255.0000,6.1757,0.0628,0.1464,0.0907,0.0634,1,0,0,0,0,0,1,0
32.0119,392.0000,0.3000,9.0000,255.0000,6.1553,0.0659,0.1467,0.0912,0.0643,1,0,0,0,0,0,1,0
32.0331,392.0000,0.3000,9.0000,255.0000,6.1463,0.0672,0.1471,0.0914,0.0653,0,0,0,0,0,0,0,0
32.0521,392.0000,0.3000,9.0000,255.0000,6.1419,0.0679,0.1474,0.0919,0.0663,0,0,0,0,0,0,0,0
32.1428,392.0000,0.2000,8.0000,255.0000,6.0885,0.0760,0.1487,0.0921,0.0700,0,0,0,0,0,0,0,0
32.1613,392.0000,0.2000,8.0000,255.0000,6.0837,0.0767,0.1485,0.0925,0.0726,0,0,0,0,0,0,0,0
32.1821,392.0000,0.2000,8.0000,255.0000,6.0708,0.0787,0.1484,0.0932,0.0749,0,0,0,0,0,0,0,0
32.2016,392.0000,0.2000,8.0000,255.0000,6.0811,0.0771,0.1488,0.0931,0.0757,0,0,0,0,0,0,0,0
32.2188,392.0000,0.2000,8.0000,255.0000,6.1036,0.0737,0.1484,0.0912,0.0748,0,0,0,0,0,0,0,0
32.2354,392.0000,0.2000,8.0000,255.0000,6.0945,0.0751,0.1483,0.0904,0.0748,0,0,0,0,0,0,0,0
32.2602,392.0000,0.2000,8.0000,255.0000,6.0877,0.0761,0.1491,0.0924,0.0752,0,0,0,0,0,0,0,0
32.2770,392.0000,0.2000,8.0000,255.0000,6.1201,0.0712,0.1489,0.0942,0.0735,0,0,0,0,0,0,0,0
32.2944,392.0000,0.0000,8.0000,255.0000,6.0853,0.0765,0.1497,0.0933,0.0746,0,0,0,0,0,0,0,0
32.3124,392.0000,0.0000,8.0000,255.0000,6.0725,0.0784,0.1495,0.0919,0.0760,0,0,0,0,0,0,0,0
32.3314,392.0000,0.0000,8.0000,255.0000,6.0626,0.0800,0.1495,0.0920,0.0775,0,0,0,0,0,0,0,0
32.3516,392.0000,0.0000,8.0000,255.0000,6.0562,0.0809,0.1497,0.0928,0.0787,0,0,0,0,0,0,0,0
32.3684,392.0000,0.0000,8.0000,255.0000,6.0624,0.0800,0.1498,0.0920,0.0791,0,0,0,0,0,0,0,0
32.3847,392.0000,0.0000,8.0000,255.0000,6.0669,0.0793,0.1498,0.0919,0.0791,0,0,0,0,0,0,0,0
32.4019,392.0000,0.0000,8.0000,255.0000,6.0708,0.0787,0.1498,0.0922,0.0788,0,0,0,0,0,0,0,0
32.4181,391.0000,10.1000,8.0000,255.0000,6.0713,0.0786,0.1501,0.0922,0.0786,0,0,0,0,0,0,0,0
32.4429,387.0000,10.0000,8.0000,255.0000,6.1053,0.0735,0.1502,0.0914,0.0764,0,0,0,0,0,0,0,0
32.4605,386.0000,10.0000,8.0000,255.0000,6.1261,0.0703,0.1504,0.0942,0.0739,0,0,0,0,0,0,0,0
32.4814,384.0000,10.0000,8.0000,255.0000,6.1189,0.0714,0.1503,0.0946,0.0728,0,0,0,0,0,0,0,0
32.5018,382.0000,10.0000,8.0000,255.0000,6.1260,0.0703,0.1503,0.0949,0.0717,0,0,0,0,0,0,0,0
32.5184,381.0000,10.0000,8.0000,255.0000,6.1699,0.0637,0.1502,0.0939,0.0683,0,0,0,0,0,0,0,0
32.5341,379.0000,10.0000,8.0000,255.0000,6.1558,0.0658,0.1510,0.0950,0.0672,0,0,0,0,0,0,0,0
32.5594,376.0000,10.0000,8.0000,255.0000,6.0993,0.0744,0.1499,0.0903,0.0700,0,0,0,0,0,0,0,0
32.6447,368.0000,10.0000,8.0000,255.0000,6.1157,0.0719,0.1503,0.0901,0.0706,0,0,0,0,0,0,0,0
32.6656,366.0000,10.0000,8.0000,255.0000,6.1306,0.0696,0.1505,0.0931,0.0701,0,0,0,0,0,0,0,0
32.6845,364.0000,10.0000,8.0000,255.0000,6.1399,0.0682,0.1507,0.0963,0.0692,0,0,0,0,0,0,0,0
32.7020,363.0000,10.0000,8.0000,255.0000,6.1445,0.0675,0.1507,0.0987,0.0684,0,0,0,0,0,0,0,0
32.7187,361.0000,10.0000,8.0000,255.0000,6.0937,0.0752,0.1503,0.0937,0.0710,0,0,0,0,0,0,0,0
32.7441,358.0000,10.0000,8.0000,255.0000,6.0864,0.0763,0.1499,0.0920,0.0730,0,0,0,0,0,0,0,0
32.7607,356.0000,10.0000,9.0000,254.0000,6.0729,0.0784,0.1494,0.0909,0.0751,0,0,0,0,0,0,0,0
32.7785,354.0000,10.0000,9.0000,255.0000,6.1186,0.0714,0.1501,0.0927,0.0735,0,0,0,0,0,0,0,0
32.7981,353.0000,10.0000,9.0000,255.0000,6.1430,0.0678,0.1502,0.0937,0.0711,0,0,0,0,0,0,0,0
32.8179,351.0000,10.0000,9.0000,255.0000,6.1781,0.0624,0.1497,0.0957,0.0675,0,0,0,0,0,0,0,0
32.8343,350.0000,10.0000,9.0000,255.0000,6.1222,0.0709,0.1504,0.0939,0.0687,0,0,0,0,0,0,0,0
32.8510,348.0000,10.0000,9.0000,255.0000,6.1579,0.0655,0.1495,0.0928,0.0673,0,0,0,0,0,0,0,0
32.8683,346.0000,10.0000,9.0000,255.0000,6.1006,0.0742,0.1496,0.0914,0.0699,0,0,0,0,0,0,0,0
32.8849,345.0000,10.0000,9.0000,255.0000,6.0945,0.0751,0.1495,0.0910,0.0719,0,0,0,0,0,0,0,0
32.9018,343.0000,10.0000,9.0000,255.0000,6.1284,0.0700,0.1485,0.0903,0.0710,0,0,0,0,0,0,0,0
32.9181,341.0000,10.0000,9.0000,255.0000,6.1355,0.0689,0.1484,0.0923,0.0700,0,0,0,0,0,0,0,0
32.9351,340.0000,10.0000,9.0000,255.0000,6.1359,0.0688,0.1491,0.0942,0.0694,0,0,0,0,0,0,0,0
32.9520,338.0000,10.0000,9.0000,255.0000,6.1907,0.0605,0.1487,0.0946,0.0657,0,0,0,0,0,0,0,0
32.9682,336.0000,10.0000,9.0000,255.0000,6.1337,0.0692,0.1492,0.0932,0.0670,0,0,0,0,0,0,0,0
32.9935,333.0000,10.0000,9.0000,255.0000,6.1214,0.0710,0.1486,0.0917,0.0685,0,0,0,0,0,0,0,0
33.0107,332.0000,10.0000,9.0000,255.0000,6.1089,0.0729,0.1481,0.0903,0.0701,0,0,0,0,0,0,0,0
33.0318,330.0000,10.0000,10.0000,255.0000,6.1238,0.0707,0.1482,0.0904,0.0702,0,0,0,0,0,0,0,0
33.0519,328.0000,10.0000,10.0000,255.0000,6.1272,0.0701,0.1481,0.0907,0.0701,0,0,0,0,0,0,0,0
33.0693,327.0000,10.0000,10.0000,255.0000,6.1293,0.0698,0.1479,0.0921,0.0699,0,0,0,0,0,0,0,0
33.1623,317.0000,10.0000,10.0000,251.0000,6.2299,0.0546,0.1488,0.0940,0.0636,0,0,0,0,0,0,0,0
33.1812,315.0000,10.0000,10.0000,251.0000,6.2690,0.0486,0.1486,0.0939,0.0575,0,0,0,0,0,0,0,0
33.1990,314.0000,10.0000,10.0000,246.0000,6.2618,0.0497,0.1486,0.0940,0.0543,0,0,0,0,0,0,0,0
33.2180,312.0000,10.0000,10.0000,251.0000,6.2271,0.0550,0.1492,0.0932,0.0544,0,0,0,0,0,0,0,0
33.2351,310.0000,10.0000,10.0000,247.0000,6.2404,0.0530,0.1496,0.0946,0.0537,0,0,0,0,0,0,0,0
33.2514,309.0000,10.0000,10.0000,251.0000,6.2611,0.0498,0.1506,0.0961,0.0520,0,0,0,0,0,0,0,0
33.2681,307.0000,10.0000,10.0000,251.0000,6.2577,0.0503,0.1510,0.0987,0.0512,0,0,0,0,0,0,0,0
33.2848,305.0000,10.0000,10.0000,251.0000,6.3054,0.0431,0.1509,0.0999,0.0479,0,0,0,0,0,0,0,0
33.3023,304.0000,10.0000,11.0000,244.0000,6.2790,0.0471,0.1510,0.0994,0.0474,0,0,0,0,0,0,0,0
33.3184,302.0000,10.0000,11.0000,242.0000,6.2344,0.0539,0.1515,0.0988,0.0499,0,0,0,0,0,0,0,0
33.3430,299.0000,10.0000,11.0000,251.0000,6.3248,0.0402,0.1528,0.0994,0.0459,0,0,0,0,0,0,0,0
33.3600,297.0000,10.0000,11.0000,252.0000,6.3598,0.0349,0.1523,0.0995,0.0413,0,0,0,0,0,0,0,0
33.3770,296.0000,10.0000,11.0000,252.0000,6.4001,0.0287,0.1524,0.1014,0.0362,0,0,0,0,0,0,0,0
33.3951,294.0000,10.0000,11.0000,249.0000,6.3530,0.0359,0.1528,0.1025,0.0359,0,0,0,0,0,0,0,0
33.4157,292.0000,10.0000,11.0000,244.0000,6.3207,0.0408,0.1527,0.1019,0.0377,0,0,0,0,0,0,0,0
33.4354,291.0000,10.0000,11.0000,239.0000,6.3027,0.0435,0.1527,0.1020,0.0399,0,0,0,0,0,0,0,0
33.4603,287.0000,10.0000,11.0000,245.0000,6.3373,0.0383,0.1541,0.1023,0.0391,0,0,0,0,0,0,0,0
33.4783,286.0000,10.0000,11.0000,246.0000,6.3611,0.0347,0.1549,0.1034,0.0372,0,0,0,0,0,0,0,0
33.4994,284.0000,10.0000,11.0000,244.0000,6.3729,0.0329,0.1553,0.1044,0.0353,0,0,0,0,0,0,0,0
33.5190,282.0000,10.0000,11.0000,244.0000,6.3790,0.0319,0.1556,0.1052,0.0339,0,0,0,0,0,0,0,0
33.5421,279.0000,10.0000,11.0000,237.0000,6.3451,0.0371,0.1560,0.1050,0.0350,0,0,0,0,0,0,0,0
33.5606,278.0000,10.0000,12.0000,238.0000,6.3648,0.0341,0.1569,0.1059,0.0345,0,0,0,0,0,0,0,0
33.5771,276.0000,10.0000,12.0000,238.0000,6.3553,0.0355,0.1571,0.1056,0.0348,0,0,0,0,0,0,0,0
33.6656,268.0000,10.0000,12.0000,242.0000,6.4650,0.0189,0.1601,0.1089,0.0283,0,0,0,0,0,0,0,0
33.6844,266.0000,10.0000,12.0000,239.0000,6.4514,0.0210,0.1601,0.1094,0.0252,0,0,0,0,0,0,0,0
33.7013,264.0000,10.0000,12.0000,229.9400,6.4266,0.0247,0.1601,0.1104,0.0249,0,0,0,0,0,0,0,0
33.7183,263.0000,10.0000,12.0000,227.9400,6.4128,0.0268,0.1602,0.1109,0.0255,0,0,0,0,0,0,0,0
33.7352,261.0000,10.0000,12.0000,220.9400,6.3963,0.0293,0.1603,0.1108,0.0269,0,0,0,0,0,0,0,0
33.7508,260.0000,10.0000,12.0000,223.0000,6.4071,0.0277,0.1610,0.1112,0.0271,0,0,0,0,0,0,0,0
33.7755,256.0000,10.0000,12.0000,231.0000,6.4805,0.0165,0.1628,0.1114,0.0227,0,0,0,0,0,0,0,0
33.7940,255.0000,10.0000,12.0000,230.0000,6.4622,0.0193,0.1629,0.1115,0.0212,0,0,0,0,0,0,0,0
33.8150,253.0000,nan,12.0000,229.0000,6.4617,0.0194,0.1630,0.1116,0.0204,0,0,0,0,0,0,0,0
33.8352,251.0000,10.0000,13.0000,224.0000,6.4797,0.0167,0.1626,0.1119,0.0188,0,0,0,0,0,0,0,0
33.8521,250.0000,nan,13.0000,219.0000,6.4299,0.0242,0.1632,0.1128,0.0208,0,0,0,0,0,0,0,0
33.8749,246.0000,nan,13.0000,214.0000,6.4220,0.0254,0.1639,0.1142,0.0225,0,0,0,0,0,0,0,0
33.8943,245.0000,nan,13.0000,209.0000,6.4329,0.0238,0.1637,0.1148,0.0229,0,0,0,0,0,0,0,0
33.9120,243.0000,10.0000,13.0000,214.0000,6.4468,0.0216,0.1650,0.1150,0.0223,0,0,0,0,0,0,0,0
33.9327,242.0000,nan,13.0000,216.0000,6.4622,0.0193,0.1657,0.1151,0.0210,0,0,0,0,0,0,0,0
33.9516,240.0000,0.0000,13.0000,212.9400,6.4729,0.0177,0.1666,0.1157,0.0195,0,0,0,0,0,0,0,0
33.9676,238.0000,nan,13.0000,219.0000,6.4888,0.0153,0.1671,0.1162,0.0177,0,0,0,0,0,0,0,0
33.9849,237.0000,nan,nan,213.9400,6.4733,0.0176,0.1672,0.1167,0.0175,0,0,0,0,0,0,0,0
34.0012,235.0000,nan,nan,213.0000,6.4594,0.0197,0.1674,0.1174,0.0183,0,0,0,0,0,0,0,0
34.0181,233.0000,nan,139.0000,207.0000,6.4418,0.0224,0.1674,0.1180,0.0198,0,0,0,0,0,0,0,0
34.0353,232.0000,nan,139.0000,209.0000,6.4328,0.0238,0.1679,0.1192,0.0213,0,0,0,0,0,0,0,0
34.0514,230.0000,nan,139.0000,204.0000,6.4333,0.0237,0.1688,0.1192,0.0221,0,0,0,0,0,0,0,0
34.0762,227.0000,nan,139.0000,208.0000,6.4409,0.0225,0.1700,0.1197,0.0222,0,0,0,0,0,0,0,0
34.0968,225.0000,nan,149.0000,211.9400,6.4792,0.0167,0.1703,0.1207,0.0199,0,0,0,0,0,0,0,0
34.1822,224.0000,nan,149.0000,200.0000,6.3498,0.0364,0.1725,0.1227,0.0263,0,0,0,0,0,0,0,0
34.2016,224.0000,nan,149.0000,201.0000,6.3386,0.0381,0.1730,0.1229,0.0309,0,0,0,0,0,0,0,0
34.2181,224.0000,nan,149.0000,199.9400,6.3310,0.0392,0.1734,0.1230,0.0341,0,0,0,0,0,0,0,0
34.2348,224.0000,0.0000,149.0000,203.0000,6.3410,0.0377,0.1739,0.1232,0.0354,0,0,0,0,0,0,0,0
34.2514,224.0000,0.0000,149.0000,203.0000,6.3526,0.0359,0.1744,0.1235,0.0355,0,0,0,0,0,0,0,0
34.2690,224.0000,nan,149.0000,204.9400,6.3487,0.0365,0.1745,0.1242,0.0358,0,0,0,0,0,0,0,0
34.2920,224.0000,nan,149.0000,206.0000,6.3069,0.0429,0.1742,0.1241,0.0385,0,0,0,0,0,0,0,0
34.3098,224.0000,nan,149.0000,205.0000,6.2915,0.0452,0.1739,0.1238,0.0411,0,0,0,0,0,0,0,0
34.3282,224.0000,nan,nan,204.9400,6.2821,0.0466,0.1737,0.1238,0.0432,0,0,0,0,0,0,0,0
34.3494,224.0000,nan,nan,209.0000,6.3117,0.0422,0.1735,0.1248,0.0426,0,0,0,0,0,0,0,0
34.3682,224.0000,nan,nan,215.0000,6.3428,0.0374,0.1739,0.1251,0.0404,0,0,0,0,0,0,0,0
34.3848,224.0000,nan,15.0000,216.0000,6.3397,0.0379,0.1736,0.1247,0.0393,0,0,0,0,0,0,0,0
34.4014,224.0000,nan,nan,220.0000,6.3362,0.0384,0.1731,0.1243,0.0388,0,0,0,0,0,0,0,0
34.4182,224.0000,nan,15.0000,222.0000,6.3146,0.0417,0.1728,0.1233,0.0399,0,0,0,0,0,0,0,0
34.4348,224.0000,nan,15.0000,216.0000,6.2658,0.0491,0.1721,0.1226,0.0434,0,0,0,0,0,0,0,0
34.4587,224.0000,nan,15.0000,216.0000,6.2443,0.0524,0.1718,0.1213,0.0469,0,0,0,0,0,0,0,0
34.4782,224.0000,nan,15.0000,221.0000,6.2524,0.0511,0.1718,0.1210,0.0485,0,0,0,0,0,0,0,0
34.4983,224.0000,nan,15.0000,227.0000,6.2310,0.0544,0.1712,0.1203,0.0507,0,0,0,0,0,0,0,0
34.5185,224.0000,0.0000,15.0000,226.0000,6.2080,0.0579,0.1708,0.1204,0.0535,0,0,0,0,0,0,0,0
34.5352,224.0000,0.0000,15.0000,228.0000,6.1909,0.0605,0.1703,0.1201,0.0561,0,0,0,0,0,0,0,0
34.5534,224.0000,0.0000,15.0000,232.0000,6.1628,0.0647,0.1700,0.1191,0.0595,0,0,0,0,0,0,0,0
34.5780,224.0000,0.0000,15.0000,231.0000,6.1591,0.0653,0.1689,0.1173,0.0617,0,0,0,0,0,0,0,0
34.5979,224.0000,0.0000,15.0000,230.0000,6.1517,0.0664,0.1682,0.1157,0.0635,0,0,0,0,0,0,0,0
34.6940,224.0000,0.0000,16.0000,238.0000,6.0779,0.0776,0.1646,0.1120,0.0690,0,0,0,0,0,0,0,0
34.7118,224.0000,0.0000,16.0000,239.0000,6.0782,0.0776,0.1641,0.1114,0.0723,0,0,0,0,0,0,0,0
34.7317,224.0000,0.0000,16.0000,239.0000,6.0454,0.0826,0.1633,0.1091,0.0763,0,0,0,0,0,0,0,0
34.7517,224.0000,0.0000,16.0000,240.8800,6.0285,0.0851,0.1628,0.1081,0.0797,0,0,0,0,0,0,0,0
34.7681,224.0000,0.0000,16.0000,242.9400,6.0269,0.0854,0.1624,0.1077,0.0819,0,0,0,0,0,0,0,0
34.7926,224.0000,0.0000,16.0000,252.0000,6.0252,0.0856,0.1609,0.1048,0.0832,0,0,0,0,0,0,0,0
34.8104,224.0000,0.0000,16.0000,252.0000,5.9993,0.0896,0.1597,0.1030,0.0857,0,0,0,0,0,0,0,0
34.8308,224.0000,0.0000,16.0000,249.9400,6.0095,0.0880,0.1584,0.1013,0.0865,0,0,0,0,0,0,0,0
34.8479,224.0000,0.0000,16.0000,249.0000,6.0107,0.0878,0.1576,0.1003,0.0869,0,0,0,0,0,0,0,0
34.8681,224.0000,0.0000,16.0000,250.0000,5.9886,0.0912,0.1574,0.1003,0.0885,0,0,0,0,0,0,0,0
34.8844,224.0000,0.0000,16.0000,251.0000,5.9859,0.0916,0.1568,0.0998,0.0896,0,0,0,0,0,0,0,0
34.9012,224.0000,0.0000,17.0000,252.0000,5.9907,0.0909,0.1564,0.1006,0.0900,0,0,0,0,0,0,0,0
34.9177,224.0000,0.0000,17.0000,253.0000,6.0146,0.0872,0.1559,0.1010,0.0888,0,0,0,0,0,0,0,0
34.9342,224.0000,0.0000,17.0000,255.0000,6.0345,0.0842,0.1554,0.1011,0.0868,0,0,0,0,0,0,0,0
34.9553,224.0000,0.0000,17.0000,255.0000,6.0606,0.0803,0.1542,0.0975,0.0841,0,0,0,0,0,0,0,0
34.9767,224.0000,0.0000,17.0000,252.0000,6.0020,0.0892,0.1529,0.0952,0.0860,0,0,0,0,0,0,0,0
34.9947,224.0000,0.0000,17.0000,251.0000,5.9987,0.0896,0.1524,0.0952,0.0873,0,0,0,0,0,0,0,0
35.0143,224.0000,0.0000,17.0000,255.0000,6.0324,0.0845,0.1525,0.0969,0.0861,0,0,0,0,0,0,0,0
35.0315,224.0000,0.0000,17.0000,255.0000,6.0608,0.0802,0.1527,0.0974,0.0836,0,0,0,0,0,0,0,0
35.0516,224.0000,0.0000,17.0000,255.0000,6.0481,0.0822,0.1524,0.0966,0.0829,0,0,0,0,0,0,0,0
35.0685,224.0000,0.0000,17.0000,255.0000,6.0302,0.0849,0.1520,0.0943,0.0836,0,0,0,0,0,0,0,0
35.0846,224.0000,0.0000,17.0000,255.0000,6.0289,0.0851,0.1515,0.0929,0.0841,0,0,0,0,0,0,0,0
35.1014,224.0000,0.0000,17.0000,255.0000,6.0264,0.0854,0.1510,0.0923,0.0845,0,0,0,0,0,0,0,0
35.1940,224.0000,0.0000,18.0000,255.0000,6.0851,0.0765,0.1499,0.0920,0.0812,0,0,0,0,0,0,0,0
35.2148,224.0000,0.0000,18.0000,255.0000,6.0869,0.0763,0.1499,0.0914,0.0791,0,0,0,0,0,0,0,0
35.2354,224.0000,0.0000,18.0000,255.0000,6.0967,0.0748,0.1500,0.0928,0.0772,0,0,0,0,0,0,0,0
35.2598,224.0000,0.0000,18.0000,255.0000,6.0571,0.0808,0.1494,0.0909,0.0785,0,0,0,0,0,0,0,0
35.2765,224.0000,0.0000,18.0000,255.0000,6.0759,0.0779,0.1496,0.0908,0.0782,0,0,0,0,0,0,0,0
35.2975,224.0000,0.0000,18.0000,255.0000,6.1212,0.0711,0.1493,0.0907,0.0752,0,0,0,0,0,0,0,0
35.3145,224.0000,0.0000,18.0000,255.0000,6.1222,0.0709,0.1493,0.0911,0.0734,0,0,0,0,0,0,0,0
35.3348,224.0000,0.0000,18.0000,255.0000,6.1006,0.0742,0.1495,0.0910,0.0736,0,0,0,0,0,0,0,0
35.3517,224.0000,0.0000,18.0000,255.0000,6.1233,0.0707,0.1489,0.0907,0.0723,0,0,0,0,0,0,0,0
35.3681,224.0000,0.0000,18.0000,255.0000,6.1304,0.0697,0.1485,0.0904,0.0711,0,0,0,0,0,0,0,0
35.3852,224.0000,0.0000,18.0000,255.0000,6.1181,0.0715,0.1489,0.0910,0.0712,0,0,0,0,0,0,0,0
35.4012,224.0000,0.0000,18.0000,255.0000,6.1093,0.0729,0.1486,0.0912,0.0717,0,0,0,0,0,0,0,0
35.4259,224.0000,0.0000,19.0000,255.0000,6.1218,0.0710,0.1486,0.0919,0.0713,0,0,0,0,0,0,0,0
35.4445,224.0000,0.0000,19.0000,255.0000,6.1376,0.0686,0.1486,0.0925,0.0701,0,0,0,0,0,0,0,0
35.4654,224.0000,0.0000,19.0000,255.0000,6.1715,0.0634,0.1481,0.0926,0.0673,0,0,0,0,0,0,0,0
35.4857,224.0000,0.0000,19.0000,255.0000,6.1452,0.0674,0.1484,0.0939,0.0672,0,0,0,0,0,0,0,0
35.5104,224.0000,0.0000,19.0000,255.0000,6.1353,0.0689,0.1482,0.0914,0.0678,0,0,0,0,0,0,0,0
35.5280,224.0000,0.0000,19.0000,255.0000,6.1537,0.0661,0.1484,0.0912,0.0670,0,0,0,0,0,0,0,0
35.5480,224.0000,0.0000,19.0000,255.0000,6.1517,0.0664,0.1482,0.0905,0.0667,0,0,0,0,0,0,0,0
35.5684,224.0000,0.0000,19.0000,255.0000,6.1895,0.0607,0.1474,0.0904,0.0641,0,0,0,0,0,0,0,0
35.5844,224.0000,0.0000,19.0000,255.0000,6.1834,0.0616,0.1474,0.0911,0.0630,0,0,0,0,0,0,0,0
35.6095,224.0000,0.0000,19.0000,255.0000,6.1834,0.0616,0.1471,0.0907,0.0623,0,0,0,0,0,0,0,0
35.6984,224.0000,0.0000,20.0000,255.0000,6.2007,0.0590,0.1477,0.0933,0.0609,0,0,0,0,0,0,0,0
35.7188,224.0000,0.0000,20.0000,255.0000,6.2479,0.0518,0.1471,0.0932,0.0571,0,0,0,0,0,0,0,0
35.7433,224.0000,0.0000,20.0000,255.0000,6.1950,0.0599,0.1475,0.0932,0.0581,0,0,0,0,0,0,0,0
35.7613,224.0000,0.0000,20.0000,255.0000,6.1963,0.0597,0.1473,0.0946,0.0586,0,0,0,0,0,0,0,0
35.7807,224.0000,0.0000,20.0000,255.0000,6.1953,0.0598,0.1468,0.0935,0.0590,0,0,0,0,0,0,0,0
35.7979,224.0000,0.0000,20.0000,255.0000,6.1737,0.0631,0.1468,0.0932,0.0605,0,0,0,0,0,0,0,0
35.8143,224.0000,0.0000,20.0000,255.0000,6.1977,0.0595,0.1462,0.0911,0.0600,0,0,0,0,0,0,0,0
35.8320,224.0000,0.0000,20.0000,255.0000,6.2168,0.0565,0.1465,0.0915,0.0585,0,0,0,0,0,0,0,0
35.8518,224.0000,0.0000,20.0000,255.0000,6.2134,0.0571,0.1473,0.0921,0.0578,0,0,0,0,0,0,0,0
35.8681,224.0000,0.0000,20.0000,255.0000,6.2728,0.0480,0.1470,0.0940,0.0538,0,0,0,0,0,0,0,0
35.8927,224.0000,0.0000,20.0000,255.0000,6.2311,0.0544,0.1471,0.0937,0.0539,0,0,0,0,0,0,0,0
35.9086,224.0000,0.0000,20.0000,255.0000,6.2697,0.0485,0.1462,0.0925,0.0516,0,0,0,0,0,0,0,0
35.9279,224.0000,0.0000,20.0000,253.0000,6.2149,0.0568,0.1465,0.0917,0.0536,0,0,0,0,0,0,0,0
35.9456,224.0000,0.0000,20.0000,255.0000,6.2727,0.0481,0.1463,0.0918,0.0513,0,0,0,0,0,0,0,0
35.9650,224.0000,0.0000,21.0000,255.0000,6.2824,0.0466,0.1460,0.0910,0.0493,0,0,0,0,0,0,0,0
35.9849,224.0000,0.0000,21.0000,255.0000,6.2834,0.0464,0.1462,0.0912,0.0480,0,0,0,0,0,0,0,0
36.0012,224.0000,0.0000,21.0000,255.0000,6.2401,0.0530,0.1465,0.0912,0.0499,0,0,0,0,0,0,0,0
36.0212,224.0000,0.0000,21.0000,255.0000,6.2352,0.0538,0.1463,0.0920,0.0513,0,0,0,0,0,0,0,0
36.0376,224.0000,0.0000,21.0000,255.0000,6.2143,0.0569,0.1460,0.0929,0.0534,0,0,0,0,0,0,0,0
36.0548,224.0000,0.0000,21.0000,255.0000,6.2335,0.0540,0.1461,0.0947,0.0535,0,0,0,0,0,0,0,0
36.0708,224.0000,0.0000,21.0000,255.0000,6.2284,0.0548,0.1461,0.0946,0.0539,0,0,0,0,0,0,0,0
36.0924,224.0000,0.0000,21.0000,253.0000,6.2397,0.0531,0.1463,0.0941,0.0535,0,0,0,0,0,0,0,0
36.1120,224.0000,0.0000,21.0000,251.0000,6.2667,0.0490,0.1457,0.0942,0.0515,0,0,0,0,0,0,0,0
36.2022,224.0000,0.0000,21.0000,255.0000,6.2785,0.0472,0.1461,0.0934,0.0497,0,0,0,0,0,0,0,0
36.2270,224.0000,0.0000,22.0000,255.0000,6.2275,0.0549,0.1466,0.0947,0.0517,0,0,0,0,0,0,0,0
36.2490,224.0000,0.0000,22.0000,255.0000,6.2058,0.0582,0.1462,0.0929,0.0542,0,0,0,0,0,0,0,0
36.2699,224.0000,0.0000,22.0000,255.0000,6.2148,0.0568,0.1468,0.0925,0.0551,0,0,0,0,0,0,0,0
36.2926,224.0000,0.0000,22.0000,255.0000,6.2195,0.0561,0.1469,0.0915,0.0554,0,0,0,0,0,0,0,0
36.3102,224.0000,0.0000,22.0000,255.0000,6.2139,0.0570,0.1468,0.0920,0.0559,0,0,0,0,0,0,0,0
36.3269,224.0000,0.0000,22.0000,255.0000,6.2135,0.0570,0.1468,0.0926,0.0562,0,0,0,0,0,0,0,0
36.3447,224.0000,0.0000,22.0000,255.0000,6.1926,0.0602,0.1468,0.0926,0.0577,0,0,0,0,0,0,0,0
36.3647,224.0000,0.0000,22.0000,255.0000,6.1655,0.0643,0.1466,0.0925,0.0602,0,0,0,0,0,0,0,0
36.3844,224.0000,0.0000,22.0000,255.0000,6.1727,0.0632,0.1467,0.0932,0.0613,0,0,0,0,0,0,0,0
36.4018,224.0000,0.0000,22.0000,255.0000,6.1555,0.0659,0.1463,0.0920,0.0630,0,0,0,0,0,0,0,0
36.4218,224.0000,0.0000,22.0000,255.0000,6.1688,0.0638,0.1465,0.0913,0.0632,0,0,0,0,0,0,0,0
36.4400,224.0000,0.0000,22.0000,255.0000,6.1967,0.0596,0.1465,0.0914,0.0617,0,0,0,0,0,0,0,0
36.4617,224.0000,0.0000,22.0000,255.0000,6.2296,0.0546,0.1467,0.0925,0.0587,0,0,0,0,0,0,0,0
36.4818,224.0000,0.0000,22.0000,255.0000,6.2081,0.0579,0.1468,0.0927,0.0583,0,0,0,0,0,0,0,0
36.5012,224.0000,0.0000,23.0000,255.0000,6.1778,0.0625,0.1466,0.0923,0.0598,0,0,0,0,0,0,0,0
36.5194,224.0000,0.0000,23.0000,255.0000,6.1536,0.0661,0.1465,0.0916,0.0622,0,0,0,0,0,0,0,0
36.5441,224.0000,0.0000,23.0000,255.0000,6.1457,0.0673,0.1465,0.0909,0.0641,0,0,0,0,0,0,0,0
36.5662,224.0000,0.0000,23.0000,255.0000,6.1629,0.0647,0.1468,0.0920,0.0643,0,0,0,0,0,0,0,0
36.5850,224.0000,0.0000,23.0000,255.0000,6.2285,0.0548,0.1465,0.0935,0.0603,0,0,0,0,0,0,0,0
36.6017,224.0000,0.0000,23.0000,255.0000,6.2281,0.0548,0.1468,0.0937,0.0580,0,0,0,0,0,0,0,0
36.6178,224.0000,0.0000,23.0000,255.0000,6.1727,0.0632,0.1468,0.0935,0.0600,0,0,0,0,0,0,0,0
36.7097,224.0000,0.0000,23.0000,255.0000,6.1627,0.0648,0.1467,0.0915,0.0618,0,0,0,0,0,0,0,0
36.7269,224.0000,0.0000,23.0000,255.0000,6.1723,0.0633,0.1471,0.0919,0.0623,0,0,0,0,0,0,0,0
36.7446,224.0000,0.0000,23.0000,255.0000,6.1919,0.0603,0.1473,0.0923,0.0614,0,0,0,0,0,0,0,0
36.7616,224.0000,0.0000,24.0000,255.0000,6.1929,0.0602,0.1475,0.0927,0.0608,0,0,0,0,0,0,0,0
36.7808,224.0000,0.0000,24.0000,255.0000,6.1761,0.0627,0.1476,0.0932,0.0614,0,0,0,0,0,0,0,0
36.7985,224.0000,0.0000,24.0000,255.0000,6.1693,0.0638,0.1478,0.0937,0.0622,0,0,0,0,0,0,0,0
36.8179,224.0000,0.0000,24.0000,255.0000,6.1269,0.0702,0.1475,0.0917,0.0653,0,0,0,0,0,0,0,0
36.8348,224.0000,0.0000,24.0000,254.9400,6.1183,0.0715,0.1476,0.0918,0.0677,0,0,0,0,0,0,0,0
36.8512,224.0000,0.0000,24.0000,255.0000,6.1384,0.0684,0.1482,0.0916,0.0679,0,0,0,0,0,0,0,0
36.8680,224.0000,0.0000,24.0000,255.0000,6.1509,0.0665,0.1487,0.0921,0.0672,0,0,0,0,0,0,0,0
36.8940,224.0000,0.0000,24.0000,255.0000,6.1496,0.0667,0.1491,0.0918,0.0669,0,0,0,0,0,0,0,0
36.9145,224.0000,0.0000,24.0000,255.0000,6.1755,0.0628,0.1483,0.0921,0.0651,0,0,0,0,0,0,0,0
36.9345,224.0000,0.0000,24.0000,255.0000,6.1136,0.0722,0.1486,0.0917,0.0679,0,0,0,0,0,0,0,0
36.9509,224.0000,0.0000,24.0000,253.0000,6.0997,0.0743,0.1485,0.0933,0.0703,0,0,0,0,0,0,0,0
36.9681,224.0000,0.0000,24.0000,255.0000,6.1523,0.0663,0.1482,0.0933,0.0686,0,0,0,0,0,0,0,0
36.9847,224.0000,0.0000,24.0000,255.0000,6.1648,0.0644,0.1485,0.0930,0.0668,0,0,0,0,0,0,0,0
37.0095,224.0000,0.0000,24.0000,255.0000,6.1131,0.0723,0.1485,0.0921,0.0689,0,0,0,0,0,0,0,0
37.0277,224.0000,0.0000,25.0000,255.0000,6.1104,0.0727,0.1468,0.0918,0.0703,0,0,0,0,0,0,0,0
37.0471,224.0000,0.0000,25.0000,255.0000,6.1087,0.0729,0.1468,0.0916,0.0712,0,0,0,0,0,0,0,0
37.0641,224.0000,0.0000,25.0000,255.0000,6.0966,0.0748,0.1465,0.0913,0.0725,0,0,0,0,0,0,0,0
37.0814,224.0000,0.0000,25.0000,255.0000,6.1173,0.0717,0.1468,0.0912,0.0721,0,0,0,0,0,0,0,0
37.1017,224.0000,0.0000,25.0000,255.0000,6.1184,0.0715,0.1466,0.0909,0.0717,0,0,0,0,0,0,0,0
37.1179,224.0000,0.0000,25.0000,255.0000,6.1192,0.0714,0.1467,0.0909,0.0715,0,0,0,0,0,0,0,0
37.2098,224.0000,0.0000,25.0000,255.0000,6.1323,0.0694,0.1471,0.0901,0.0705,0,0,0,0,0,0,0,0
37.2274,224.0000,0.0000,25.0000,255.0000,6.0754,0.0780,0.1478,0.0916,0.0734,0,0,0,0,0,0,0,0
37.2477,224.0000,0.0000,25.0000,255.0000,6.0873,0.0762,0.1479,0.0931,0.0744,0,0,0,0,0,0,0,0
37.2686,224.0000,0.0000,25.0000,255.0000,6.0847,0.0766,0.1481,0.0917,0.0752,0,0,0,0,0,0,0,0
37.2899,224.0000,0.0000,26.0000,255.0000,6.1081,0.0731,0.1482,0.0916,0.0742,0,0,0,0,0,0,0,0
37.3108,224.0000,0.0000,26.0000,255.0000,6.1235,0.0707,0.1484,0.0926,0.0727,0,0,0,0,0,0,0,0
37.3310,224.0000,0.0000,26.0000,255.0000,6.1117,0.0725,0.1480,0.0937,0.0725,0,0,0,0,0,0,0,0
37.3511,224.0000,0.0000,26.0000,255.0000,6.0702,0.0788,0.1483,0.0924,0.0749,0,0,0,0,0,0,0,0
37.3676,224.0000,0.0000,26.0000,255.0000,6.0921,0.0755,0.1479,0.0919,0.0750,0,0,0,0,0,0,0,0
37.3846,224.0000,0.0000,26.0000,255.0000,6.0841,0.0767,0.1483,0.0922,0.0756,0,0,0,0,0,0,0,0
37.4012,224.0000,0.0000,26.0000,255.0000,6.0919,0.0755,0.1486,0.0940,0.0754,0,0,0,0,0,0,0,0
37.4183,224.0000,0.0000,26.0000,255.0000,6.1416,0.0680,0.1481,0.0948,0.0723,0,0,0,0,0,0,0,0
37.4347,224.0000,0.0000,26.0000,255.0000,6.0829,0.0769,0.1483,0.0937,0.0740,0,0,0,0,0,0,0,0
37.4598,224.0000,0.0000,26.0000,255.0000,6.0982,0.0746,0.1484,0.0941,0.0741,0,0,0,0,0,0,0,0
37.4775,224.0000,0.0000,26.0000,255.0000,6.0643,0.0797,0.1481,0.0918,0.0762,0,0,0,0,0,0,0,0
37.4948,224.0000,0.0000,26.0000,255.0000,6.0485,0.0821,0.1482,0.0910,0.0785,0,0,0,0,0,0,0,0
37.5147,224.0000,0.0000,26.0000,255.0000,6.0622,0.0800,0.1485,0.0908,0.0790,0,0,0,0,0,0,0,0
37.5347,224.0000,0.0000,26.0000,255.0000,6.0942,0.0752,0.1485,0.0911,0.0773,0,0,0,0,0,0,0,0
37.5521,224.0000,0.0000,26.0000,255.0000,6.0733,0.0783,0.1489,0.0908,0.0776,0,0,0,0,0,0,0,0
37.5767,224.0000,0.0000,27.0000,255.0000,6.0419,0.0831,0.1489,0.0903,0.0797,0,0,0,0,0,0,0,0
37.5937,224.0000,0.0000,27.0000,255.0000,6.0473,0.0823,0.1490,0.0915,0.0806,0,0,0,0,0,0,0,0
37.6149,224.0000,0.0000,27.0000,255.0000,6.0785,0.0775,0.1488,0.0925,0.0793,0,0,0,0,0,0,0,0
37.6344,224.0000,0.0000,27.0000,255.0000,6.0644,0.0797,0.1485,0.0913,0.0793,0,0,0,0,0,0,0,0
37.7187,224.0000,0.0000,27.0000,255.0000,6.0705,0.0788,0.1495,0.0922,0.0790,0,0,0,0,0,0,0,0
37.7348,224.0000,0.0000,27.0000,255.0000,6.0678,0.0792,0.1495,0.0917,0.0789,0,0,0,0,0,0,0,0
37.7597,224.0000,0.0000,27.0000,254.0000,6.0719,0.0785,0.1496,0.0958,0.0786,0,0,0,0,0,0,0,0
37.7779,224.0000,0.0000,27.0000,255.0000,6.0843,0.0767,0.1497,0.0948,0.0777,0,0,0,0,0,0,0,0
37.7979,224.0000,0.0000,27.0000,255.0000,6.0929,0.0754,0.1498,0.0923,0.0767,0,0,0,0,0,0,0,0
37.8146,224.0000,0.0000,27.0000,255.0000,6.0850,0.0766,0.1496,0.0912,0.0765,0,0,0,0,0,0,0,0
37.8322,224.0000,0.0000,28.0000,255.0000,6.0880,0.0761,0.1496,0.0898,0.0762,0,0,0,0,0,0,0,0
37.8544,224.0000,0.0000,28.0000,255.0000,6.0829,0.0769,0.1496,0.0894,0.0764,0,0,0,0,0,0,0,0
37.8724,224.0000,0.0000,28.0000,255.0000,6.0562,0.0809,0.1496,0.0897,0.0781,0,0,0,0,0,0,0,0
37.8937,224.0000,0.0000,28.0000,255.0000,6.0414,0.0832,0.1494,0.0899,0.0800,0,0,0,0,0,0,0,0
37.9107,224.0000,0.0000,28.0000,255.0000,6.0297,0.0849,0.1494,0.0903,0.0818,0,0,0,0,0,0,0,0
37.9268,224.0000,0.0000,28.0000,255.0000,6.0503,0.0818,0.1497,0.0920,0.0817,0,0,0,0,0,0,0,0
37.9459,224.0000,0.0000,28.0000,255.0000,6.0625,0.0800,0.1496,0.0929,0.0809,0,0,0,0,0,0,0,0
37.9639,224.0000,0.0000,28.0000,255.0000,6.0963,0.0748,0.1491,0.0917,0.0783,0,0,0,0,0,0,0,0
37.9806,224.0000,0.0000,28.0000,255.0000,6.0648,0.0796,0.1489,0.0896,0.0787,0,0,0,0,0,0,0,0
37.9977,224.0000,0.0000,28.0000,255.0000,6.0579,0.0807,0.1485,0.0904,0.0794,0,0,0,0,0,0,0,0
38.0182,224.0000,0.0000,28.0000,255.0000,6.0074,0.0883,0.1492,0.0897,0.0828,0,0,0,0,0,0,0,0
38.0346,224.0000,0.0000,28.0000,255.0000,6.0098,0.0880,0.1494,0.0898,0.0848,0,0,0,0,0,0,0,0
38.0564,224.0000,0.0000,28.0000,255.0000,6.0218,0.0861,0.1494,0.0913,0.0852,0,0,0,0,0,0,0,0
38.0776,224.0000,0.0000,28.0000,255.0000,6.0231,0.0859,0.1492,0.0912,0.0854,0,0,0,0,0,0,0,0
38.0977,224.0000,0.0000,29.0000,255.0000,6.0826,0.0769,0.1487,0.0917,0.0819,0,0,0,0,0,0,0,0
38.1178,224.0000,0.0000,29.0000,255.0000,6.0464,0.0824,0.1492,0.0913,0.0820,0,0,0,0,0,0,0,0
38.1336,224.0000,0.0000,29.0000,255.0000,6.0456,0.0825,0.1492,0.0908,0.0821,0,0,0,0,0,0,0,0
38.1512,224.0000,0.0000,29.0000,255.0000,6.0590,0.0805,0.1488,0.0905,0.0813,0,0,0,0,0,0,0,0
38.2352,224.0000,0.0000,29.0000,255.0000,6.0411,0.0832,0.1487,0.0909,0.0820,0,0,0,0,0,0,0,0
38.2608,224.0000,0.0000,29.0000,255.0000,6.0642,0.0797,0.1492,0.0928,0.0809,0,0,0,0,0,0,0,0
38.2779,224.0000,0.0000,29.0000,255.0000,6.0421,0.0831,0.1488,0.0912,0.0817,0,0,0,0,0,0,0,0
38.2989,224.0000,0.0000,29.0000,255.0000,6.0230,0.0860,0.1484,0.0914,0.0833,0,0,0,0,0,0,0,0
38.3179,224.0000,0.0000,29.0000,255.0000,6.0222,0.0861,0.1484,0.0910,0.0843,0,0,0,0,0,0,0,0
38.3347,224.0000,0.0000,29.0000,255.0000,6.0741,0.0782,0.1485,0.0903,0.0817,0,0,0,0,0,0,0,0
38.3512,224.0000,0.0000,29.0000,255.0000,6.0531,0.0814,0.1491,0.0901,0.0815,0,0,0,0,0,0,0,0
38.3724,224.0000,0.0000,30.0000,255.0000,6.0730,0.0784,0.1491,0.0906,0.0801,0,0,0,0,0,0,0,0
38.3950,224.0000,0.0000,30.0000,255.0000,6.0759,0.0779,0.1487,0.0905,0.0791,0,0,0,0,0,0,0,0
38.4143,224.0000,0.0000,30.0000,255.0000,6.0577,0.0807,0.1482,0.0903,0.0796,0,0,0,0,0,0,0,0
38.4347,224.0000,0.0000,30.0000,255.0000,6.0678,0.0792,0.1477,0.0900,0.0793,0,0,0,0,0,0,0,0
38.4519,224.0000,0.0000,30.0000,255.0000,6.0745,0.0782,0.1482,0.0910,0.0787,0,0,0,0,0,0,0,0
38.4765,224.0000,0.0000,30.0000,255.0000,6.1384,0.0685,0.1478,0.0924,0.0745,0,0,0,0,0,0,0,0
38.4942,224.0000,0.0000,30.0000,255.0000,6.1449,0.0675,0.1477,0.0925,0.0716,0,0,0,0,0,0,0,0
38.5136,224.0000,0.0000,30.0000,255.0000,6.1133,0.0723,0.1481,0.0922,0.0717,0,0,0,0,0,0,0,0
38.5306,224.0000,0.0000,30.0000,255.0000,6.0953,0.0750,0.1479,0.0916,0.0729,0,0,0,0,0,0,0,0
38.5477,224.0000,0.0000,30.0000,255.0000,6.0803,0.0773,0.1477,0.0910,0.0745,0,0,0,0,0,0,0,0
38.5686,224.0000,0.0000,30.0000,255.0000,6.0852,0.0765,0.1475,0.0898,0.0752,0,0,0,0,0,0,0,0
38.5937,224.0000,0.0000,30.0000,255.0000,6.1203,0.0712,0.1469,0.0894,0.0735,0,0,0,0,0,0,0,0
38.6141,224.0000,0.0000,30.0000,254.0000,6.0844,0.0766,0.1472,0.0918,0.0746,0,0,0,0,0,0,0,0
38.6328,224.0000,0.0000,31.0000,253.9400,6.0762,0.0779,0.1470,0.0928,0.0758,0,0,0,0,0,0,0,0
38.6514,224.0000,0.0000,31.0000,255.0000,6.0825,0.0769,0.1474,0.0930,0.0761,0,0,0,0,0,0,0,0
38.7449,224.0000,0.0000,31.0000,255.0000,6.0699,0.0788,0.1468,0.0924,0.0771,0,0,0,0,0,0,0,0
38.7639,224.0000,0.0000,31.0000,255.0000,6.0697,0.0789,0.1472,0.0923,0.0777,0,0,0,0,0,0,0,0
38.7811,224.0000,0.0000,31.0000,255.0000,6.0926,0.0754,0.1474,0.0922,0.0767,0,0,0,0,0,0,0,0
38.8016,224.0000,0.0000,31.0000,255.0000,6.1092,0.0729,0.1466,0.0907,0.0750,0,0,0,0,0,0,0,0
38.8228,224.0000,0.0000,31.0000,255.0000,6.0995,0.0743,0.1463,0.0917,0.0746,0,0,0,0,0,0,0,0
38.8424,224.0000,0.0000,31.0000,255.0000,6.0517,0.0816,0.1464,0.0915,0.0773,0,0,0,0,0,0,0,0
38.8617,224.0000,0.0000,31.0000,255.0000,6.0872,0.0762,0.1457,0.0918,0.0767,0,0,0,0,0,0,0,0
38.8807,224.0000,0.0000,31.0000,255.0000,6.0772,0.0777,0.1460,0.0925,0.0770,0,0,0,0,0,0,0,0
38.9015,224.0000,0.0000,32.0000,255.0000,6.0895,0.0759,0.1459,0.0920,0.0764,0,0,0,0,0,0,0,0
38.9182,224.0000,0.0000,32.0000,255.0000,6.1232,0.0708,0.1462,0.0921,0.0740,0,0,0,0,0,0,0,0
38.9421,224.0000,0.0000,32.0000,255.0000,6.1577,0.0655,0.1462,0.0920,0.0705,0,0,0,0,0,0,0,0
38.9611,224.0000,0.0000,32.0000,255.0000,6.1927,0.0602,0.1455,0.0926,0.0663,0,0,0,0,0,0,0,0
38.9809,224.0000,0.0000,32.0000,255.0000,6.1689,0.0638,0.1460,0.0923,0.0652,0,0,0,0,0,0,0,0
38.9975,224.0000,0.0000,32.0000,255.0000,6.1739,0.0631,0.1452,0.0923,0.0642,0,0,0,0,0,0,0,0
39.0158,224.0000,0.0000,32.0000,255.0000,6.1286,0.0699,0.1453,0.0919,0.0664,0,0,0,0,0,0,0,0
39.0340,224.0000,0.0000,32.0000,255.0000,6.1181,0.0715,0.1453,0.0916,0.0683,0,0,0,0,0,0,0,0
39.0511,224.0000,0.0000,32.0000,255.0000,6.1645,0.0645,0.1450,0.0917,0.0667,0,0,0,0,0,0,0,0
39.0699,224.0000,0.0000,32.0000,255.0000,6.1506,0.0666,0.1455,0.0922,0.0665,0,0,0,0,0,0,0,0
39.0927,224.0000,0.0000,32.0000,255.0000,6.1670,0.0641,0.1458,0.0922,0.0654,0,0,0,0,0,0,0,0
39.1100,224.0000,0.0000,32.0000,255.0000,6.1343,0.0691,0.1456,0.0918,0.0668,0,0,0,0,0,0,0,0
39.1275,224.0000,0.0000,32.0000,254.0000,6.1118,0.0725,0.1450,0.0916,0.0689,0,0,0,0,0,0,0,0
39.1451,224.0000,0.0000,32.0000,255.0000,6.1174,0.0716,0.1449,0.0913,0.0699,0,0,0,0,0,0,0,0
39.1632,224.0000,0.0000,33.0000,255.0000,6.1372,0.0686,0.1451,0.0931,0.0693,0,0,0,0,0,0,0,0
39.2476,224.0000,0.0000,33.0000,255.0000,6.2085,0.0578,0.1442,0.0921,0.0646,0,0,0,0,0,0,0,0
39.2681,224.0000,0.0000,33.0000,255.0000,6.1727,0.0632,0.1446,0.0919,0.0639,0,0,0,0,0,0,0,0
39.2848,224.0000,0.0000,33.0000,255.0000,6.1747,0.0629,0.1445,0.0917,0.0634,0,0,0,0,0,0,0,0
39.3084,224.0000,0.0000,33.0000,255.0000,6.1529,0.0662,0.1442,0.0916,0.0644,0,0,0,0,0,0,0,0
39.3276,224.0000,0.0000,33.0000,255.0000,6.1527,0.0663,0.1440,0.0917,0.0650,0,0,0,0,0,0,0,0
39.3489,224.0000,0.0000,33.0000,255.0000,6.1780,0.0624,0.1443,0.0918,0.0639,0,0,0,0,0,0,0,0
39.3658,224.0000,0.0000,33.0000,255.0000,6.2075,0.0580,0.1444,0.0927,0.0614,0,0,0,0,0,0,0,0
39.3824,224.0000,0.0000,33.0000,255.0000,6.2161,0.0567,0.1446,0.0933,0.0594,0,0,0,0,0,0,0,0
39.4012,224.0000,0.0000,33.0000,255.0000,6.2261,0.0551,0.1445,0.0932,0.0576,0,0,0,0,0,0,0,0
39.4196,224.0000,0.0000,33.0000,255.0000,6.2143,0.0569,0.1441,0.0930,0.0572,0,0,0,0,0,0,0,0
39.4436,224.0000,0.0000,34.0000,255.0000,6.2059,0.0582,0.1431,0.0927,0.0575,0,0,0,0,0,0,0,0
39.4610,224.0000,0.0000,34.0000,255.0000,6.1812,0.0619,0.1437,0.0927,0.0591,0,0,0,0,0,0,0,0
39.4785,224.0000,0.0000,34.0000,255.0000,6.2322,0.0542,0.1435,0.0927,0.0570,0,0,0,0,0,0,0,0
39.4974,224.0000,0.0000,34.0000,255.0000,6.1923,0.0603,0.1438,0.0926,0.0582,0,0,0,0,0,0,0,0
39.5180,224.0000,0.0000,34.0000,255.0000,6.1793,0.0622,0.1436,0.0915,0.0597,0,0,0,0,0,0,0,0
39.5344,224.0000,0.0000,34.0000,255.0000,6.1758,0.0628,0.1437,0.0912,0.0608,0,0,0,0,0,0,0,0
39.5592,224.0000,0.0000,34.0000,255.0000,6.1793,0.0622,0.1432,0.0920,0.0613,0,0,0,0,0,0,0,0
39.5762,224.0000,0.0000,34.0000,255.0000,6.1930,0.0602,0.1434,0.0921,0.0607,0,0,0,0,0,0,0,0
39.5931,224.0000,0.0000,34.0000,255.0000,6.1726,0.0633,0.1433,0.0920,0.0616,0,0,0,0,0,0,0,0
39.6105,224.0000,0.0000,34.0000,255.0000,6.2056,0.0582,0.1431,0.0918,0.0601,0,0,0,0,0,0,0,0
39.6319,224.0000,0.0000,34.0000,255.0000,6.2159,0.0567,0.1429,0.0923,0.0586,0,0,0,0,0,0,0,0
39.6512,224.0000,0.0000,34.0000,255.0000,6.2256,0.0552,0.1429,0.0924,0.0571,0,0,0,0,0,0,0,0
39.6676,224.0000,0.0000,34.0000,255.0000,6.1868,0.0611,0.1433,0.0925,0.0586,0,0,0,0,0,0,0,0
39.7520,224.0000,0.0000,35.0000,255.0000,6.2054,0.0583,0.1435,0.0929,0.0583,0,0,0,0,0,0,0,0
39.7760,224.0000,0.0000,35.0000,255.0000,6.2254,0.0552,0.1436,0.0922,0.0570,0,0,0,0,0,0,0,0
39.7939,224.0000,0.0000,35.0000,255.0000,6.2397,0.0531,0.1435,0.0915,0.0553,0,0,0,0,0,0,0,0
39.8139,224.0000,0.0000,35.0000,255.0000,6.2311,0.0544,0.1435,0.0916,0.0548,0,0,0,0,0,0,0,0
39.8311,224.0000,0.0000,35.0000,255.0000,6.2484,0.0518,0.1431,0.0920,0.0535,0,0,0,0,0,0,0,0
39.8476,224.0000,0.0000,35.0000,255.0000,6.2524,0.0512,0.1430,0.0922,0.0524,0,0,0,0,0,0,0,0
39.8653,224.0000,0.0000,35.0000,255.0000,6.2240,0.0555,0.1435,0.0922,0.0535,0,0,0,0,0,0,0,0
39.8846,224.0000,0.0000,35.0000,255.0000,6.2229,0.0556,0.1435,0.0924,0.0542,0,0,0,0,0,0,0,0
39.9013,224.0000,0.0000,35.0000,255.0000,6.2342,0.0539,0.1434,0.0924,0.0540,0,0,0,0,0,0,0,0
39.9172,224.0000,0.0000,35.0000,255.0000,6.2361,0.0536,0.1436,0.0928,0.0537,0,0,0,0,0,0,0,0
39.9412,224.0000,0.0000,35.0000,255.0000,6.2720,0.0482,0.1434,0.0923,0.0514,0,0,0,0,0,0,0,0
39.9615,224.0000,0.0000,36.0000,255.0000,6.2312,0.0544,0.1438,0.0919,0.0524,0,0,0,0,0,0,0,0
39.9806,224.0000,0.0000,36.0000,255.0000,6.2425,0.0527,0.1432,0.0920,0.0524,0,0,0,0,0,0,0,0
39.9973,224.0000,0.0000,36.0000,255.0000,6.2002,0.0591,0.1435,0.0929,0.0550,0,0,0,0,0,0,0,0
40.0176,224.0000,0.0000,36.0000,255.0000,6.2584,0.0502,0.1432,0.0933,0.0529,0,0,0,0,0,0,0,0
40.0343,224.0000,0.0000,36.0000,255.0000,6.2738,0.0479,0.1438,0.0937,0.0508,0,0,0,0,0,0,0,0
40.0510,224.0000,0.0000,36.0000,255.0000,6.2430,0.0526,0.1434,0.0919,0.0514,0,0,0,0,0,0,0,0
40.0763,224.0000,0.0000,36.0000,255.0000,6.1867,0.0611,0.1435,0.0925,0.0552,0,0,0,0,0,0,0,0
40.0941,224.0000,0.0000,36.0000,255.0000,6.1760,0.0627,0.1435,0.0927,0.0581,0,0,0,0,0,0,0,0
40.1143,224.0000,0.0000,36.0000,255.0000,6.2009,0.0590,0.1433,0.0929,0.0583,0,0,0,0,0,0,0,0
40.1346,224.0000,0.0000,36.0000,255.0000,6.1996,0.0592,0.1433,0.0931,0.0585,0,0,0,0,0,0,0,0
40.1505,224.0000,0.0000,36.0000,255.0000,6.1905,0.0605,0.1437,0.0942,0.0592,0,0,0,0,0,0,0,0
40.1681,224.0000,0.0000,36.0000,255.0000,6.1950,0.0599,0.1438,0.0935,0.0593,0,0,0,0,0,0,0,0
40.2614,224.0000,0.0000,37.0000,255.0000,6.1670,0.0641,0.1436,0.0915,0.0611,0,0,0,0,0,0,0,0
40.2806,224.0000,0.0000,37.0000,255.0000,6.1927,0.0602,0.1439,0.0920,0.0606,0,0,0,0,0,0,0,0
40.2976,224.0000,0.0000,37.0000,255.0000,6.2191,0.0562,0.1443,0.0932,0.0587,0,0,0,0,0,0,0,0
40.3177,224.0000,0.0000,37.0000,255.0000,6.2243,0.0554,0.1442,0.0936,0.0573,0,0,0,0,0,0,0,0
40.3350,224.0000,0.0000,37.0000,255.0000,6.2483,0.0518,0.1436,0.0925,0.0550,0,0,0,0,0,0,0,0
40.3603,224.0000,0.0000,37.0000,255.0000,6.2011,0.0589,0.1439,0.0917,0.0564,0,0,0,0,0,0,0,0
40.3781,224.0000,0.0000,37.0000,255.0000,6.1773,0.0626,0.1440,0.0919,0.0588,0,0,0,0,0,0,0,0
40.3977,224.0000,0.0000,37.0000,255.0000,6.1707,0.0635,0.1440,0.0919,0.0605,0,0,0,0,0,0,0,0
40.4196,224.0000,0.0000,37.0000,255.0000,6.1550,0.0659,0.1440,0.0911,0.0626,0,0,0,0,0,0,0,0
40.4425,224.0000,0.0000,37.0000,255.0000,6.1814,0.0619,0.1446,0.0917,0.0622,0,0,0,0,0,0,0,0
40.4609,224.0000,0.0000,37.0000,255.0000,6.1783,0.0624,0.1446,0.0914,0.0622,0,0,0,0,0,0,0,0
40.4808,224.0000,0.0000,37.0000,255.0000,6.1795,0.0622,0.1447,0.0918,0.0621,0,0,0,0,0,0,0,0
40.4976,224.0000,0.0000,38.0000,255.0000,6.2109,0.0574,0.1443,0.0923,0.0601,0,0,0,0,0,0,0,0
40.5174,224.0000,0.0000,38.0000,255.0000,6.1598,0.0652,0.1450,0.0922,0.0620,0,0,0,0,0,0,0,0
40.5349,224.0000,0.0000,38.0000,255.0000,6.1458,0.0673,0.1450,0.0903,0.0640,0,0,0,0,0,0,0,0
40.5529,224.0000,0.0000,38.0000,255.0000,6.1395,0.0683,0.1452,0.0910,0.0656,0,0,0,0,0,0,0,0
40.5731,224.0000,0.0000,38.0000,255.0000,6.1313,0.0695,0.1453,0.0919,0.0671,0,0,0,0,0,0,0,0
40.5942,224.0000,0.0000,38.0000,255.0000,6.1494,0.0668,0.1457,0.0923,0.0668,0,0,0,0,0,0,0,0
40.6138,224.0000,0.0000,38.0000,255.0000,6.1966,0.0596,0.1453,0.0924,0.0638,0,0,0,0,0,0,0,0
40.6306,224.0000,0.0000,38.0000,255.0000,6.1501,0.0667,0.1458,0.0919,0.0648,0,0,0,0,0,0,0,0
40.6475,224.0000,0.0000,38.0000,255.0000,6.1380,0.0685,0.1459,0.0914,0.0662,0,0,0,0,0,0,0,0
40.6642,224.0000,0.0000,38.0000,255.0000,6.1480,0.0670,0.1459,0.0921,0.0664,0,0,0,0,0,0,0,0
40.6811,224.0000,0.0000,38.0000,255.0000,6.1421,0.0679,0.1460,0.0906,0.0669,0,0,0,0,0,0,0,0
40.7736,224.0000,0.0000,39.0000,255.0000,6.1541,0.0661,0.1463,0.0919,0.0664,0,0,0,0,0,0,0,0
40.7945,224.0000,0.0000,39.0000,255.0000,6.1318,0.0695,0.1461,0.0918,0.0675,0,0,0,0,0,0,0,0
40.8143,224.0000,0.0000,39.0000,254.0000,6.1091,0.0729,0.1457,0.0911,0.0695,0,0,0,0,0,0,0,0
40.8346,224.0000,0.0000,39.0000,255.0000,6.1807,0.0620,0.1455,0.0918,0.0664,0,0,0,0,0,0,0,0
40.8514,224.0000,0.0000,39.0000,255.0000,6.1666,0.0642,0.1464,0.0923,0.0654,0,0,0,0,0,0,0,0
40.8673,224.0000,0.0000,39.0000,255.0000,6.1984,0.0593,0.1462,0.0920,0.0629,0,0,0,0,0,0,0,0
40.8930,224.0000,0.0000,39.0000,255.0000,6.1532,0.0662,0.1462,0.0925,0.0641,0,0,0,0,0,0,0,0
40.9100,224.0000,0.0000,39.0000,255.0000,6.1234,0.0707,0.1459,0.0923,0.0666,0,0,0,0,0,0,0,0
40.9310,224.0000,0.0000,39.0000,254.0000,6.1087,0.0730,0.1456,0.0922,0.0690,0,0,0,0,0,0,0,0
40.9507,224.0000,0.0000,39.0000,255.0000,6.1189,0.0714,0.1458,0.0922,0.0699,0,0,0,0,0,0,0,0
40.9666,224.0000,0.0000,39.0000,255.0000,6.1263,0.0703,0.1459,0.0914,0.0699,0,0,0,0,0,0,0,0
40.9838,224.0000,0.0000,39.0000,255.0000,6.1315,0.0695,0.1460,0.0913,0.0696,0,0,0,0,0,0,0,0
41.0004,224.0000,0.0000,39.0000,255.0000,6.1449,0.0675,0.1460,0.0907,0.0686,0,0,0,0,0,0,0,0
41.0179,224.0000,0.0000,39.0000,255.0000,6.1332,0.0692,0.1463,0.0907,0.0688,0,0,0,0,0,0,0,0
41.0348,224.0000,0.0000,40.0000,255.0000,6.1030,0.0738,0.1464,0.0910,0.0707,0,0,0,0,0,0,0,0
41.0594,224.0000,0.0000,40.0000,255.0000,6.1202,0.0712,0.1463,0.0914,0.0708,0,0,0,0,0,0,0,0
41.0771,224.0000,0.0000,40.0000,255.0000,6.1253,0.0704,0.1461,0.0916,0.0705,0,0,0,0,0,0,0,0
41.0936,224.0000,0.0000,40.0000,255.0000,6.1117,0.0725,0.1462,0.0920,0.0712,0,0,0,0,0,0,0,0
41.1117,224.0000,0.0000,40.0000,255.0000,6.0979,0.0746,0.1461,0.0914,0.0724,0,0,0,0,0,0,0,0
41.1291,224.0000,0.0000,40.0000,255.0000,6.0504,0.0818,0.1469,0.0911,0.0761,0,0,0,0,0,0,0,0
41.1472,224.0000,0.0000,40.0000,255.0000,6.0766,0.0778,0.1473,0.0914,0.0766,0,0,0,0,0,0,0,0
41.1636,224.0000,0.0000,40.0000,255.0000,6.1128,0.0723,0.1478,0.0917,0.0748,0,0,0,0,0,0,0,0
41.1845,224.0000,0.0000,40.0000,255.0000,6.1020,0.0740,0.1474,0.0913,0.0744,0,0,0,0,0,0,0,0
41.2781,224.0000,0.0000,40.0000,255.0000,6.1134,0.0722,0.1476,0.0917,0.0734,0,0,0,0,0,0,0,0
41.2972,224.0000,0.0000,41.0000,255.0000,6.1148,0.0720,0.1478,0.0931,0.0727,0,0,0,0,0,0,0,0
41.3184,224.0000,0.0000,41.0000,255.0000,6.1196,0.0713,0.1478,0.0936,0.0720,0,0,0,0,0,0,0,0
41.3355,224.0000,0.0000,41.0000,255.0000,6.1569,0.0656,0.1472,0.0932,0.0694,0,0,0,0,0,0,0,0
41.3522,224.0000,0.0000,41.0000,255.0000,6.1049,0.0735,0.1475,0.0920,0.0709,0,0,0,0,0,0,0,0
41.3734,224.0000,0.0000,41.0000,255.0000,6.1562,0.0657,0.1469,0.0929,0.0687,0,0,0,0,0,0,0,0
41.3940,224.0000,0.0000,41.0000,254.0000,6.1032,0.0738,0.1471,0.0920,0.0706,0,0,0,0,0,0,0,0
41.4144,224.0000,0.0000,41.0000,255.0000,6.1267,0.0702,0.1476,0.0918,0.0703,0,0,0,0,0,0,0,0
41.4345,224.0000,0.0000,41.0000,255.0000,6.1480,0.0670,0.1479,0.0918,0.0689,0,0,0,0,0,0,0,0
41.4510,224.0000,0.0000,41.0000,255.0000,6.1895,0.0607,0.1474,0.0918,0.0655,0,0,0,0,0,0,0,0
41.4761,224.0000,0.0000,41.0000,255.0000,6.1497,0.0667,0.1479,0.0920,0.0659,0,0,0,0,0,0,0,0
41.4948,224.0000,0.0000,41.0000,255.0000,6.1199,0.0713,0.1475,0.0920,0.0679,0,0,0,0,0,0,0,0
41.5120,224.0000,0.0000,41.0000,254.0000,6.0947,0.0751,0.1470,0.0905,0.0707,0,0,0,0,0,0,0,0
41.5306,224.0000,0.0000,41.0000,255.0000,6.0926,0.0754,0.1472,0.0910,0.0724,0,0,0,0,0,0,0,0
41.5514,224.0000,0.0000,41.0000,255.0000,6.1040,0.0737,0.1472,0.0911,0.0728,0,0,0,0,0,0,0,0
41.5749,224.0000,0.0000,42.0000,255.0000,6.1569,0.0656,0.1478,0.0937,0.0698,0,0,0,0,0,0,0,0
41.5928,224.0000,0.0000,42.0000,255.0000,6.1426,0.0678,0.1476,0.0930,0.0689,0,0,0,0,0,0,0,0
41.6096,224.0000,0.0000,42.0000,255.0000,6.1326,0.0693,0.1468,0.0911,0.0689,0,0,0,0,0,0,0,0
41.6257,224.0000,0.0000,42.0000,252.0000,6.0739,0.0782,0.1471,0.0914,0.0725,0,0,0,0,0,0,0,0
41.6487,224.0000,0.0000,42.0000,253.9400,6.0807,0.0772,0.1474,0.0915,0.0743,0,0,0,0,0,0,0,0
41.6672,224.0000,0.0000,42.0000,255.0000,6.0968,0.0748,0.1474,0.0921,0.0744,0,0,0,0,0,0,0,0
41.6842,224.0000,0.0000,42.0000,255.0000,6.1076,0.0731,0.1477,0.0921,0.0737,0,0,0,0,0,0,0,0
41.7043,224.0000,0.0000,42.0000,255.0000,6.0954,0.0750,0.1475,0.0914,0.0741,0,0,0,0,0,0,0,0
41.7950,224.0000,0.0000,42.0000,255.0000,6.1049,0.0735,0.1477,0.0917,0.0738,0,0,0,0,0,0,0,0
41.8136,224.0000,0.0000,42.0000,255.0000,6.0873,0.0762,0.1475,0.0916,0.0746,0,0,0,0,0,0,0,0
41.8318,224.0000,0.0000,43.0000,255.0000,6.0784,0.0776,0.1473,0.0917,0.0757,0,0,0,0,0,0,0,0
41.8512,224.0000,0.0000,43.0000,255.0000,6.1070,0.0732,0.1475,0.0921,0.0746,0,0,0,0,0,0,0,0
41.8674,224.0000,0.0000,43.0000,255.0000,6.1216,0.0710,0.1480,0.0926,0.0730,0,0,0,0,0,0,0,0
41.8897,224.0000,0.0000,43.0000,255.0000,6.1555,0.0659,0.1476,0.0925,0.0700,0,0,0,0,0,0,0,0
41.9106,224.0000,0.0000,43.0000,255.0000,6.1385,0.0684,0.1475,0.0926,0.0693,0,0,0,0,0,0,0,0
41.9280,224.0000,0.0000,43.0000,255.0000,6.1052,0.0735,0.1475,0.0922,0.0708,0,0,0,0,0,0,0,0
41.9480,224.0000,0.0000,43.0000,254.0000,6.0728,0.0784,0.1474,0.0916,0.0737,0,0,0,0,0,0,0,0
41.9675,224.0000,0.0000,43.0000,255.0000,6.0842,0.0767,0.1475,0.0910,0.0748,0,0,0,0,0,0,0,0
41.9845,224.0000,0.0000,43.0000,255.0000,6.1373,0.0686,0.1472,0.0906,0.0722,0,0,0,0,0,0,0,0
42.0008,224.0000,0.0000,43.0000,255.0000,6.0937,0.0752,0.1476,0.0906,0.0733,0,0,0,0,0,0,0,0
42.0259,224.0000,0.0000,43.0000,255.0000,6.0866,0.0763,0.1478,0.0913,0.0744,0,0,0,0,0,0,0,0
42.0439,224.0000,0.0000,43.0000,255.0000,6.1256,0.0704,0.1472,0.0921,0.0727,0,0,0,0,0,0,0,0
42.0639,224.0000,0.0000,43.0000,255.0000,6.0942,0.0752,0.1476,0.0925,0.0735,0,0,0,0,0,0,0,0
42.0846,224.0000,0.0000,43.0000,255.0000,6.1068,0.0732,0.1475,0.0924,0.0733,0,0,0,0,0,0,0,0
42.1010,224.0000,0.0000,44.0000,255.0000,6.1066,0.0733,0.1476,0.0921,0.0732,0,0,0,0,0,0,0,0
42.1178,224.0000,0.0000,44.0000,255.0000,6.1207,0.0711,0.1477,0.0914,0.0722,0,0,0,0,0,0,0,0
42.1343,224.0000,0.0000,44.0000,255.0000,6.1365,0.0687,0.1478,0.0914,0.0707,0,0,0,0,0,0,0,0
42.1515,224.0000,0.0000,44.0000,255.0000,6.1373,0.0686,0.1476,0.0918,0.0698,0,0,0,0,0,0,0,0
42.1675,224.0000,0.0000,44.0000,255.0000,6.1329,0.0693,0.1475,0.0925,0.0694,0,0,0,0,0,0,0,0
42.1933,224.0000,0.0000,44.0000,255.0000,6.1387,0.0684,0.1474,0.0935,0.0689,0,0,0,0,0,0,0,0
42.2142,224.0000,0.0000,44.0000,255.0000,6.1630,0.0647,0.1468,0.0914,0.0671,0,0,0,0,0,0,0,0
42.3099,224.0000,0.0000,44.0000,255.0000,6.1239,0.0707,0.1471,0.0920,0.0684,0,0,0,0,0,0,0,0
42.3271,224.0000,0.0000,44.0000,255.0000,6.1075,0.0731,0.1471,0.0914,0.0702,0,0,0,0,0,0,0,0
42.3446,224.0000,0.0000,44.0000,255.0000,6.1147,0.0720,0.1470,0.0915,0.0708,0,0,0,0,0,0,0,0
42.3653,224.0000,0.0000,45.0000,255.0000,6.1146,0.0721,0.1469,0.0933,0.0712,0,0,0,0,0,0,0,0
42.3847,224.0000,0.0000,45.0000,255.0000,6.1291,0.0699,0.1467,0.0935,0.0705,0,0,0,0,0,0,0,0
42.4088,224.0000,0.0000,45.0000,255.0000,6.1784,0.0624,0.1462,0.0914,0.0671,0,0,0,0,0,0,0,0
42.4276,224.0000,0.0000,45.0000,255.0000,6.1350,0.0690,0.1469,0.0908,0.0678,0,0,0,0,0,0,0,0
42.4472,224.0000,0.0000,45.0000,255.0000,6.1341,0.0691,0.1469,0.0912,0.0682,0,0,0,0,0,0,0,0
42.4679,224.0000,0.0000,45.0000,255.0000,6.1256,0.0704,0.1467,0.0908,0.0689,0,0,0,0,0,0,0,0
42.4928,224.0000,0.0000,45.0000,255.0000,6.1013,0.0741,0.1465,0.0910,0.0709,0,0,0,0,0,0,0,0
42.5109,224.0000,0.0000,45.0000,255.0000,6.1233,0.0707,0.1468,0.0911,0.0707,0,0,0,0,0,0,0,0
42.5300,224.0000,0.0000,45.0000,255.0000,6.1629,0.0647,0.1467,0.0914,0.0682,0,0,0,0,0,0,0,0
42.5468,224.0000,0.0000,45.0000,255.0000,6.1493,0.0668,0.1470,0.0933,0.0675,0,0,0,0,0,0,0,0
42.5633,224.0000,0.0000,45.0000,255.0000,6.1444,0.0675,0.1467,0.0926,0.0674,0,0,0,0,0,0,0,0
42.5844,224.0000,0.0000,45.0000,255.0000,6.1864,0.0612,0.1459,0.0919,0.0648,0,0,0,0,0,0,0,0
42.6009,224.0000,0.0000,45.0000,255.0000,6.1857,0.0613,0.1460,0.0920,0.0633,0,0,0,0,0,0,0,0
42.6264,224.0000,0.0000,46.0000,255.0000,6.1518,0.0664,0.1462,0.0929,0.0644,0,0,0,0,0,0,0,0
42.6471,224.0000,0.0000,46.0000,255.0000,6.1451,0.0674,0.1461,0.0924,0.0655,0,0,0,0,0,0,0,0
42.6640,224.0000,0.0000,46.0000,255.0000,6.1839,0.0615,0.1454,0.0918,0.0638,0,0,0,0,0,0,0,0
42.6806,224.0000,0.0000,46.0000,255.0000,6.1417,0.0679,0.1457,0.0905,0.0653,0,0,0,0,0,0,0,0
42.7017,224.0000,0.0000,46.0000,255.0000,6.1570,0.0656,0.1458,0.0904,0.0653,0,0,0,0,0,0,0,0
42.7219,224.0000,0.0000,46.0000,255.0000,6.1757,0.0628,0.1457,0.0910,0.0642,0,0,0,0,0,0,0,0
42.8144,224.0000,0.0000,46.0000,255.0000,6.2040,0.0585,0.1450,0.0924,0.0618,0,0,0,0,0,0,0,0
42.8336,224.0000,0.0000,46.0000,255.0000,6.1885,0.0608,0.1448,0.0908,0.0613,0,0,0,0,0,0,0,0
42.8509,224.0000,0.0000,46.0000,255.0000,6.1897,0.0607,0.1451,0.0909,0.0609,0,0,0,0,0,0,0,0
42.8671,224.0000,0.0000,46.0000,255.0000,6.1847,0.0614,0.1451,0.0909,0.0610,0,0,0,0,0,0,0,0
42.8930,224.0000,0.0000,47.0000,255.0000,6.1690,0.0638,0.1447,0.0909,0.0620,0,0,0,0,0,0,0,0
42.9152,224.0000,0.0000,47.0000,255.0000,6.2025,0.0587,0.1447,0.0930,0.0606,0,0,0,0,0,0,0,0
42.9344,224.0000,0.0000,47.0000,255.0000,6.1744,0.0630,0.1451,0.0929,0.0614,0,0,0,0,0,0,0,0
42.9509,224.0000,0.0000,47.0000,255.0000,6.1836,0.0616,0.1452,0.0930,0.0614,0,0,0,0,0,0,0,0
42.9716,224.0000,0.0000,47.0000,255.0000,6.1923,0.0603,0.1447,0.0911,0.0608,0,0,0,0,0,0,0,0
42.9885,224.0000,0.0000,47.0000,255.0000,6.1881,0.0609,0.1445,0.0905,0.0607,0,0,0,0,0,0,0,0
43.0055,224.0000,0.0000,47.0000,255.0000,6.1538,0.0661,0.1447,0.0901,0.0628,0,0,0,0,0,0,0,0
43.0261,224.0000,0.0000,47.0000,255.0000,6.1514,0.0665,0.1449,0.0916,0.0641,0,0,0,0,0,0,0,0
43.0429,224.0000,0.0000,47.0000,255.0000,6.1603,0.0651,0.1451,0.0922,0.0644,0,0,0,0,0,0,0,0
43.0643,224.0000,0.0000,47.0000,255.0000,6.1492,0.0668,0.1449,0.0920,0.0652,0,0,0,0,0,0,0,0
43.0838,224.0000,0.0000,47.0000,255.0000,6.1378,0.0685,0.1448,0.0922,0.0664,0,0,0,0,0,0,0,0
43.1009,224.0000,0.0000,47.0000,255.0000,6.1563,0.0657,0.1451,0.0924,0.0660,0,0,0,0,0,0,0,0
43.1176,224.0000,0.0000,47.0000,255.0000,6.1718,0.0634,0.1452,0.0922,0.0649,0,0,0,0,0,0,0,0
43.1343,224.0000,0.0000,47.0000,255.0000,6.1665,0.0642,0.1452,0.0911,0.0645,0,0,0,0,0,0,0,0
43.1510,224.0000,0.0000,47.0000,255.0000,6.1595,0.0652,0.1451,0.0908,0.0647,0,0,0,0,0,0,0,0
43.1674,224.0000,0.0000,48.0000,255.0000,6.1981,0.0594,0.1450,0.0907,0.0624,0,0,0,0,0,0,0,0
43.1927,224.0000,0.0000,48.0000,255.0000,6.1707,0.0636,0.1452,0.0924,0.0628,0,0,0,0,0,0,0,0
43.2088,224.0000,0.0000,48.0000,255.0000,6.2165,0.0566,0.1449,0.0918,0.0602,0,0,0,0,0,0,0,0
43.2308,224.0000,0.0000,48.0000,255.0000,6.2197,0.0561,0.1449,0.0911,0.0584,0,0,0,0,0,0,0,0
43.3234,224.0000,0.0000,48.0000,255.0000,6.2470,0.0520,0.1448,0.0932,0.0557,0,0,0,0,0,0,0,0
43.3430,224.0000,0.0000,48.0000,255.0000,6.2541,0.0509,0.1448,0.0920,0.0537,0,0,0,0,0,0,0,0
43.3645,224.0000,0.0000,48.0000,255.0000,6.2239,0.0555,0.1455,0.0912,0.0543,0,0,0,0,0,0,0,0
43.3842,224.0000,0.0000,48.0000,255.0000,6.2244,0.0554,0.1454,0.0912,0.0546,0,0,0,0,0,0,0,0
43.4004,224.0000,0.0000,48.0000,255.0000,6.2188,0.0563,0.1452,0.0931,0.0551,0,0,0,0,0,0,0,0
43.4268,224.0000,0.0000,49.0000,255.0000,6.1681,0.0639,0.1444,0.0917,0.0585,0,0,0,0,0,0,0,0
43.4476,224.0000,0.0000,49.0000,255.0000,6.1590,0.0653,0.1446,0.0911,0.0611,0,0,0,0,0,0,0,0
43.4674,224.0000,0.0000,49.0000,255.0000,6.1882,0.0609,0.1448,0.0921,0.0609,0,0,0,0,0,0,0,0
43.4845,224.0000,0.0000,49.0000,255.0000,6.2050,0.0583,0.1450,0.0926,0.0598,0,0,0,0,0,0,0,0
43.5012,224.0000,0.0000,49.0000,255.0000,6.1968,0.0596,0.1450,0.0918,0.0596,0,0,0,0,0,0,0,0
43.5258,224.0000,0.0000,49.0000,255.0000,6.1794,0.0622,0.1448,0.0912,0.0605,0,0,0,0,0,0,0,0
43.5426,224.0000,0.0000,49.0000,255.0000,6.2178,0.0564,0.1443,0.0916,0.0587,0,0,0,0,0,0,0,0
43.5596,224.0000,0.0000,49.0000,255.0000,6.2337,0.0540,0.1441,0.0913,0.0567,0,0,0,0,0,0,0,0
43.5781,224.0000,0.0000,49.0000,255.0000,6.2187,0.0563,0.1440,0.0917,0.0564,0,0,0,0,0,0,0,0
43.5969,224.0000,0.0000,49.0000,255.0000,6.1858,0.0613,0.1443,0.0923,0.0582,0,0,0,0,0,0,0,0
43.6139,224.0000,0.0000,49.0000,255.0000,6.1805,0.0621,0.1441,0.0921,0.0596,0,0,0,0,0,0,0,0
43.6346,224.0000,0.0000,49.0000,255.0000,6.1777,0.0625,0.1444,0.0917,0.0607,0,0,0,0,0,0,0,0
43.6593,224.0000,0.0000,49.0000,255.0000,6.2719,0.0482,0.1451,0.0937,0.0555,0,0,0,0,0,0,0,0
43.6767,224.0000,0.0000,49.0000,255.0000,6.2290,0.0547,0.1448,0.0934,0.0551,0,0,0,0,0,0,0,0
43.6971,224.0000,0.0000,50.0000,255.0000,6.2140,0.0570,0.1449,0.0921,0.0557,0,0,0,0,0,0,0,0
43.7174,224.0000,0.0000,50.0000,255.0000,6.2036,0.0586,0.1447,0.0914,0.0567,0,0,0,0,0,0,0,0
43.7337,224.0000,0.0000,50.0000,255.0000,6.1914,0.0604,0.1444,0.0908,0.0581,0,0,0,0,0,0,0,0
43.8277,224.0000,0.0000,50.0000,255.0000,6.2160,0.0567,0.1445,0.0912,0.0574,0,0,0,0,0,0,0,0
43.8475,224.0000,0.0000,50.0000,255.0000,6.2460,0.0521,0.1437,0.0914,0.0552,0,0,0,0,0,0,0,0
43.8639,224.0000,0.0000,50.0000,255.0000,6.1940,0.0600,0.1441,0.0911,0.0570,0,0,0,0,0,0,0,0
43.8847,224.0000,0.0000,50.0000,255.0000,6.2625,0.0496,0.1435,0.0914,0.0539,0,0,0,0,0,0,0,0
43.9090,224.0000,0.0000,50.0000,255.0000,6.2666,0.0490,0.1434,0.0912,0.0518,0,0,0,0,0,0,0,0
43.9286,224.0000,0.0000,50.0000,255.0000,6.2396,0.0531,0.1442,0.0913,0.0522,0,0,0,0,0,0,0,0
43.9479,224.0000,0.0000,50.0000,255.0000,6.2468,0.0520,0.1445,0.0922,0.0520,0,0,0,0,0,0,0,0
43.9677,224.0000,0.0000,51.0000,255.0000,6.2396,0.0531,0.1445,0.0925,0.0523,0,0,0,0,0,0,0,0
43.9837,224.0000,0.0000,51.0000,255.0000,6.2889,0.0456,0.1441,0.0935,0.0495,0,0,0,0,0,0,0,0
44.0095,224.0000,0.0000,51.0000,255.0000,6.2298,0.0546,0.1436,0.0936,0.0514,0,0,0,0,0,0,0,0
44.0313,224.0000,0.0000,51.0000,255.0000,6.2016,0.0589,0.1441,0.0925,0.0543,0,0,0,0,0,0,0,0
44.0508,224.0000,0.0000,51.0000,255.0000,6.2373,0.0534,0.1436,0.0929,0.0538,0,0,0,0,0,0,0,0
44.0669,224.0000,0.0000,51.0000,255.0000,6.2215,0.0558,0.1437,0.0919,0.0545,0,0,0,0,0,0,0,0
44.0931,224.0000,0.0000,51.0000,255.0000,6.2407,0.0529,0.1441,0.0924,0.0537,0,0,0,0,0,0,0,0
44.1135,224.0000,0.0000,51.0000,255.0000,6.2017,0.0588,0.1437,0.0912,0.0557,0,0,0,0,0,0,0,0
44.1308,224.0000,0.0000,51.0000,255.0000,6.1752,0.0629,0.1433,0.0905,0.0584,0,0,0,0,0,0,0,0
44.1511,224.0000,0.0000,51.0000,255.0000,6.1753,0.0629,0.1433,0.0907,0.0601,0,0,0,0,0,0,0,0
44.1674,224.0000,0.0000,51.0000,255.0000,6.1958,0.0597,0.1435,0.0908,0.0598,0,0,0,0,0,0,0,0
44.1840,224.0000,0.0000,51.0000,255.0000,6.2062,0.0582,0.1435,0.0914,0.0590,0,0,0,0,0,0,0,0
44.2010,224.0000,0.0000,51.0000,255.0000,6.2189,0.0562,0.1433,0.0918,0.0578,0,0,0,0,0,0,0,0
44.2262,224.0000,0.0000,52.0000,255.0000,6.2393,0.0531,0.1437,0.0915,0.0558,0,0,0,0,0,0,0,0
44.2470,224.0000,0.0000,52.0000,255.0000,6.2508,0.0514,0.1438,0.0919,0.0539,0,0,0,0,0,0,0,0
44.3350,224.0000,0.0000,52.0000,255.0000,6.2080,0.0579,0.1433,0.0916,0.0554,0,0,0,0,0,0,0,0
44.3548,224.0000,0.0000,52.0000,255.0000,6.2557,0.0506,0.1437,0.0914,0.0534,0,0,0,0,0,0,0,0
44.3766,224.0000,0.0000,52.0000,255.0000,6.2625,0.0496,0.1439,0.0920,0.0517,0,0,0,0,0,0,0,0
44.3988,224.0000,0.0000,52.0000,255.0000,6.2856,0.0461,0.1439,0.0935,0.0494,0,0,0,0,0,0,0,0
44.4174,224.0000,0.0000,52.0000,255.0000,6.2718,0.0482,0.1438,0.0936,0.0488,0,0,0,0,0,0,0,0
44.4341,224.0000,0.0000,52.0000,255.0000,6.2514,0.0513,0.1436,0.0937,0.0497,0,0,0,0,0,0,0,0
44.4593,224.0000,0.0000,52.0000,255.0000,6.2476,0.0519,0.1436,0.0920,0.0504,0,0,0,0,0,0,0,0
44.4789,224.0000,0.0000,52.0000,255.0000,6.2778,0.0473,0.1438,0.0926,0.0490,0,0,0,0,0,0,0,0
44.4995,224.0000,0.0000,53.0000,255.0000,6.2835,0.0464,0.1441,0.0924,0.0479,0,0,0,0,0,0,0,0
44.5179,224.0000,0.0000,53.0000,255.0000,6.2760,0.0476,0.1439,0.0912,0.0476,0,0,0,0,0,0,0,0
44.5338,224.0000,0.0000,53.0000,255.0000,6.2752,0.0477,0.1438,0.0911,0.0475,0,0,0,0,0,0,0,0
44.5598,224.0000,0.0000,53.0000,255.0000,6.2808,0.0468,0.1440,0.0925,0.0471,0,0,0,0,0,0,0,0
44.5805,224.0000,0.0000,53.0000,255.0000,6.2828,0.0465,0.1441,0.0914,0.0468,0,0,0,0,0,0,0,0
44.5971,224.0000,0.0000,53.0000,255.0000,6.2916,0.0452,0.1442,0.0913,0.0460,0,0,0,0,0,0,0,0
44.6144,224.0000,0.0000,53.0000,255.0000,6.2802,0.0469,0.1442,0.0915,0.0463,0,0,0,0,0,0,0,0
44.6340,224.0000,0.0000,53.0000,255.0000,6.2900,0.0454,0.1443,0.0913,0.0458,0,0,0,0,0,0,0,0
44.6503,224.0000,0.0000,53.0000,255.0000,6.2835,0.0464,0.1446,0.0913,0.0459,0,0,0,0,0,0,0,0
44.6760,224.0000,0.0000,53.0000,254.0000,6.2453,0.0522,0.1441,0.0907,0.0483,0,0,0,0,0,0,0,0
44.6929,224.0000,0.0000,53.0000,255.0000,6.2476,0.0519,0.1441,0.0916,0.0496,0,0,0,0,0,0,0,0
44.7102,224.0000,0.0000,53.0000,255.0000,6.2511,0.0513,0.1443,0.0942,0.0502,0,0,0,0,0,0,0,0
44.7302,224.0000,0.0000,53.0000,255.0000,6.2813,0.0468,0.1438,0.0953,0.0487,0,0,0,0,0,0,0,0
44.7476,224.0000,0.0000,53.0000,255.0000,6.2003,0.0590,0.1443,0.0938,0.0527,0,0,0,0,0,0,0,0
44.8401,224.0000,0.0000,54.0000,255.0000,6.1673,0.0641,0.1447,0.0927,0.0571,0,0,0,0,0,0,0,0
44.8601,224.0000,0.0000,54.0000,255.0000,6.1650,0.0644,0.1446,0.0914,0.0599,0,0,0,0,0,0,0,0
44.8810,224.0000,0.0000,54.0000,255.0000,6.1644,0.0645,0.1450,0.0928,0.0616,0,0,0,0,0,0,0,0
44.9006,224.0000,0.0000,54.0000,255.0000,6.1732,0.0632,0.1449,0.0925,0.0621,0,0,0,0,0,0,0,0
44.9167,224.0000,0.0000,54.0000,255.0000,6.1854,0.0613,0.1452,0.0925,0.0617,0,0,0,0,0,0,0,0
44.9339,224.0000,0.0000,54.0000,255.0000,6.1845,0.0615,0.1453,0.0920,0.0615,0,0,0,0,0,0,0,0
44.9510,224.0000,0.0000,54.0000,255.0000,6.1876,0.0610,0.1456,0.0925,0.0612,0,0,0,0,0,0,0,0
44.9677,224.0000,0.0000,54.0000,255.0000,6.1872,0.0611,0.1456,0.0920,0.0610,0,0,0,0,0,0,0,0
44.9837,224.0000,0.0000,54.0000,255.0000,6.1589,0.0653,0.1453,0.0905,0.0626,0,0,0,0,0,0,0,0
45.0092,224.0000,0.0000,54.0000,255.0000,6.2024,0.0587,0.1450,0.0908,0.0609,0,0,0,0,0,0,0,0
45.0257,224.0000,0.0000,55.0000,255.0000,6.1841,0.0615,0.1454,0.0909,0.0610,0,0,0,0,0,0,0,0
45.0475,224.0000,0.0000,55.0000,255.0000,6.1850,0.0614,0.1455,0.0914,0.0611,0,0,0,0,0,0,0,0
45.0676,224.0000,0.0000,55.0000,255.0000,6.1917,0.0604,0.1454,0.0920,0.0607,0,0,0,0,0,0,0,0
45.0873,224.0000,0.0000,55.0000,255.0000,6.1753,0.0629,0.1457,0.0931,0.0614,0,0,0,0,0,0,0,0
45.1095,224.0000,0.0000,55.0000,255.0000,6.1768,0.0626,0.1455,0.0927,0.0618,0,0,0,0,0,0,0,0
45.1283,224.0000,0.0000,55.0000,255.0000,6.1984,0.0594,0.1450,0.0909,0.0607,0,0,0,0,0,0,0,0
45.1481,224.0000,0.0000,55.0000,255.0000,6.1591,0.0653,0.1455,0.0907,0.0624,0,0,0,0,0,0,0,0
45.1675,224.0000,0.0000,55.0000,255.0000,6.2024,0.0587,0.1452,0.0915,0.0608,0,0,0,0,0,0,0,0
45.1847,224.0000,0.0000,55.0000,255.0000,6.1564,0.0657,0.1458,0.0913,0.0627,0,0,0,0,0,0,0,0
45.2093,224.0000,0.0000,55.0000,255.0000,6.1900,0.0606,0.1458,0.0920,0.0617,0,0,0,0,0,0,0,0
45.2264,224.0000,0.0000,55.0000,255.0000,6.1605,0.0651,0.1464,0.0921,0.0629,0,0,0,0,0,0,0,0
45.2469,224.0000,0.0000,55.0000,255.0000,6.1442,0.0676,0.1464,0.0925,0.0647,0,0,0,0,0,0,0,0
45.2669,224.0000,0.0000,55.0000,255.0000,6.1119,0.0725,0.1463,0.0919,0.0677,0,0,0,0,0,0,0,0
45.3530,224.0000,0.0000,56.0000,255.0000,6.1359,0.0688,0.1473,0.0930,0.0680,0,0,0,0,0,0,0,0
45.3773,224.0000,0.0000,56.0000,255.0000,6.1075,0.0731,0.1472,0.0922,0.0699,0,0,0,0,0,0,0,0
45.3975,224.0000,0.0000,56.0000,255.0000,6.0951,0.0750,0.1472,0.0917,0.0719,0,0,0,0,0,0,0,0
45.4176,224.0000,0.0000,56.0000,255.0000,6.1161,0.0718,0.1470,0.0916,0.0717,0,0,0,0,0,0,0,0
45.4337,224.0000,0.0000,56.0000,255.0000,6.1035,0.0738,0.1473,0.0913,0.0724,0,0,0,0,0,0,0,0
45.4598,224.0000,0.0000,56.0000,255.0000,6.1475,0.0671,0.1469,0.0915,0.0702,0,0,0,0,0,0,0,0
45.4809,224.0000,0.0000,56.0000,255.0000,6.1101,0.0727,0.1472,0.0908,0.0711,0,0,0,0,0,0,0,0
45.5009,224.0000,0.0000,56.0000,255.0000,6.0889,0.0760,0.1472,0.0908,0.0729,0,0,0,0,0,0,0,0
45.5175,224.0000,0.0000,56.0000,255.0000,6.0961,0.0749,0.1472,0.0915,0.0736,0,0,0,0,0,0,0,0
45.5427,224.0000,0.0000,56.0000,255.0000,6.0920,0.0755,0.1475,0.0925,0.0742,0,0,0,0,0,0,0,0
45.5594,224.0000,0.0000,57.0000,255.0000,6.0707,0.0787,0.1474,0.0930,0.0759,0,0,0,0,0,0,0,0
45.5766,224.0000,0.0000,57.0000,255.0000,6.0704,0.0788,0.1474,0.0932,0.0769,0,0,0,0,0,0,0,0
45.5945,224.0000,0.0000,57.0000,255.0000,6.0906,0.0757,0.1473,0.0931,0.0763,0,0,0,0,0,0,0,0
45.6136,224.0000,0.0000,57.0000,255.0000,6.1200,0.0712,0.1469,0.0926,0.0742,0,0,0,0,0,0,0,0
45.6336,224.0000,0.0000,57.0000,255.0000,6.0887,0.0760,0.1474,0.0925,0.0748,0,0,0,0,0,0,0,0
45.6506,224.0000,0.0000,57.0000,255.0000,6.1233,0.0707,0.1467,0.0917,0.0730,0,0,0,0,0,0,0,0
45.6703,224.0000,0.0000,57.0000,255.0000,6.0931,0.0753,0.1473,0.0914,0.0738,0,0,0,0,0,0,0,0
45.6864,224.0000,0.0000,57.0000,255.0000,6.0869,0.0763,0.1475,0.0918,0.0747,0,0,0,0,0,0,0,0
45.7034,224.0000,0.0000,57.0000,255.0000,6.0784,0.0776,0.1474,0.0920,0.0757,0,0,0,0,0,0,0,0
45.7235,224.0000,0.0000,57.0000,255.0000,6.1279,0.0700,0.1471,0.0927,0.0733,0,0,0,0,0,0,0,0
45.7430,224.0000,0.0000,57.0000,255.0000,6.0886,0.0760,0.1476,0.0923,0.0743,0,0,0,0,0,0,0,0
45.7641,224.0000,0.0000,57.0000,255.0000,6.1021,0.0740,0.1476,0.0921,0.0740,0,0,0,0,0,0,0,0
45.7844,224.0000,0.0000,57.0000,255.0000,6.0907,0.0757,0.1477,0.0926,0.0746,0,0,0,0,0,0,0,0
45.8766,224.0000,0.0000,58.0000,255.0000,6.1124,0.0724,0.1480,0.0917,0.0736,0,0,0,0,0,0,0,0
45.8969,224.0000,0.0000,58.0000,255.0000,6.1064,0.0733,0.1477,0.0923,0.0733,0,0,0,0,0,0,0,0
45.9188,224.0000,0.0000,58.0000,255.0000,6.0822,0.0770,0.1474,0.0921,0.0747,0,0,0,0,0,0,0,0
45.9383,224.0000,0.0000,58.0000,255.0000,6.1272,0.0701,0.1467,0.0927,0.0727,0,0,0,0,0,0,0,0
45.9614,224.0000,0.0000,58.0000,255.0000,6.1013,0.0741,0.1474,0.0925,0.0732,0,0,0,0,0,0,0,0
45.9806,224.0000,0.0000,58.0000,255.0000,6.1101,0.0727,0.1472,0.0911,0.0729,0,0,0,0,0,0,0,0
46.0011,224.0000,0.0000,58.0000,255.0000,6.1201,0.0712,0.1472,0.0917,0.0721,0,0,0,0,0,0,0,0
46.0216,224.0000,0.0000,58.0000,255.0000,6.1210,0.0711,0.1469,0.0920,0.0716,0,0,0,0,0,0,0,0
46.0383,224.0000,0.0000,58.0000,255.0000,6.1098,0.0728,0.1467,0.0915,0.0719,0,0,0,0,0,0,0,0
46.0604,224.0000,0.0000,58.0000,255.0000,6.1552,0.0659,0.1466,0.0922,0.0694,0,0,0,0,0,0,0,0
46.0803,224.0000,0.0000,58.0000,255.0000,6.1054,0.0735,0.1466,0.0905,0.0709,0,0,0,0,0,0,0,0
46.1009,224.0000,0.0000,59.0000,255.0000,6.1450,0.0675,0.1461,0.0904,0.0694,0,0,0,0,0,0,0,0
46.1171,224.0000,0.0000,59.0000,255.0000,6.1433,0.0677,0.1460,0.0901,0.0686,0,0,0,0,0,0,0,0
46.1341,224.0000,0.0000,59.0000,255.0000,6.1502,0.0667,0.1460,0.0906,0.0677,0,0,0,0,0,0,0,0
46.1511,224.0000,0.0000,59.0000,255.0000,6.1568,0.0657,0.1467,0.0909,0.0668,0,0,0,0,0,0,0,0
46.1676,224.0000,0.0000,59.0000,255.0000,6.1878,0.0609,0.1468,0.0911,0.0643,0,0,0,0,0,0,0,0
46.1933,224.0000,0.0000,59.0000,255.0000,6.1836,0.0616,0.1464,0.0913,0.0631,0,0,0,0,0,0,0,0
46.2139,224.0000,0.0000,59.0000,255.0000,6.1779,0.0625,0.1462,0.0921,0.0627,0,0,0,0,0,0,0,0
46.2341,224.0000,0.0000,59.0000,255.0000,6.1654,0.0644,0.1461,0.0923,0.0633,0,0,0,0,0,0,0,0
46.2499,224.0000,0.0000,59.0000,255.0000,6.1824,0.0618,0.1462,0.0921,0.0625,0,0,0,0,0,0,0,0
46.2768,224.0000,0.0000,59.0000,255.0000,6.2077,0.0579,0.1461,0.0914,0.0606,0,0,0,0,0,0,0,0
46.2935,224.0000,0.0000,59.0000,255.0000,6.2392,0.0532,0.1458,0.0910,0.0575,0,0,0,0,0,0,0,0
46.3847,224.0000,0.0000,60.0000,255.0000,6.2172,0.0565,0.1454,0.0937,0.0570,0,0,0,0,0,0,0,0
46.4087,224.0000,0.0000,60.0000,255.0000,6.2071,0.0580,0.1450,0.0914,0.0573,0,0,0,0,0,0,0,0
46.4262,224.0000,0.0000,60.0000,255.0000,6.2249,0.0553,0.1453,0.0910,0.0564,0,0,0,0,0,0,0,0
46.4487,224.0000,0.0000,60.0000,255.0000,6.2286,0.0548,0.1454,0.0912,0.0556,0,0,0,0,0,0,0,0
46.4678,224.0000,0.0000,60.0000,255.0000,6.2355,0.0537,0.1454,0.0912,0.0547,0,0,0,0,0,0,0,0
46.4883,224.0000,0.0000,60.0000,255.0000,6.2305,0.0545,0.1452,0.0931,0.0545,0,0,0,0,0,0,0,0
46.5055,224.0000,0.0000,60.0000,255.0000,6.1978,0.0594,0.1449,0.0930,0.0564,0,0,0,0,0,0,0,0
46.5264,224.0000,0.0000,60.0000,255.0000,6.2102,0.0575,0.1451,0.0921,0.0567,0,0,0,0,0,0,0,0
46.5488,224.0000,0.0000,60.0000,255.0000,6.2110,0.0574,0.1451,0.0916,0.0569,0,0,0,0,0,0,0,0
46.5669,224.0000,0.0000,60.0000,255.0000,6.2258,0.0552,0.1453,0.0919,0.0561,0,0,0,0,0,0,0,0
46.5838,224.0000,0.0000,60.0000,255.0000,6.2564,0.0505,0.1456,0.0926,0.0537,0,0,0,0,0,0,0,0
46.6004,224.0000,0.0000,60.0000,255.0000,6.2410,0.0529,0.1455,0.0921,0.0533,0,0,0,0,0,0,0,0
46.6257,224.0000,0.0000,61.0000,251.0000,6.1662,0.0642,0.1445,0.0907,0.0575,0,0,0,0,0,0,0,0
46.6419,224.0000,0.0000,61.0000,253.0000,6.1724,0.0633,0.1446,0.0918,0.0597,0,0,0,0,0,0,0,0
46.6593,224.0000,0.0000,61.0000,255.0000,6.2030,0.0586,0.1448,0.0933,0.0592,0,0,0,0,0,0,0,0
46.6817,224.0000,0.0000,61.0000,255.0000,6.2109,0.0574,0.1448,0.0926,0.0584,0,0,0,0,0,0,0,0
46.7004,224.0000,0.0000,61.0000,255.0000,6.1963,0.0597,0.1448,0.0911,0.0588,0,0,0,0,0,0,0,0
46.7175,224.0000,0.0000,61.0000,255.0000,6.1985,0.0593,0.1449,0.0906,0.0589,0,0,0,0,0,0,0,0
46.7339,224.0000,0.0000,61.0000,255.0000,6.2103,0.0575,0.1450,0.0905,0.0582,0,0,0,0,0,0,0,0
46.7605,224.0000,0.0000,61.0000,255.0000,6.2345,0.0539,0.1453,0.0930,0.0563,0,0,0,0,0,0,0,0
46.7776,224.0000,0.0000,61.0000,255.0000,6.2187,0.0563,0.1451,0.0939,0.0562,0,0,0,0,0,0,0,0
46.7969,224.0000,0.0000,61.0000,255.0000,6.2065,0.0581,0.1450,0.0940,0.0568,0,0,0,0,0,0,0,0
46.8897,224.0000,0.0000,62.0000,255.0000,6.2287,0.0547,0.1451,0.0917,0.0559,0,0,0,0,0,0,0,0
46.9088,224.0000,0.0000,62.0000,255.0000,6.2165,0.0566,0.1450,0.0923,0.0560,0,0,0,0,0,0,0,0
46.9266,224.0000,0.0000,62.0000,255.0000,6.2028,0.0587,0.1447,0.0931,0.0570,0,0,0,0,0,0,0,0
46.9473,224.0000,0.0000,62.0000,255.0000,6.1899,0.0606,0.1447,0.0922,0.0583,0,0,0,0,0,0,0,0
46.9670,224.0000,0.0000,62.0000,255.0000,6.1947,0.0599,0.1449,0.0926,0.0588,0,0,0,0,0,0,0,0
46.9833,224.0000,0.0000,62.0000,255.0000,6.2114,0.0574,0.1450,0.0917,0.0581,0,0,0,0,0,0,0,0
47.0004,224.0000,0.0000,62.0000,255.0000,6.2638,0.0494,0.1447,0.0920,0.0545,0,0,0,0,0,0,0,0
47.0174,224.0000,0.0000,62.0000,255.0000,6.2378,0.0534,0.1447,0.0921,0.0539,0,0,0,0,0,0,0,0
47.0341,224.0000,0.0000,62.0000,255.0000,6.2045,0.0584,0.1451,0.0916,0.0556,0,0,0,0,0,0,0,0
47.0554,224.0000,0.0000,62.0000,255.0000,6.2015,0.0589,0.1450,0.0938,0.0568,0,0,0,0,0,0,0,0
47.0761,224.0000,0.0000,62.0000,255.0000,6.2086,0.0578,0.1452,0.0940,0.0571,0,0,0,0,0,0,0,0
47.0940,224.0000,0.0000,62.0000,255.0000,6.2099,0.0576,0.1449,0.0936,0.0572,0,0,0,0,0,0,0,0
47.1104,224.0000,0.0000,62.0000,255.0000,6.2281,0.0548,0.1444,0.0908,0.0561,0,0,0,0,0,0,0,0
47.1311,224.0000,0.0000,62.0000,255.0000,6.2274,0.0549,0.1445,0.0909,0.0555,0,0,0,0,0,0,0,0
47.1504,224.0000,0.0000,62.0000,255.0000,6.2316,0.0543,0.1444,0.0907,0.0549,0,0,0,0,0,0,0,0
47.1677,224.0000,0.0000,63.0000,255.0000,6.1828,0.0617,0.1447,0.0905,0.0575,0,0,0,0,0,0,0,0
47.1942,224.0000,0.0000,63.0000,255.0000,6.1909,0.0605,0.1447,0.0903,0.0586,0,0,0,0,0,0,0,0
47.2134,224.0000,0.0000,63.0000,255.0000,6.1913,0.0604,0.1449,0.0911,0.0592,0,0,0,0,0,0,0,0
47.2340,224.0000,0.0000,63.0000,255.0000,6.1939,0.0600,0.1449,0.0919,0.0594,0,0,0,0,0,0,0,0
47.2504,224.0000,0.0000,63.0000,255.0000,6.1877,0.0610,0.1448,0.0918,0.0599,0,0,0,0,0,0,0,0
47.2671,224.0000,0.0000,63.0000,255.0000,6.2048,0.0584,0.1447,0.0918,0.0592,0,0,0,0,0,0,0,0
47.2935,224.0000,0.0000,63.0000,255.0000,6.2028,0.0587,0.1449,0.0918,0.0589,0,0,0,0,0,0,0,0
47.3135,224.0000,0.0000,63.0000,255.0000,6.1804,0.0621,0.1451,0.0921,0.0600,0,0,0,0,0,0,0,0
47.4101,224.0000,0.0000,63.0000,255.0000,6.1700,0.0637,0.1449,0.0920,0.0614,0,0,0,0,0,0,0,0
47.4312,224.0000,0.0000,64.0000,255.0000,6.1888,0.0608,0.1452,0.0921,0.0610,0,0,0,0,0,0,0,0
47.4509,224.0000,0.0000,64.0000,255.0000,6.1999,0.0591,0.1453,0.0914,0.0601,0,0,0,0,0,0,0,0
47.4766,224.0000,0.0000,64.0000,255.0000,6.1607,0.0651,0.1446,0.0911,0.0620,0,0,0,0,0,0,0,0
47.4946,224.0000,0.0000,64.0000,255.0000,6.1471,0.0671,0.1445,0.0911,0.0639,0,0,0,0,0,0,0,0
47.5172,224.0000,0.0000,64.0000,255.0000,6.1748,0.0629,0.1448,0.0919,0.0634,0,0,0,0,0,0,0,0
47.5352,224.0000,0.0000,64.0000,255.0000,6.2113,0.0574,0.1452,0.0931,0.0609,0,0,0,0,0,0,0,0
47.5544,224.0000,0.0000,64.0000,255.0000,6.2007,0.0590,0.1448,0.0929,0.0600,0,0,0,0,0,0,0,0
47.5756,224.0000,0.0000,64.0000,255.0000,6.1968,0.0596,0.1448,0.0921,0.0597,0,0,0,0,0,0,0,0
47.5930,224.0000,0.0000,64.0000,255.0000,6.1952,0.0598,0.1447,0.0923,0.0596,0,0,0,0,0,0,0,0
47.6138,224.0000,0.0000,64.0000,255.0000,6.1944,0.0600,0.1445,0.0921,0.0596,0,0,0,0,0,0,0,0
47.6338,224.0000,0.0000,64.0000,255.0000,6.2023,0.0588,0.1444,0.0925,0.0592,0,0,0,0,0,0,0,0
47.6506,224.0000,0.0000,64.0000,255.0000,6.2362,0.0536,0.1441,0.0919,0.0568,0,0,0,0,0,0,0,0
47.6667,224.0000,0.0000,64.0000,255.0000,6.2509,0.0514,0.1443,0.0928,0.0545,0,0,0,0,0,0,0,0
47.6938,224.0000,0.0000,65.0000,255.0000,6.2448,0.0523,0.1447,0.0928,0.0535,0,0,0,0,0,0,0,0
47.7147,224.0000,0.0000,65.0000,255.0000,6.2608,0.0499,0.1449,0.0921,0.0519,0,0,0,0,0,0,0,0
47.7337,224.0000,0.0000,65.0000,255.0000,6.2565,0.0505,0.1448,0.0914,0.0512,0,0,0,0,0,0,0,0
47.7504,224.0000,0.0000,65.0000,255.0000,6.2307,0.0544,0.1445,0.0915,0.0524,0,0,0,0,0,0,0,0
47.7665,224.0000,0.0000,65.0000,255.0000,6.2146,0.0569,0.1442,0.0925,0.0541,0,0,0,0,0,0,0,0
47.7844,224.0000,0.0000,65.0000,255.0000,6.2507,0.0514,0.1445,0.0931,0.0529,0,0,0,0,0,0,0,0
47.8096,224.0000,0.0000,65.0000,255.0000,6.2699,0.0485,0.1443,0.0914,0.0510,0,0,0,0,0,0,0,0
47.8298,224.0000,0.0000,65.0000,255.0000,6.2627,0.0496,0.1445,0.0912,0.0503,0,0,0,0,0,0,0,0
47.9178,224.0000,0.0000,65.0000,255.0000,6.2487,0.0517,0.1441,0.0919,0.0507,0,0,0,0,0,0,0,0
47.9430,224.0000,0.0000,65.0000,255.0000,6.2740,0.0479,0.1445,0.0929,0.0495,0,0,0,0,0,0,0,0
47.9601,224.0000,0.0000,66.0000,255.0000,6.3102,0.0424,0.1440,0.0927,0.0465,0,0,0,0,0,0,0,0
47.9771,224.0000,0.0000,66.0000,255.0000,6.2867,0.0459,0.1439,0.0922,0.0462,0,0,0,0,0,0,0,0
47.9939,224.0000,0.0000,66.0000,255.0000,6.2783,0.0472,0.1437,0.0918,0.0465,0,0,0,0,0,0,0,0
48.0140,224.0000,0.0000,66.0000,255.0000,6.2846,0.0463,0.1438,0.0923,0.0463,0,0,0,0,0,0,0,0
48.0335,224.0000,0.0000,66.0000,255.0000,6.2575,0.0504,0.1443,0.0929,0.0478,0,0,0,0,0,0,0,0
48.0508,224.0000,0.0000,66.0000,255.0000,6.2612,0.0498,0.1441,0.0928,0.0485,0,0,0,0,0,0,0,0
48.0676,224.0000,0.0000,66.0000,255.0000,6.2543,0.0509,0.1441,0.0924,0.0493,0,0,0,0,0,0,0,0
48.0924,224.0000,0.0000,66.0000,255.0000,6.2618,0.0497,0.1440,0.0931,0.0493,0,0,0,0,0,0,0,0
48.1130,224.0000,0.0000,66.0000,255.0000,6.2672,0.0489,0.1440,0.0923,0.0490,0,0,0,0,0,0,0,0
48.1304,224.0000,0.0000,66.0000,255.0000,6.2515,0.0513,0.1441,0.0919,0.0498,0,0,0,0,0,0,0,0
48.1502,224.0000,0.0000,66.0000,255.0000,6.2426,0.0526,0.1439,0.0916,0.0508,0,0,0,0,0,0,0,0
48.1668,224.0000,0.0000,66.0000,255.0000,6.2603,0.0500,0.1440,0.0924,0.0503,0,0,0,0,0,0,0,0
48.1840,224.0000,0.0000,66.0000,255.0000,6.2637,0.0494,0.1440,0.0940,0.0499,0,0,0,0,0,0,0,0
48.2006,224.0000,0.0000,66.0000,255.0000,6.2595,0.0501,0.1440,0.0938,0.0498,0,0,0,0,0,0,0,0
48.2225,224.0000,0.0000,67.0000,255.0000,6.2736,0.0479,0.1442,0.0935,0.0489,0,0,0,0,0,0,0,0
48.2439,224.0000,0.0000,67.0000,255.0000,6.2768,0.0474,0.1443,0.0931,0.0482,0,0,0,0,0,0,0,0
48.2633,224.0000,0.0000,67.0000,255.0000,6.2759,0.0476,0.1443,0.0924,0.0478,0,0,0,0,0,0,0,0
48.2805,224.0000,0.0000,67.0000,255.0000,6.2612,0.0498,0.1441,0.0915,0.0485,0,0,0,0,0,0,0,0
48.3004,224.0000,0.0000,67.0000,255.0000,6.2519,0.0512,0.1438,0.0911,0.0495,0,0,0,0,0,0,0,0
48.3170,224.0000,0.0000,67.0000,255.0000,6.2232,0.0556,0.1435,0.0913,0.0518,0,0,0,0,0,0,0,0
48.3337,224.0000,0.0000,67.0000,255.0000,6.2441,0.0524,0.1438,0.0909,0.0519,0,0,0,0,0,0,0,0
48.4216,224.0000,0.0000,67.0000,255.0000,6.1992,0.0592,0.1436,0.0907,0.0547,0,0,0,0,0,0,0,0
48.4434,224.0000,0.0000,67.0000,255.0000,6.2155,0.0568,0.1436,0.0906,0.0554,0,0,0,0,0,0,0,0
48.4642,224.0000,0.0000,67.0000,255.0000,6.2485,0.0517,0.1440,0.0910,0.0538,0,0,0,0,0,0,0,0
48.4863,224.0000,0.0000,67.0000,255.0000,6.2547,0.0508,0.1439,0.0914,0.0525,0,0,0,0,0,0,0,0
48.5033,224.0000,0.0000,68.0000,255.0000,6.2650,0.0492,0.1444,0.0919,0.0511,0,0,0,0,0,0,0,0
48.5224,224.0000,0.0000,68.0000,255.0000,6.2612,0.0498,0.1440,0.0931,0.0504,0,0,0,0,0,0,0,0
48.5429,224.0000,0.0000,68.0000,255.0000,6.2416,0.0528,0.1438,0.0932,0.0513,0,0,0,0,0,0,0,0
48.5639,224.0000,0.0000,68.0000,255.0000,6.2394,0.0531,0.1436,0.0922,0.0519,0,0,0,0,0,0,0,0
48.5845,224.0000,0.0000,68.0000,255.0000,6.2270,0.0550,0.1436,0.0906,0.0530,0,0,0,0,0,0,0,0
48.6082,224.0000,0.0000,68.0000,252.0000,6.2645,0.0493,0.1431,0.0922,0.0514,0,0,0,0,0,0,0,0
48.6271,224.0000,0.0000,68.0000,254.0000,6.2278,0.0549,0.1436,0.0925,0.0527,0,0,0,0,0,0,0,0
48.6464,224.0000,0.0000,68.0000,255.0000,6.2641,0.0494,0.1439,0.0925,0.0512,0,0,0,0,0,0,0,0
48.6637,224.0000,0.0000,68.0000,255.0000,6.2898,0.0455,0.1444,0.0921,0.0488,0,0,0,0,0,0,0,0
48.6836,224.0000,0.0000,68.0000,255.0000,6.2713,0.0483,0.1442,0.0916,0.0485,0,0,0,0,0,0,0,0
48.7004,224.0000,0.0000,68.0000,255.0000,6.2512,0.0513,0.1442,0.0918,0.0495,0,0,0,0,0,0,0,0
48.7174,224.0000,0.0000,68.0000,255.0000,6.2448,0.0523,0.1440,0.0924,0.0505,0,0,0,0,0,0,0,0
48.7436,224.0000,0.0000,68.0000,255.0000,6.2376,0.0534,0.1440,0.0913,0.0515,0,0,0,0,0,0,0,0
48.7605,224.0000,0.0000,69.0000,255.0000,6.2503,0.0515,0.1445,0.0908,0.0514,0,0,0,0,0,0,0,0
48.7801,224.0000,0.0000,69.0000,255.0000,6.2685,0.0487,0.1449,0.0911,0.0502,0,0,0,0,0,0,0,0
48.8004,224.0000,0.0000,69.0000,255.0000,6.2698,0.0485,0.1448,0.0910,0.0494,0,0,0,0,0,0,0,0
48.8170,224.0000,0.0000,69.0000,255.0000,6.2995,0.0440,0.1443,0.0909,0.0471,0,0,0,0,0,0,0,0
48.8429,224.0000,0.0000,69.0000,255.0000,6.2293,0.0547,0.1445,0.0905,0.0500,0,0,0,0,0,0,0,0
48.9314,224.0000,0.0000,69.0000,255.0000,6.2047,0.0584,0.1451,0.0925,0.0532,0,0,0,0,0,0,0,0
48.9499,224.0000,0.0000,69.0000,255.0000,6.2097,0.0576,0.1451,0.0928,0.0549,0,0,0,0,0,0,0,0
48.9670,224.0000,0.0000,69.0000,255.0000,6.2186,0.0563,0.1453,0.0930,0.0553,0,0,0,0,0,0,0,0
48.9835,224.0000,0.0000,69.0000,255.0000,6.2069,0.0580,0.1453,0.0925,0.0563,0,0,0,0,0,0,0,0
49.0003,224.0000,0.0000,69.0000,255.0000,6.2090,0.0577,0.1444,0.0910,0.0567,0,0,0,0,0,0,0,0
49.0164,224.0000,0.0000,69.0000,255.0000,6.1921,0.0603,0.1442,0.0913,0.0580,0,0,0,0,0,0,0,0
49.0329,224.0000,0.0000,70.0000,255.0000,6.1486,0.0669,0.1446,0.0914,0.0615,0,0,0,0,0,0,0,0
49.0550,224.0000,0.0000,70.0000,255.0000,6.1992,0.0592,0.1445,0.0904,0.0604,0,0,0,0,0,0,0,0
49.0753,224.0000,0.0000,70.0000,255.0000,6.1970,0.0596,0.1450,0.0906,0.0600,0,0,0,0,0,0,0,0
49.0939,224.0000,0.0000,70.0000,255.0000,6.1999,0.0591,0.1449,0.0904,0.0595,0,0,0,0,0,0,0,0
49.1139,224.0000,0.0000,70.0000,255.0000,6.1661,0.0642,0.1445,0.0903,0.0613,0,0,0,0,0,0,0,0
49.1339,224.0000,0.0000,70.0000,255.0000,6.1501,0.0667,0.1443,0.0905,0.0633,0,0,0,0,0,0,0,0
49.1504,224.0000,0.0000,70.0000,255.0000,6.1683,0.0639,0.1446,0.0924,0.0634,0,0,0,0,0,0,0,0
49.1708,224.0000,0.0000,70.0000,255.0000,6.1862,0.0612,0.1447,0.0922,0.0624,0,0,0,0,0,0,0,0
49.1885,224.0000,0.0000,70.0000,255.0000,6.1832,0.0616,0.1446,0.0913,0.0620,0,0,0,0,0,0,0,0
49.2101,224.0000,0.0000,70.0000,255.0000,6.1847,0.0614,0.1446,0.0913,0.0616,0,0,0,0,0,0,0,0
49.2305,224.0000,0.0000,70.0000,255.0000,6.2000,0.0591,0.1447,0.0908,0.0605,0,0,0,0,0,0,0,0
49.2505,224.0000,0.0000,70.0000,255.0000,6.2137,0.0570,0.1450,0.0911,0.0590,0,0,0,0,0,0,0,0
49.2683,224.0000,0.0000,70.0000,255.0000,6.2154,0.0568,0.1451,0.0912,0.0580,0,0,0,0,0,0,0,0
49.2886,224.0000,0.0000,71.0000,255.0000,6.2191,0.0562,0.1448,0.0916,0.0571,0,0,0,0,0,0,0,0
49.3096,224.0000,0.0000,71.0000,255.0000,6.1702,0.0636,0.1451,0.0916,0.0596,0,0,0,0,0,0,0,0
49.3299,224.0000,0.0000,71.0000,255.0000,6.1781,0.0624,0.1452,0.0927,0.0606,0,0,0,0,0,0,0,0
49.3507,224.0000,0.0000,71.0000,255.0000,6.2015,0.0589,0.1457,0.0929,0.0598,0,0,0,0,0,0,0,0
49.4397,224.0000,0.0000,71.0000,255.0000,6.1650,0.0644,0.1457,0.0926,0.0615,0,0,0,0,0,0,0,0
49.4598,224.0000,0.0000,71.0000,255.0000,6.1436,0.0677,0.1462,0.0926,0.0639,0,0,0,0,0,0,0,0
49.4803,224.0000,0.0000,71.0000,255.0000,6.1601,0.0652,0.1467,0.0932,0.0643,0,0,0,0,0,0,0,0
49.5007,224.0000,0.0000,71.0000,255.0000,6.1529,0.0662,0.1465,0.0921,0.0649,0,0,0,0,0,0,0,0
49.5212,224.0000,0.0000,71.0000,255.0000,6.1685,0.0639,0.1460,0.0919,0.0644,0,0,0,0,0,0,0,0
49.5428,224.0000,0.0000,71.0000,255.0000,6.1149,0.0720,0.1464,0.0920,0.0673,0,0,0,0,0,0,0,0
49.5614,224.0000,0.0000,72.0000,255.0000,6.1074,0.0732,0.1465,0.0918,0.0695,0,0,0,0,0,0,0,0
49.5803,224.0000,0.0000,72.0000,255.0000,6.1521,0.0664,0.1462,0.0914,0.0681,0,0,0,0,0,0,0,0
49.6001,224.0000,0.0000,72.0000,255.0000,6.1527,0.0663,0.1461,0.0909,0.0673,0,0,0,0,0,0,0,0
49.6171,224.0000,0.0000,72.0000,255.0000,6.1169,0.0717,0.1467,0.0910,0.0689,0,0,0,0,0,0,0,0
49.6334,224.0000,0.0000,72.0000,255.0000,6.1162,0.0718,0.1468,0.0911,0.0700,0,0,0,0,0,0,0,0
49.6507,224.0000,0.0000,72.0000,255.0000,6.1298,0.0698,0.1468,0.0915,0.0698,0,0,0,0,0,0,0,0
49.6669,224.0000,0.0000,72.0000,255.0000,6.1139,0.0722,0.1468,0.0922,0.0706,0,0,0,0,0,0,0,0
49.6869,224.0000,0.0000,72.0000,255.0000,6.1075,0.0731,0.1465,0.0926,0.0715,0,0,0,0,0,0,0,0
49.7041,224.0000,0.0000,72.0000,255.0000,6.1079,0.0731,0.1471,0.0944,0.0720,0,0,0,0,0,0,0,0
49.7205,224.0000,0.0000,72.0000,255.0000,6.1079,0.0731,0.1471,0.0944,0.0723,0,0,0,0,0,0,0,0
49.7372,224.0000,0.0000,72.0000,255.0000,6.0973,0.0747,0.1471,0.0934,0.0731,0,0,0,0,0,0,0,0
49.7552,224.0000,0.0000,72.0000,255.0000,6.0908,0.0757,0.1470,0.0921,0.0740,0,0,0,0,0,0,0,0
49.7762,224.0000,0.0000,72.0000,255.0000,6.1345,0.0690,0.1465,0.0919,0.0719,0,0,0,0,0,0,0,0
49.7970,224.0000,0.0000,72.0000,255.0000,6.0967,0.0748,0.1474,0.0922,0.0729,0,0,0,0,0,0,0,0
49.8165,224.0000,0.0000,72.0000,255.0000,6.1080,0.0731,0.1474,0.0939,0.0729,0,0,0,0,0,0,0,0
49.8340,224.0000,0.0000,73.0000,255.0000,6.0998,0.0743,0.1473,0.0943,0.0733,0,0,0,0,0,0,0,0
49.8502,224.0000,0.0000,73.0000,255.0000,6.0952,0.0750,0.1473,0.0940,0.0739,0,0,0,0,0,0,0,0
49.8704,224.0000,0.0000,73.0000,255.0000,6.0982,0.0746,0.1470,0.0919,0.0740,0,0,0,0,0,0,0,0
49.9618,224.0000,0.0000,73.0000,255.0000,6.1441,0.0676,0.1478,0.0915,0.0713,0,0,0,0,0,0,0,0
49.9804,224.0000,0.0000,73.0000,255.0000,6.1335,0.0692,0.1478,0.0917,0.0704,0,0,0,0,0,0,0,0
49.9997,224.0000,0.0000,73.0000,255.0000,6.1053,0.0735,0.1473,0.0911,0.0715,0,0,0,0,0,0,0,0
50.0172,224.0000,0.0000,73.0000,255.0000,6.1561,0.0658,0.1469,0.0910,0.0691,0,0,0,0,0,0,0,0
50.0332,224.0000,0.0000,73.0000,255.0000,6.1400,0.0682,0.1477,0.0916,0.0686,0,0,0,0,0,0,0,0
50.0501,224.0000,0.0000,73.0000,255.0000,6.1297,0.0698,0.1476,0.0914,0.0689,0,0,0,0,0,0,0,0
50.0709,224.0000,0.0000,73.0000,255.0000,6.1244,0.0706,0.1475,0.0913,0.0695,0,0,0,0,0,0,0,0
50.0867,224.0000,0.0000,73.0000,255.0000,6.1147,0.0720,0.1473,0.0915,0.0704,0,0,0,0,0,0,0,0
50.1044,224.0000,0.0000,74.0000,255.0000,6.1128,0.0723,0.1475,0.0921,0.0710,0,0,0,0,0,0,0,0
50.1211,224.0000,0.0000,74.0000,255.0000,6.1423,0.0679,0.1473,0.0938,0.0696,0,0,0,0,0,0,0,0
50.1373,224.0000,0.0000,74.0000,255.0000,6.1149,0.0720,0.1475,0.0942,0.0705,0,0,0,0,0,0,0,0
50.1546,224.0000,0.0000,74.0000,255.0000,6.1012,0.0741,0.1474,0.0927,0.0718,0,0,0,0,0,0,0,0
50.1705,224.0000,0.0000,74.0000,255.0000,6.1012,0.0741,0.1474,0.0927,0.0726,0,0,0,0,0,0,0,0
50.1877,224.0000,0.0000,74.0000,255.0000,6.1490,0.0668,0.1466,0.0929,0.0702,0,0,0,0,0,0,0,0
50.2096,224.0000,0.0000,74.0000,255.0000,6.1763,0.0627,0.1471,0.0943,0.0671,0,0,0,0,0,0,0,0
50.2300,224.0000,0.0000,74.0000,255.0000,6.1814,0.0619,0.1468,0.0922,0.0649,0,0,0,0,0,0,0,0
50.2502,224.0000,0.0000,74.0000,255.0000,6.1647,0.0645,0.1465,0.0929,0.0646,0,0,0,0,0,0,0,0
50.2668,224.0000,0.0000,74.0000,255.0000,6.1365,0.0687,0.1462,0.0915,0.0661,0,0,0,0,0,0,0,0
50.2872,224.0000,0.0000,74.0000,255.0000,6.1230,0.0708,0.1469,0.0907,0.0679,0,0,0,0,0,0,0,0
50.3080,224.0000,0.0000,74.0000,255.0000,6.1623,0.0648,0.1470,0.0924,0.0665,0,0,0,0,0,0,0,0
50.3262,224.0000,0.0000,74.0000,255.0000,6.1616,0.0649,0.1469,0.0922,0.0658,0,0,0,0,0,0,0,0
50.3462,224.0000,0.0000,74.0000,255.0000,6.1647,0.0645,0.1469,0.0912,0.0651,0,0,0,0,0,0,0,0
50.3640,224.0000,0.0000,75.0000,255.0000,6.1571,0.0656,0.1467,0.0906,0.0652,0,0,0,0,0,0,0,0
50.3835,224.0000,0.0000,75.0000,255.0000,6.1707,0.0635,0.1466,0.0918,0.0644,0,0,0,0,0,0,0,0
50.4708,224.0000,0.0000,75.0000,255.0000,6.2065,0.0581,0.1459,0.0931,0.0618,0,0,0,0,0,0,0,0
50.4876,224.0000,0.0000,75.0000,255.0000,6.1579,0.0655,0.1461,0.0929,0.0631,0,0,0,0,0,0,0,0
50.5046,224.0000,0.0000,75.0000,255.0000,6.1863,0.0612,0.1454,0.0928,0.0622,0,0,0,0,0,0,0,0
50.5216,224.0000,0.0000,75.0000,255.0000,6.1400,0.0682,0.1456,0.0911,0.0645,0,0,0,0,0,0,0,0
50.5432,224.0000,0.0000,75.0000,255.0000,6.1629,0.0647,0.1459,0.0909,0.0645,0,0,0,0,0,0,0,0
50.5632,224.0000,0.0000,75.0000,255.0000,6.1590,0.0653,0.1454,0.0903,0.0647,0,0,0,0,0,0,0,0
50.5834,224.0000,0.0000,75.0000,255.0000,6.1662,0.0642,0.1452,0.0909,0.0644,0,0,0,0,0,0,0,0
50.6032,224.0000,0.0000,75.0000,255.0000,6.1946,0.0599,0.1451,0.0918,0.0625,0,0,0,0,0,0,0,0
50.6211,224.0000,0.0000,75.0000,255.0000,6.1980,0.0594,0.1453,0.0925,0.0611,0,0,0,0,0,0,0,0
50.6377,224.0000,0.0000,76.0000,255.0000,6.1991,0.0592,0.1454,0.0923,0.0602,0,0,0,0,0,0,0,0
50.6592,224.0000,0.0000,76.0000,255.0000,6.1821,0.0618,0.1450,0.0905,0.0608,0,0,0,0,0,0,0,0
50.6797,224.0000,0.0000,76.0000,255.0000,6.1754,0.0628,0.1451,0.0912,0.0615,0,0,0,0,0,0,0,0
50.7001,224.0000,0.0000,76.0000,255.0000,6.1788,0.0623,0.1450,0.0909,0.0617,0,0,0,0,0,0,0,0
50.7170,224.0000,0.0000,76.0000,255.0000,6.1884,0.0609,0.1449,0.0915,0.0612,0,0,0,0,0,0,0,0
50.7334,224.0000,0.0000,76.0000,255.0000,6.1923,0.0603,0.1450,0.0918,0.0607,0,0,0,0,0,0,0,0
50.7505,224.0000,0.0000,76.0000,255.0000,6.2000,0.0591,0.1450,0.0915,0.0600,0,0,0,0,0,0,0,0
50.7668,224.0000,0.0000,76.0000,255.0000,6.2118,0.0573,0.1450,0.0918,0.0588,0,0,0,0,0,0,0,0
50.7873,224.0000,0.0000,76.0000,255.0000,6.2066,0.0581,0.1450,0.0937,0.0584,0,0,0,0,0,0,0,0
50.8041,224.0000,0.0000,76.0000,255.0000,6.1805,0.0621,0.1445,0.0933,0.0597,0,0,0,0,0,0,0,0
50.8205,224.0000,0.0000,76.0000,255.0000,6.1704,0.0636,0.1442,0.0921,0.0612,0,0,0,0,0,0,0,0
50.8371,224.0000,0.0000,76.0000,255.0000,6.1987,0.0593,0.1445,0.0926,0.0603,0,0,0,0,0,0,0,0
50.8542,224.0000,0.0000,76.0000,255.0000,6.2133,0.0571,0.1448,0.0922,0.0589,0,0,0,0,0,0,0,0
50.8702,224.0000,0.0000,76.0000,255.0000,6.2157,0.0567,0.1449,0.0917,0.0579,0,0,0,0,0,0,0,0
50.8872,224.0000,0.0000,76.0000,255.0000,6.2158,0.0567,0.1447,0.0917,0.0573,0,0,0,0,0,0,0,0
50.9811,224.0000,0.0000,77.0000,255.0000,6.2629,0.0496,0.1439,0.0908,0.0541,0,0,0,0,0,0,0,0
50.9997,224.0000,0.0000,77.0000,255.0000,6.2432,0.0525,0.1442,0.0908,0.0533,0,0,0,0,0,0,0,0
51.0169,224.0000,0.0000,77.0000,255.0000,6.2862,0.0460,0.1440,0.0913,0.0503,0,0,0,0,0,0,0,0
51.0332,224.0000,0.0000,77.0000,255.0000,6.2744,0.0478,0.1436,0.0917,0.0492,0,0,0,0,0,0,0,0
51.0497,224.0000,0.0000,77.0000,255.0000,6.2555,0.0507,0.1435,0.0917,0.0496,0,0,0,0,0,0,0,0
51.0714,224.0000,0.0000,77.0000,255.0000,6.2285,0.0548,0.1441,0.0913,0.0516,0,0,0,0,0,0,0,0
51.0878,224.0000,0.0000,77.0000,255.0000,6.2619,0.0497,0.1435,0.0918,0.0507,0,0,0,0,0,0,0,0
51.1097,224.0000,0.0000,77.0000,255.0000,6.2011,0.0589,0.1436,0.0912,0.0539,0,0,0,0,0,0,0,0
51.1305,224.0000,0.0000,77.0000,255.0000,6.2423,0.0527,0.1429,0.0915,0.0533,0,0,0,0,0,0,0,0
51.1505,224.0000,0.0000,77.0000,255.0000,6.2316,0.0543,0.1436,0.0913,0.0536,0,0,0,0,0,0,0,0
51.1670,224.0000,0.0000,78.0000,255.0000,6.2843,0.0463,0.1443,0.0919,0.0505,0,0,0,0,0,0,0,0
51.1835,224.0000,0.0000,78.0000,255.0000,6.2858,0.0461,0.1439,0.0920,0.0486,0,0,0,0,0,0,0,0
51.2044,224.0000,0.0000,78.0000,255.0000,6.2540,0.0509,0.1440,0.0916,0.0494,0,0,0,0,0,0,0,0
51.2205,224.0000,0.0000,78.0000,255.0000,6.2530,0.0511,0.1437,0.0928,0.0499,0,0,0,0,0,0,0,0
51.2430,224.0000,0.0000,78.0000,255.0000,6.2538,0.0509,0.1437,0.0958,0.0502,0,0,0,0,0,0,0,0
51.2647,224.0000,0.0000,78.0000,255.0000,6.2647,0.0493,0.1439,0.0941,0.0497,0,0,0,0,0,0,0,0
51.2836,224.0000,0.0000,78.0000,255.0000,6.2801,0.0469,0.1441,0.0928,0.0485,0,0,0,0,0,0,0,0
51.3003,224.0000,0.0000,78.0000,255.0000,6.2805,0.0469,0.1439,0.0920,0.0477,0,0,0,0,0,0,0,0
51.3164,224.0000,0.0000,78.0000,255.0000,6.2778,0.0473,0.1439,0.0918,0.0474,0,0,0,0,0,0,0,0
51.3335,224.0000,0.0000,78.0000,255.0000,6.2568,0.0505,0.1437,0.0911,0.0485,0,0,0,0,0,0,0,0
51.3498,224.0000,0.0000,78.0000,255.0000,6.2385,0.0533,0.1437,0.0908,0.0503,0,0,0,0,0,0,0,0
51.3668,224.0000,0.0000,78.0000,255.0000,6.2288,0.0547,0.1434,0.0908,0.0519,0,0,0,0,0,0,0,0
51.3839,224.0000,0.0000,78.0000,255.0000,6.2298,0.0546,0.1435,0.0914,0.0529,0,0,0,0,0,0,0,0
51.3998,224.0000,0.0000,78.0000,255.0000,6.2547,0.0508,0.1428,0.0917,0.0519,0,0,0,0,0,0,0,0
51.4883,224.0000,0.0000,79.0000,255.0000,6.2899,0.0455,0.1433,0.0921,0.0492,0,0,0,0,0,0,0,0
51.5097,224.0000,0.0000,79.0000,255.0000,6.2151,0.0568,0.1433,0.0914,0.0521,0,0,0,0,0,0,0,0
51.5280,224.0000,0.0000,79.0000,255.0000,6.2621,0.0497,0.1430,0.0916,0.0510,0,0,0,0,0,0,0,0
51.5469,224.0000,0.0000,79.0000,255.0000,6.2320,0.0542,0.1435,0.0911,0.0522,0,0,0,0,0,0,0,0
51.5668,224.0000,0.0000,79.0000,255.0000,6.2375,0.0534,0.1437,0.0904,0.0526,0,0,0,0,0,0,0,0
51.5842,224.0000,0.0000,79.0000,255.0000,6.2963,0.0445,0.1435,0.0907,0.0492,0,0,0,0,0,0,0,0
51.6037,224.0000,0.0000,79.0000,255.0000,6.2830,0.0465,0.1434,0.0910,0.0480,0,0,0,0,0,0,0,0
51.6195,224.0000,0.0000,79.0000,255.0000,6.2195,0.0561,0.1436,0.0915,0.0511,0,0,0,0,0,0,0,0
51.6365,224.0000,0.0000,79.0000,255.0000,6.2092,0.0577,0.1430,0.0918,0.0536,0,0,0,0,0,0,0,0
51.6538,224.0000,0.0000,79.0000,255.0000,6.1971,0.0595,0.1432,0.0924,0.0559,0,0,0,0,0,0,0,0
51.6692,224.0000,0.0000,79.0000,255.0000,6.2066,0.0581,0.1434,0.0926,0.0566,0,0,0,0,0,0,0,0
51.6874,224.0000,0.0000,79.0000,255.0000,6.2117,0.0573,0.1434,0.0920,0.0568,0,0,0,0,0,0,0,0
51.7041,224.0000,0.0000,80.0000,255.0000,6.2119,0.0573,0.1438,0.0913,0.0569,0,0,0,0,0,0,0,0
51.7201,224.0000,0.0000,80.0000,255.0000,6.2484,0.0518,0.1433,0.0911,0.0547,0,0,0,0,0,0,0,0
51.7373,224.0000,0.0000,80.0000,255.0000,6.2225,0.0557,0.1438,0.0912,0.0550,0,0,0,0,0,0,0,0
51.7545,224.0000,0.0000,80.0000,255.0000,6.2382,0.0533,0.1439,0.0906,0.0542,0,0,0,0,0,0,0,0
51.7715,224.0000,0.0000,80.0000,255.0000,6.2479,0.0518,0.1441,0.0919,0.0531,0,0,0,0,0,0,0,0
51.7932,224.0000,0.0000,80.0000,255.0000,6.2333,0.0540,0.1440,0.0922,0.0534,0,0,0,0,0,0,0,0
51.8130,224.0000,0.0000,80.0000,255.0000,6.2244,0.0554,0.1438,0.0909,0.0541,0,0,0,0,0,0,0,0
51.8335,224.0000,0.0000,80.0000,255.0000,6.2156,0.0567,0.1438,0.0910,0.0550,0,0,0,0,0,0,0,0
51.8536,224.0000,0.0000,80.0000,255.0000,6.2381,0.0533,0.1441,0.0911,0.0542,0,0,0,0,0,0,0,0
51.8708,224.0000,0.0000,80.0000,255.0000,6.2571,0.0504,0.1443,0.0914,0.0526,0,0,0,0,0,0,0,0
51.8877,224.0000,0.0000,80.0000,255.0000,6.2666,0.0490,0.1445,0.0917,0.0510,0,0,0,0,0,0,0,0
51.9038,224.0000,0.0000,80.0000,255.0000,6.2786,0.0472,0.1444,0.0921,0.0494,0,0,0,0,0,0,0,0
51.9931,224.0000,0.0000,81.0000,255.0000,6.2787,0.0472,0.1445,0.0931,0.0484,0,0,0,0,0,0,0,0
52.0135,224.0000,0.0000,81.0000,255.0000,6.2665,0.0490,0.1445,0.0931,0.0485,0,0,0,0,0,0,0,0
52.0336,224.0000,0.0000,81.0000,255.0000,6.2933,0.0449,0.1440,0.0916,0.0469,0,0,0,0,0,0,0,0
52.0506,224.0000,0.0000,81.0000,255.0000,6.3082,0.0427,0.1441,0.0916,0.0451,0,0,0,0,0,0,0,0
52.0670,224.0000,0.0000,81.0000,255.0000,6.2590,0.0501,0.1444,0.0921,0.0470,0,0,0,0,0,0,0,0
52.0886,224.0000,0.0000,81.0000,255.0000,6.2993,0.0440,0.1438,0.0914,0.0457,0,0,0,0,0,0,0,0
52.1099,224.0000,0.0000,81.0000,255.0000,6.2453,0.0522,0.1443,0.0908,0.0482,0,0,0,0,0,0,0,0
52.1295,224.0000,0.0000,81.0000,255.0000,6.2936,0.0449,0.1440,0.0915,0.0467,0,0,0,0,0,0,0,0
52.1461,224.0000,0.0000,81.0000,255.0000,6.2585,0.0502,0.1446,0.0921,0.0480,0,0,0,0,0,0,0,0
52.1700,224.0000,0.0000,81.0000,255.0000,6.2599,0.0500,0.1448,0.0916,0.0487,0,0,0,0,0,0,0,0
52.1878,224.0000,0.0000,81.0000,255.0000,6.2320,0.0542,0.1443,0.0916,0.0508,0,0,0,0,0,0,0,0
52.2044,224.0000,0.0000,81.0000,255.0000,6.2656,0.0491,0.1446,0.0917,0.0500,0,0,0,0,0,0,0,0
52.2263,224.0000,0.0000,82.0000,255.0000,6.2485,0.0517,0.1447,0.0921,0.0506,0,0,0,0,0,0,0,0
52.2461,224.0000,0.0000,82.0000,255.0000,6.2465,0.0520,0.1448,0.0921,0.0510,0,0,0,0,0,0,0,0
52.2645,224.0000,0.0000,82.0000,255.0000,6.2815,0.0467,0.1444,0.0916,0.0492,0,0,0,0,0,0,0,0
52.2827,224.0000,0.0000,82.0000,255.0000,6.2472,0.0519,0.1449,0.0905,0.0502,0,0,0,0,0,0,0,0
52.3003,224.0000,0.0000,82.0000,255.0000,6.2540,0.0509,0.1449,0.0907,0.0503,0,0,0,0,0,0,0,0
52.3167,224.0000,0.0000,82.0000,255.0000,6.2457,0.0522,0.1449,0.0907,0.0509,0,0,0,0,0,0,0,0
52.3376,224.0000,0.0000,82.0000,255.0000,6.2421,0.0527,0.1449,0.0910,0.0515,0,0,0,0,0,0,0,0
52.3543,224.0000,0.0000,82.0000,255.0000,6.2426,0.0526,0.1447,0.0917,0.0518,0,0,0,0,0,0,0,0
52.3710,224.0000,0.0000,82.0000,255.0000,6.2510,0.0514,0.1446,0.0922,0.0515,0,0,0,0,0,0,0,0
52.3878,224.0000,0.0000,82.0000,255.0000,6.2568,0.0505,0.1445,0.0921,0.0510,0,0,0,0,0,0,0,0
52.4041,224.0000,0.0000,82.0000,255.0000,6.2544,0.0508,0.1443,0.0917,0.0508,0,0,0,0,0,0,0,0
52.4943,224.0000,0.0000,83.0000,254.0000,6.2271,0.0550,0.1440,0.0921,0.0524,0,0,0,0,0,0,0,0
52.5174,224.0000,0.0000,83.0000,255.0000,6.2382,0.0533,0.1441,0.0908,0.0526,0,0,0,0,0,0,0,0
52.5376,224.0000,0.0000,83.0000,255.0000,6.2731,0.0480,0.1440,0.0910,0.0506,0,0,0,0,0,0,0,0
52.5552,224.0000,0.0000,83.0000,255.0000,6.2657,0.0491,0.1441,0.0914,0.0499,0,0,0,0,0,0,0,0
52.5789,224.0000,0.0000,83.0000,255.0000,6.2584,0.0502,0.1435,0.0905,0.0499,0,0,0,0,0,0,0,0
52.5972,224.0000,0.0000,83.0000,255.0000,6.2433,0.0525,0.1436,0.0902,0.0508,0,0,0,0,0,0,0,0
52.6169,224.0000,0.0000,83.0000,255.0000,6.2337,0.0540,0.1439,0.0906,0.0520,0,0,0,0,0,0,0,0
52.6335,224.0000,0.0000,83.0000,255.0000,6.2344,0.0539,0.1439,0.0902,0.0526,0,0,0,0,0,0,0,0
52.6543,224.0000,0.0000,83.0000,255.0000,6.2299,0.0546,0.1439,0.0902,0.0533,0,0,0,0,0,0,0,0
52.6704,224.0000,0.0000,83.0000,255.0000,6.2404,0.0530,0.1441,0.0913,0.0530,0,0,0,0,0,0,0,0
52.6871,224.0000,0.0000,83.0000,255.0000,6.2411,0.0529,0.1439,0.0907,0.0528,0,0,0,0,0,0,0,0
52.7043,224.0000,0.0000,83.0000,255.0000,6.2490,0.0517,0.1439,0.0910,0.0522,0,0,0,0,0,0,0,0
52.7206,224.0000,0.0000,83.0000,255.0000,6.2584,0.0502,0.1441,0.0907,0.0513,0,0,0,0,0,0,0,0
52.7379,224.0000,0.0000,83.0000,255.0000,6.2693,0.0486,0.1441,0.0911,0.0501,0,0,0,0,0,0,0,0
52.7546,224.0000,0.0000,83.0000,255.0000,6.2380,0.0533,0.1439,0.0905,0.0513,0,0,0,0,0,0,0,0
52.7712,224.0000,0.0000,84.0000,254.0000,6.2148,0.0568,0.1438,0.0898,0.0534,0,0,0,0,0,0,0,0
52.7933,224.0000,0.0000,84.0000,255.0000,6.2340,0.0539,0.1442,0.0898,0.0535,0,0,0,0,0,0,0,0
52.8131,224.0000,0.0000,84.0000,255.0000,6.2351,0.0538,0.1444,0.0899,0.0535,0,0,0,0,0,0,0,0
52.8334,224.0000,0.0000,84.0000,255.0000,6.2410,0.0529,0.1446,0.0914,0.0531,0,0,0,0,0,0,0,0
52.8501,224.0000,0.0000,84.0000,255.0000,6.2357,0.0537,0.1446,0.0903,0.0532,0,0,0,0,0,0,0,0
52.8670,224.0000,0.0000,84.0000,255.0000,6.2320,0.0542,0.1446,0.0900,0.0535,0,0,0,0,0,0,0,0
52.8834,224.0000,0.0000,84.0000,255.0000,6.2418,0.0528,0.1445,0.0910,0.0531,0,0,0,0,0,0,0,0
52.9043,224.0000,0.0000,84.0000,255.0000,6.2435,0.0525,0.1449,0.0907,0.0527,0,0,0,0,0,0,0,0
52.9938,224.0000,0.0000,84.0000,255.0000,6.2458,0.0522,0.1445,0.0908,0.0524,0,0,0,0,0,0,0,0
53.0133,224.0000,0.0000,84.0000,255.0000,6.2559,0.0506,0.1446,0.0911,0.0515,0,0,0,0,0,0,0,0
53.0335,224.0000,0.0000,85.0000,255.0000,6.2201,0.0560,0.1451,0.0912,0.0532,0,0,0,0,0,0,0,0
53.0498,224.0000,0.0000,85.0000,255.0000,6.2240,0.0555,0.1452,0.0909,0.0540,0,0,0,0,0,0,0,0
53.0707,224.0000,0.0000,85.0000,255.0000,6.2220,0.0558,0.1451,0.0911,0.0546,0,0,0,0,0,0,0,0
53.0875,224.0000,0.0000,85.0000,255.0000,6.2044,0.0584,0.1450,0.0906,0.0560,0,0,0,0,0,0,0,0
53.1042,224.0000,0.0000,85.0000,255.0000,6.2362,0.0536,0.1453,0.0916,0.0549,0,0,0,0,0,0,0,0
53.1209,224.0000,0.0000,85.0000,255.0000,6.2399,0.0530,0.1455,0.0912,0.0540,0,0,0,0,0,0,0,0
53.1370,224.0000,0.0000,85.0000,255.0000,6.2386,0.0532,0.1455,0.0915,0.0536,0,0,0,0,0,0,0,0
53.1603,224.0000,0.0000,85.0000,255.0000,6.2586,0.0502,0.1457,0.0920,0.0521,0,0,0,0,0,0,0,0
53.1799,224.0000,0.0000,85.0000,255.0000,6.2751,0.0477,0.1459,0.0922,0.0502,0,0,0,0,0,0,0,0
53.1997,224.0000,0.0000,85.0000,255.0000,6.2628,0.0496,0.1454,0.0933,0.0498,0,0,0,0,0,0,0,0
53.2170,224.0000,0.0000,85.0000,255.0000,6.2772,0.0474,0.1457,0.0924,0.0487,0,0,0,0,0,0,0,0
53.2336,224.0000,0.0000,85.0000,255.0000,6.3070,0.0429,0.1453,0.0932,0.0463,0,0,0,0,0,0,0,0
53.2537,224.0000,0.0000,85.0000,255.0000,6.2496,0.0516,0.1454,0.0919,0.0483,0,0,0,0,0,0,0,0
53.2693,224.0000,0.0000,85.0000,255.0000,6.2576,0.0504,0.1457,0.0923,0.0490,0,0,0,0,0,0,0,0
53.2867,224.0000,0.0000,85.0000,255.0000,6.2449,0.0523,0.1456,0.0924,0.0502,0,0,0,0,0,0,0,0
53.3034,224.0000,0.0000,86.0000,255.0000,6.2282,0.0548,0.1458,0.0921,0.0519,0,0,0,0,0,0,0,0
53.3199,224.0000,0.0000,86.0000,255.0000,6.2106,0.0575,0.1457,0.0921,0.0540,0,0,0,0,0,0,0,0
53.3378,224.0000,0.0000,86.0000,255.0000,6.2756,0.0476,0.1457,0.0924,0.0513,0,0,0,0,0,0,0,0
53.3538,224.0000,0.0000,86.0000,255.0000,6.3085,0.0426,0.1460,0.0919,0.0477,0,0,0,0,0,0,0,0
53.3708,224.0000,0.0000,86.0000,255.0000,6.3114,0.0422,0.1461,0.0917,0.0454,0,0,0,0,0,0,0,0
53.3896,224.0000,0.0000,86.0000,255.0000,6.2468,0.0520,0.1464,0.0911,0.0479,0,0,0,0,0,0,0,0
53.4092,224.0000,0.0000,86.0000,255.0000,6.2230,0.0556,0.1462,0.0915,0.0509,0,0,0,0,0,0,0,0
53.4997,224.0000,0.0000,86.0000,255.0000,6.2515,0.0513,0.1467,0.0939,0.0509,0,0,0,0,0,0,0,0
53.5172,224.0000,0.0000,86.0000,255.0000,6.2368,0.0535,0.1466,0.0932,0.0518,0,0,0,0,0,0,0,0
53.5379,224.0000,0.0000,86.0000,255.0000,6.2097,0.0576,0.1464,0.0926,0.0540,0,0,0,0,0,0,0,0
53.5548,224.0000,0.0000,86.0000,255.0000,6.1949,0.0599,0.1465,0.0921,0.0562,0,0,0,0,0,0,0,0
53.5774,224.0000,0.0000,87.0000,255.0000,6.1567,0.0657,0.1467,0.0929,0.0599,0,0,0,0,0,0,0,0
53.5966,224.0000,0.0000,87.0000,255.0000,6.1508,0.0666,0.1467,0.0928,0.0624,0,0,0,0,0,0,0,0
53.6173,224.0000,0.0000,87.0000,255.0000,6.1339,0.0691,0.1467,0.0917,0.0650,0,0,0,0,0,0,0,0
53.6380,224.0000,0.0000,87.0000,255.0000,6.1354,0.0689,0.1466,0.0917,0.0664,0,0,0,0,0,0,0,0
53.6543,224.0000,0.0000,87.0000,255.0000,6.1677,0.0640,0.1473,0.0921,0.0653,0,0,0,0,0,0,0,0
53.6755,224.0000,0.0000,87.0000,255.0000,6.1896,0.0607,0.1477,0.0923,0.0634,0,0,0,0,0,0,0,0
53.6963,224.0000,0.0000,87.0000,255.0000,6.1657,0.0643,0.1473,0.0920,0.0636,0,0,0,0,0,0,0,0
53.7168,224.0000,0.0000,87.0000,255.0000,6.1486,0.0669,0.1473,0.0923,0.0648,0,0,0,0,0,0,0,0
53.7334,224.0000,0.0000,87.0000,255.0000,6.1405,0.0681,0.1471,0.0926,0.0660,0,0,0,0,0,0,0,0
53.7547,224.0000,0.0000,87.0000,255.0000,6.1439,0.0676,0.1471,0.0925,0.0665,0,0,0,0,0,0,0,0
53.7761,224.0000,0.0000,87.0000,255.0000,6.1991,0.0592,0.1475,0.0931,0.0635,0,0,0,0,0,0,0,0
53.7967,224.0000,0.0000,87.0000,255.0000,6.2042,0.0585,0.1475,0.0934,0.0614,0,0,0,0,0,0,0,0
53.8171,224.0000,0.0000,87.0000,255.0000,6.1932,0.0601,0.1474,0.0933,0.0607,0,0,0,0,0,0,0,0
53.8373,224.0000,0.0000,88.0000,255.0000,6.1920,0.0603,0.1474,0.0937,0.0605,0,0,0,0,0,0,0,0
53.8544,224.0000,0.0000,88.0000,255.0000,6.1667,0.0641,0.1473,0.0934,0.0618,0,0,0,0,0,0,0,0
53.8704,224.0000,0.0000,88.0000,255.0000,6.1571,0.0656,0.1471,0.0940,0.0632,0,0,0,0,0,0,0,0
53.8874,224.0000,0.0000,88.0000,255.0000,6.1484,0.0669,0.1471,0.0920,0.0646,0,0,0,0,0,0,0,0
53.9097,224.0000,0.0000,88.0000,255.0000,6.1806,0.0620,0.1468,0.0916,0.0634,0,0,0,0,0,0,0,0
53.9977,224.0000,0.0000,88.0000,255.0000,6.1590,0.0653,0.1470,0.0924,0.0641,0,0,0,0,0,0,0,0
54.0169,224.0000,0.0000,88.0000,255.0000,6.1404,0.0681,0.1466,0.0921,0.0656,0,0,0,0,0,0,0,0
54.0332,224.0000,0.0000,88.0000,255.0000,6.1453,0.0674,0.1469,0.0929,0.0662,0,0,0,0,0,0,0,0
54.0545,224.0000,0.0000,88.0000,255.0000,6.1313,0.0695,0.1471,0.0919,0.0674,0,0,0,0,0,0,0,0
54.0704,224.0000,0.0000,88.0000,255.0000,6.1551,0.0659,0.1474,0.0925,0.0667,0,0,0,0,0,0,0,0
54.0875,224.0000,0.0000,88.0000,255.0000,6.1796,0.0622,0.1475,0.0929,0.0648,0,0,0,0,0,0,0,0
54.1097,224.0000,0.0000,89.0000,255.0000,6.1469,0.0672,0.1458,0.0916,0.0656,0,0,0,0,0,0,0,0
54.1292,224.0000,0.0000,89.0000,255.0000,6.1301,0.0697,0.1456,0.0909,0.0671,0,0,0,0,0,0,0,0
54.1466,224.0000,0.0000,89.0000,255.0000,6.1339,0.0691,0.1456,0.0906,0.0678,0,0,0,0,0,0,0,0
54.1665,224.0000,0.0000,89.0000,255.0000,6.1431,0.0677,0.1458,0.0914,0.0677,0,0,0,0,0,0,0,0
54.1837,224.0000,0.0000,89.0000,255.0000,6.1642,0.0645,0.1459,0.0918,0.0663,0,0,0,0,0,0,0,0
54.2003,224.0000,0.0000,89.0000,255.0000,6.1606,0.0651,0.1461,0.0919,0.0657,0,0,0,0,0,0,0,0
54.2168,224.0000,0.0000,89.0000,255.0000,6.1979,0.0594,0.1456,0.0914,0.0631,0,0,0,0,0,0,0,0
54.2375,224.0000,0.0000,89.0000,255.0000,6.1821,0.0618,0.1461,0.0918,0.0624,0,0,0,0,0,0,0,0
54.2540,224.0000,0.0000,89.0000,255.0000,6.1899,0.0606,0.1462,0.0920,0.0616,0,0,0,0,0,0,0,0
54.2766,224.0000,0.0000,89.0000,255.0000,6.1776,0.0625,0.1463,0.0920,0.0618,0,0,0,0,0,0,0,0
54.2962,224.0000,0.0000,89.0000,255.0000,6.1737,0.0631,0.1459,0.0919,0.0622,0,0,0,0,0,0,0,0
54.3158,224.0000,0.0000,89.0000,255.0000,6.1478,0.0670,0.1456,0.0920,0.0640,0,0,0,0,0,0,0,0
54.3331,224.0000,0.0000,89.0000,255.0000,6.1357,0.0689,0.1455,0.0922,0.0658,0,0,0,0,0,0,0,0
54.3501,224.0000,0.0000,89.0000,255.0000,6.1704,0.0636,0.1457,0.0934,0.0648,0,0,0,0,0,0,0,0
54.3669,224.0000,0.0000,90.0000,255.0000,6.1790,0.0623,0.1460,0.0931,0.0637,0,0,0,0,0,0,0,0
54.3835,224.0000,0.0000,90.0000,255.0000,6.1865,0.0611,0.1460,0.0919,0.0625,0,0,0,0,0,0,0,0
54.4037,224.0000,0.0000,90.0000,255.0000,6.1941,0.0600,0.1459,0.0925,0.0614,0,0,0,0,0,0,0,0
54.4206,224.0000,0.0000,90.0000,255.0000,6.1712,0.0635,0.1458,0.0921,0.0621,0,0,0,0,0,0,0,0
54.5109,224.0000,0.0000,90.0000,255.0000,6.1946,0.0599,0.1450,0.0921,0.0611,0,0,0,0,0,0,0,0
54.5305,224.0000,0.0000,90.0000,255.0000,6.1976,0.0595,0.1448,0.0914,0.0603,0,0,0,0,0,0,0,0
54.5511,224.0000,0.0000,90.0000,255.0000,6.2125,0.0572,0.1446,0.0922,0.0590,0,0,0,0,0,0,0,0
54.5714,224.0000,0.0000,90.0000,255.0000,6.1939,0.0600,0.1446,0.0919,0.0593,0,0,0,0,0,0,0,0
54.5936,224.0000,0.0000,90.0000,255.0000,6.1902,0.0606,0.1446,0.0915,0.0597,0,0,0,0,0,0,0,0
54.6137,224.0000,0.0000,90.0000,255.0000,6.1950,0.0599,0.1447,0.0918,0.0596,0,0,0,0,0,0,0,0
54.6339,224.0000,0.0000,91.0000,255.0000,6.2333,0.0540,0.1439,0.0919,0.0573,0,0,0,0,0,0,0,0
54.6543,224.0000,0.0000,91.0000,255.0000,6.2357,0.0537,0.1439,0.0914,0.0557,0,0,0,0,0,0,0,0
54.6708,224.0000,0.0000,91.0000,255.0000,6.1858,0.0613,0.1442,0.0913,0.0578,0,0,0,0,0,0,0,0
54.6933,224.0000,0.0000,91.0000,255.0000,6.1857,0.0613,0.1441,0.0906,0.0591,0,0,0,0,0,0,0,0
54.7127,224.0000,0.0000,91.0000,255.0000,6.1911,0.0604,0.1441,0.0905,0.0595,0,0,0,0,0,0,0,0
54.7296,224.0000,0.0000,91.0000,255.0000,6.1934,0.0601,0.1443,0.0906,0.0596,0,0,0,0,0,0,0,0
54.7492,224.0000,0.0000,91.0000,255.0000,6.1973,0.0595,0.1442,0.0907,0.0595,0,0,0,0,0,0,0,0
54.7664,224.0000,0.0000,91.0000,255.0000,6.1948,0.0599,0.1456,0.0911,0.0595,0,0,0,0,0,0,0,0
54.7835,224.0000,0.0000,91.0000,255.0000,6.2044,0.0584,0.1458,0.0914,0.0590,0,0,0,0,0,0,0,0
54.8011,224.0000,0.0000,91.0000,255.0000,6.2226,0.0557,0.1454,0.0917,0.0575,0,0,0,0,0,0,0,0
54.8210,224.0000,0.0000,91.0000,255.0000,6.2168,0.0566,0.1453,0.0921,0.0570,0,0,0,0,0,0,0,0
54.8373,224.0000,0.0000,91.0000,255.0000,6.2148,0.0569,0.1451,0.0926,0.0568,0,0,0,0,0,0,0,0
54.8540,224.0000,0.0000,91.0000,255.0000,6.2000,0.0591,0.1449,0.0918,0.0576,0,0,0,0,0,0,0,0
54.8762,224.0000,0.0000,91.0000,255.0000,6.2029,0.0587,0.1449,0.0930,0.0579,0,0,0,0,0,0,0,0
54.8959,224.0000,0.0000,92.0000,255.0000,6.2036,0.0586,0.1451,0.0920,0.0580,0,0,0,0,0,0,0,0
54.9125,224.0000,0.0000,92.0000,255.0000,6.2039,0.0585,0.1449,0.0916,0.0581,0,0,0,0,0,0,0,0
54.9337,224.0000,0.0000,92.0000,255.0000,6.2225,0.0557,0.1451,0.0918,0.0570,0,0,0,0,0,0,0,0
55.0213,224.0000,0.0000,92.0000,255.0000,6.2418,0.0528,0.1450,0.0920,0.0552,0,0,0,0,0,0,0,0
55.0385,224.0000,0.0000,92.0000,255.0000,6.2362,0.0536,0.1449,0.0925,0.0544,0,0,0,0,0,0,0,0
55.0596,224.0000,0.0000,92.0000,255.0000,6.2168,0.0566,0.1446,0.0920,0.0552,0,0,0,0,0,0,0,0
55.0795,224.0000,0.0000,92.0000,255.0000,6.2129,0.0571,0.1445,0.0917,0.0558,0,0,0,0,0,0,0,0
55.0992,224.0000,0.0000,92.0000,255.0000,6.2061,0.0582,0.1445,0.0921,0.0566,0,0,0,0,0,0,0,0
55.1166,224.0000,0.0000,92.0000,255.0000,6.1992,0.0592,0.1444,0.0914,0.0576,0,0,0,0,0,0,0,0
55.1330,224.0000,0.0000,92.0000,255.0000,6.2420,0.0527,0.1440,0.0915,0.0555,0,0,0,0,0,0,0,0
55.1500,224.0000,0.0000,92.0000,255.0000,6.2098,0.0576,0.1445,0.0912,0.0562,0,0,0,0,0,0,0,0
55.1662,224.0000,0.0000,93.0000,255.0000,6.2233,0.0556,0.1445,0.0915,0.0558,0,0,0,0,0,0,0,0
55.1869,224.0000,0.0000,93.0000,255.0000,6.2287,0.0547,0.1446,0.0916,0.0553,0,0,0,0,0,0,0,0
55.2034,224.0000,0.0000,93.0000,255.0000,6.2393,0.0531,0.1445,0.0919,0.0543,0,0,0,0,0,0,0,0
55.2207,224.0000,0.0000,93.0000,255.0000,6.2576,0.0504,0.1447,0.0927,0.0526,0,0,0,0,0,0,0,0
55.2367,224.0000,0.0000,93.0000,255.0000,6.2751,0.0477,0.1448,0.0945,0.0505,0,0,0,0,0,0,0,0
55.2547,224.0000,0.0000,93.0000,255.0000,6.2683,0.0487,0.1444,0.0949,0.0497,0,0,0,0,0,0,0,0
55.2761,224.0000,0.0000,93.0000,255.0000,6.2750,0.0477,0.1441,0.0926,0.0488,0,0,0,0,0,0,0,0
55.2967,224.0000,0.0000,93.0000,255.0000,6.2974,0.0443,0.1442,0.0922,0.0469,0,0,0,0,0,0,0,0
55.3156,224.0000,0.0000,93.0000,255.0000,6.3406,0.0378,0.1440,0.0922,0.0431,0,0,0,0,0,0,0,0
55.3332,224.0000,0.0000,93.0000,255.0000,6.3028,0.0435,0.1443,0.0925,0.0431,0,0,0,0,0,0,0,0
55.3500,224.0000,0.0000,93.0000,255.0000,6.2972,0.0443,0.1443,0.0937,0.0435,0,0,0,0,0,0,0,0
55.3665,224.0000,0.0000,93.0000,255.0000,6.2819,0.0467,0.1442,0.0928,0.0446,0,0,0,0,0,0,0,0
55.3834,224.0000,0.0000,93.0000,255.0000,6.2839,0.0464,0.1440,0.0935,0.0452,0,0,0,0,0,0,0,0
55.3997,224.0000,0.0000,93.0000,255.0000,6.2888,0.0456,0.1443,0.0935,0.0452,0,0,0,0,0,0,0,0
55.4206,224.0000,0.0000,93.0000,255.0000,6.2846,0.0463,0.1441,0.0926,0.0455,0,0,0,0,0,0,0,0
55.4367,224.0000,0.0000,94.0000,255.0000,6.3088,0.0426,0.1438,0.0928,0.0442,0,0,0,0,0,0,0,0
55.5274,224.0000,0.0000,94.0000,255.0000,6.2996,0.0440,0.1439,0.0931,0.0440,0,0,0,0,0,0,0,0
55.5466,224.0000,0.0000,94.0000,255.0000,6.3077,0.0428,0.1439,0.0927,0.0434,0,0,0,0,0,0,0,0
55.5668,224.0000,0.0000,94.0000,255.0000,6.3032,0.0434,0.1436,0.0917,0.0433,0,0,0,0,0,0,0,0
55.5877,224.0000,0.0000,94.0000,255.0000,6.2928,0.0450,0.1435,0.0918,0.0438,0,0,0,0,0,0,0,0
55.6096,224.0000,0.0000,94.0000,255.0000,6.3162,0.0415,0.1437,0.0935,0.0428,0,0,0,0,0,0,0,0
55.6293,224.0000,0.0000,94.0000,255.0000,6.3156,0.0416,0.1437,0.0934,0.0422,0,0,0,0,0,0,0,0
55.6466,224.0000,0.0000,94.0000,255.0000,6.3202,0.0409,0.1437,0.0939,0.0415,0,0,0,0,0,0,0,0
55.6667,224.0000,0.0000,94.0000,255.0000,6.3304,0.0393,0.1432,0.0927,0.0405,0,0,0,0,0,0,0,0
55.6839,224.0000,0.0000,94.0000,255.0000,6.3402,0.0378,0.1431,0.0930,0.0393,0,0,0,0,0,0,0,0
55.7000,224.0000,0.0000,95.0000,255.0000,6.3381,0.0381,0.1432,0.0934,0.0387,0,0,0,0,0,0,0,0
55.7175,224.0000,0.0000,95.0000,255.0000,6.3059,0.0430,0.1439,0.0944,0.0403,0,0,0,0,0,0,0,0
55.7375,224.0000,0.0000,95.0000,255.0000,6.3086,0.0426,0.1441,0.0945,0.0411,0,0,0,0,0,0,0,0
55.7541,224.0000,0.0000,95.0000,255.0000,6.2943,0.0448,0.1437,0.0922,0.0425,0,0,0,0,0,0,0,0
55.7769,224.0000,0.0000,95.0000,255.0000,6.3187,0.0411,0.1440,0.0935,0.0418,0,0,0,0,0,0,0,0
55.7967,224.0000,0.0000,95.0000,255.0000,6.2702,0.0485,0.1436,0.0918,0.0443,0,0,0,0,0,0,0,0
55.8169,224.0000,0.0000,95.0000,255.0000,6.2943,0.0448,0.1434,0.0936,0.0444,0,0,0,0,0,0,0,0
55.8376,224.0000,0.0000,95.0000,255.0000,6.2949,0.0447,0.1438,0.0935,0.0444,0,0,0,0,0,0,0,0
55.8534,224.0000,0.0000,95.0000,255.0000,6.3055,0.0431,0.1440,0.0923,0.0437,0,0,0,0,0,0,0,0
55.8765,224.0000,0.0000,95.0000,255.0000,6.3189,0.0411,0.1443,0.0922,0.0425,0,0,0,0,0,0,0,0
55.8946,224.0000,0.0000,95.0000,255.0000,6.3007,0.0438,0.1442,0.0920,0.0429,0,0,0,0,0,0,0,0
55.9129,224.0000,0.0000,95.0000,255.0000,6.2845,0.0463,0.1440,0.0919,0.0441,0,0,0,0,0,0,0,0
55.9328,224.0000,0.0000,95.0000,255.0000,6.2747,0.0478,0.1437,0.0917,0.0455,0,0,0,0,0,0,0,0
55.9498,224.0000,0.0000,95.0000,255.0000,6.2794,0.0470,0.1439,0.0917,0.0460,0,0,0,0,0,0,0,0
56.0391,224.0000,0.0000,96.0000,255.0000,6.2997,0.0440,0.1441,0.0938,0.0450,0,0,0,0,0,0,0,0
56.0593,224.0000,0.0000,96.0000,255.0000,6.2972,0.0444,0.1440,0.0949,0.0446,0,0,0,0,0,0,0,0
56.0794,224.0000,0.0000,96.0000,255.0000,6.2921,0.0451,0.1441,0.0943,0.0447,0,0,0,0,0,0,0,0
56.0998,224.0000,0.0000,96.0000,255.0000,6.2897,0.0455,0.1438,0.0948,0.0449,0,0,0,0,0,0,0,0
56.1167,224.0000,0.0000,96.0000,255.0000,6.2866,0.0460,0.1436,0.0938,0.0452,0,0,0,0,0,0,0,0
56.1330,224.0000,0.0000,96.0000,255.0000,6.3161,0.0415,0.1433,0.0936,0.0436,0,0,0,0,0,0,0,0
56.1538,224.0000,0.0000,96.0000,255.0000,6.3292,0.0395,0.1439,0.0948,0.0418,0,0,0,0,0,0,0,0
56.1703,224.0000,0.0000,96.0000,255.0000,6.3443,0.0372,0.1450,0.0946,0.0398,0,0,0,0,0,0,0,0
56.1873,224.0000,0.0000,96.0000,255.0000,6.3234,0.0404,0.1445,0.0940,0.0399,0,0,0,0,0,0,0,0
56.2034,224.0000,0.0000,96.0000,255.0000,6.2944,0.0448,0.1444,0.0933,0.0417,0,0,0,0,0,0,0,0
56.2201,224.0000,0.0000,96.0000,255.0000,6.3034,0.0434,0.1444,0.0944,0.0423,0,0,0,0,0,0,0,0
56.2438,224.0000,0.0000,97.0000,255.0000,6.2559,0.0506,0.1444,0.0916,0.0455,0,0,0,0,0,0,0,0
56.2631,224.0000,0.0000,97.0000,255.0000,6.2724,0.0481,0.1446,0.0916,0.0464,0,0,0,0,0,0,0,0
56.2801,224.0000,0.0000,97.0000,255.0000,6.2924,0.0451,0.1449,0.0921,0.0458,0,0,0,0,0,0,0,0
56.2967,224.0000,0.0000,97.0000,255.0000,6.2987,0.0441,0.1453,0.0918,0.0450,0,0,0,0,0,0,0,0
56.3166,224.0000,0.0000,97.0000,255.0000,6.2780,0.0473,0.1450,0.0914,0.0458,0,0,0,0,0,0,0,0
56.3334,224.0000,0.0000,97.0000,255.0000,6.2759,0.0476,0.1451,0.0931,0.0464,0,0,0,0,0,0,0,0
56.3500,224.0000,0.0000,97.0000,255.0000,6.3001,0.0439,0.1445,0.0946,0.0453,0,0,0,0,0,0,0,0
56.3706,224.0000,0.0000,97.0000,255.0000,6.2415,0.0528,0.1450,0.0938,0.0482,0,0,0,0,0,0,0,0
56.3869,224.0000,0.0000,97.0000,255.0000,6.2319,0.0543,0.1449,0.0915,0.0505,0,0,0,0,0,0,0,0
56.4032,224.0000,0.0000,97.0000,255.0000,6.2219,0.0558,0.1448,0.0917,0.0525,0,0,0,0,0,0,0,0
56.4199,224.0000,0.0000,97.0000,255.0000,6.2404,0.0530,0.1448,0.0933,0.0525,0,0,0,0,0,0,0,0
56.4373,224.0000,0.0000,97.0000,255.0000,6.2492,0.0516,0.1452,0.0930,0.0521,0,0,0,0,0,0,0,0
56.4534,224.0000,0.0000,97.0000,255.0000,6.2426,0.0526,0.1453,0.0918,0.0522,0,0,0,0,0,0,0,0
56.5442,224.0000,0.0000,98.0000,255.0000,6.2118,0.0573,0.1452,0.0917,0.0541,0,0,0,0,0,0,0,0
56.5627,224.0000,0.0000,98.0000,255.0000,6.2307,0.0544,0.1454,0.0924,0.0541,0,0,0,0,0,0,0,0
56.5838,224.0000,0.0000,98.0000,255.0000,6.2653,0.0492,0.1458,0.0929,0.0520,0,0,0,0,0,0,0,0
56.6002,224.0000,0.0000,98.0000,255.0000,6.2638,0.0494,0.1457,0.0925,0.0509,0,0,0,0,0,0,0,0
56.6205,224.0000,0.0000,98.0000,255.0000,6.2151,0.0568,0.1453,0.0919,0.0531,0,0,0,0,0,0,0,0
56.6373,224.0000,0.0000,98.0000,253.0000,6.1957,0.0598,0.1449,0.0905,0.0557,0,0,0,0,0,0,0,0
56.6533,224.0000,0.0000,98.0000,253.0000,6.1964,0.0597,0.1452,0.0907,0.0571,0,0,0,0,0,0,0,0
56.6763,224.0000,0.0000,98.0000,255.0000,6.2177,0.0564,0.1455,0.0929,0.0567,0,0,0,0,0,0,0,0
56.6963,224.0000,0.0000,98.0000,255.0000,6.2163,0.0566,0.1455,0.0930,0.0566,0,0,0,0,0,0,0,0
56.7163,224.0000,0.0000,98.0000,255.0000,6.1998,0.0591,0.1455,0.0910,0.0575,0,0,0,0,0,0,0,0
56.7330,224.0000,0.0000,98.0000,255.0000,6.2196,0.0561,0.1458,0.0914,0.0568,0,0,0,0,0,0,0,0
56.7538,224.0000,0.0000,98.0000,255.0000,6.2547,0.0508,0.1457,0.0915,0.0543,0,0,0,0,0,0,0,0
56.7705,224.0000,0.0000,99.0000,255.0000,6.2355,0.0537,0.1459,0.0915,0.0539,0,0,0,0,0,0,0,0
56.7871,224.0000,0.0000,99.0000,255.0000,6.2401,0.0530,0.1458,0.0915,0.0534,0,0,0,0,0,0,0,0
56.8043,224.0000,0.0000,99.0000,255.0000,6.2233,0.0556,0.1457,0.0916,0.0542,0,0,0,0,0,0,0,0
56.8202,224.0000,0.0000,99.0000,255.0000,6.2080,0.0579,0.1455,0.0923,0.0555,0,0,0,0,0,0,0,0
56.8431,224.0000,0.0000,99.0000,255.0000,6.1960,0.0597,0.1455,0.0917,0.0571,0,0,0,0,0,0,0,0
56.8626,224.0000,0.0000,99.0000,255.0000,6.2282,0.0548,0.1457,0.0916,0.0561,0,0,0,0,0,0,0,0
56.8829,224.0000,0.0000,99.0000,255.0000,6.2266,0.0551,0.1455,0.0906,0.0555,0,0,0,0,0,0,0,0
56.9001,224.0000,0.0000,99.0000,255.0000,6.2289,0.0547,0.1457,0.0910,0.0551,0,0,0,0,0,0,0,0
56.9168,224.0000,0.0000,99.0000,255.0000,6.2576,0.0504,0.1450,0.0908,0.0531,0,0,0,0,0,0,0,0
56.9326,224.0000,0.0000,99.0000,255.0000,6.1955,0.0598,0.1452,0.0909,0.0556,0,0,0,0,0,0,0,0
56.9567,224.0000,0.0000,99.0000,255.0000,6.2332,0.0541,0.1446,0.0921,0.0549,0,0,0,0,0,0,0,0
57.0463,224.0000,0.0000,100.0000,255.0000,6.2477,0.0519,0.1456,0.0912,0.0536,0,0,0,0,0,0,0,0
57.0665,224.0000,0.0000,100.0000,255.0000,6.2447,0.0523,0.1458,0.0912,0.0529,0,0,0,0,0,0,0,0
57.0831,224.0000,0.0000,100.0000,255.0000,6.2538,0.0509,0.1457,0.0907,0.0520,0,0,0,0,0,0,0,0
57.1037,224.0000,0.0000,100.0000,255.0000,6.2484,0.0518,0.1459,0.0909,0.0518,0,0,0,0,0,0,0,0
57.1207,224.0000,0.0000,100.0000,255.0000,6.2500,0.0515,0.1458,0.0907,0.0516,0,0,0,0,0,0,0,0
57.1372,224.0000,0.0000,100.0000,255.0000,6.2525,0.0511,0.1460,0.0912,0.0513,0,0,0,0,0,0,0,0
57.1600,224.0000,0.0000,100.0000,255.0000,6.2328,0.0541,0.1458,0.0913,0.0523,0,0,0,0,0,0,0,0
57.1798,224.0000,0.0000,100.0000,255.0000,6.2248,0.0553,0.1457,0.0916,0.0534,0,0,0,0,0,0,0,0
57.1994,224.0000,0.0000,100.0000,255.0000,6.2412,0.0528,0.1458,0.0922,0.0530,0,0,0,0,0,0,0,0
57.2165,224.0000,0.0000,100.0000,255.0000,6.2519,0.0512,0.1459,0.0936,0.0522,0,0,0,0,0,0,0,0
57.2331,224.0000,0.0000,100.0000,255.0000,6.2548,0.0508,0.1459,0.0937,0.0515,0,0,0,0,0,0,0,0
57.2540,224.0000,0.0000,100.0000,255.0000,6.2512,0.0513,0.1459,0.0922,0.0513,0,0,0,0,0,0,0,0
57.2716,224.0000,0.0000,100.0000,255.0000,6.2494,0.0516,0.1459,0.0923,0.0513,0,0,0,0,0,0,0,0
57.2934,224.0000,0.0000,100.0000,255.0000,6.2828,0.0465,0.1462,0.0922,0.0493,0,0,0,0,0,0,0,0
57.3123,224.0000,0.0000,100.0000,255.0000,6.2736,0.0479,0.1460,0.0916,0.0486,0,0,0,0,0,0,0,0
57.3288,224.0000,0.0000,100.0000,255.0000,6.2548,0.0508,0.1460,0.0914,0.0494,0,0,0,0,0,0,0,0
57.3489,224.0000,0.0000,100.0000,255.0000,6.2535,0.0510,0.1462,0.0909,0.0499,0,0,0,0,0,0,0,0
57.3666,224.0000,0.0000,100.0000,255.0000,6.2572,0.0504,0.1462,0.0914,0.0500,0,0,0,0,0,0,0,0
57.3831,224.0000,0.0000,100.0000,255.0000,6.2596,0.0501,0.1461,0.0913,0.0499,0,0,0,0,0,0,0,0
57.4033,224.0000,0.0000,100.0000,255.0000,6.2635,0.0495,0.1464,0.0908,0.0496,0,0,0,0,0,0,0,0
57.4205,224.0000,0.0000,100.0000,255.0000,6.2583,0.0502,0.1465,0.0914,0.0497,0,0,0,0,0,0,0,0
57.4364,224.0000,0.0000,100.0000,255.0000,6.2714,0.0483,0.1469,0.0933,0.0490,0,0,0,0,0,0,0,0
57.4538,224.0000,0.0000,100.0000,255.0000,6.2732,0.0480,0.1468,0.0937,0.0485,0,0,0,0,0,0,0,0
57.4766,224.0000,0.0000,100.0000,255.0000,6.2523,0.0512,0.1463,0.0921,0.0494,0,0,0,0,0,0,0,0
57.5681,224.0000,0.0000,100.0000,255.0000,6.2920,0.0451,0.1459,0.0921,0.0476,0,0,0,0,0,0,0,0
57.5873,224.0000,0.0000,100.0000,255.0000,6.2371,0.0535,0.1465,0.0918,0.0498,0,0,0,0,0,0,0,0
57.6036,224.0000,0.0000,100.0000,255.0000,6.2335,0.0540,0.1462,0.0919,0.0514,0,0,0,0,0,0,0,0
57.6201,224.0000,0.0000,100.0000,255.0000,6.2247,0.0554,0.1461,0.0914,0.0528,0,0,0,0,0,0,0,0
57.6437,224.0000,0.0000,100.0000,255.0000,6.2291,0.0547,0.1460,0.0923,0.0535,0,0,0,0,0,0,0,0
57.6626,224.0000,0.0000,100.0000,255.0000,6.2353,0.0537,0.1461,0.0927,0.0534,0,0,0,0,0,0,0,0
57.6826,224.0000,0.0000,100.0000,255.0000,6.2522,0.0512,0.1460,0.0938,0.0524,0,0,0,0,0,0,0,0
57.6997,224.0000,0.0000,100.0000,255.0000,6.2566,0.0505,0.1462,0.0941,0.0515,0,0,0,0,0,0,0,0
57.7160,224.0000,0.0000,100.0000,255.0000,6.2652,0.0492,0.1461,0.0920,0.0505,0,0,0,0,0,0,0,0
57.7330,224.0000,0.0000,100.0000,255.0000,6.2499,0.0515,0.1465,0.0928,0.0508,0,0,0,0,0,0,0,0
57.7537,224.0000,0.0000,100.0000,255.0000,6.2248,0.0553,0.1460,0.0922,0.0525,0,0,0,0,0,0,0,0
57.7706,224.0000,0.0000,100.0000,255.0000,6.2389,0.0532,0.1455,0.0936,0.0526,0,0,0,0,0,0,0,0
57.7868,224.0000,0.0000,100.0000,255.0000,6.2314,0.0543,0.1460,0.0943,0.0532,0,0,0,0,0,0,0,0
57.8099,224.0000,0.0000,100.0000,255.0000,6.2389,0.0532,0.1461,0.0925,0.0531,0,0,0,0,0,0,0,0
57.8299,224.0000,0.0000,100.0000,255.0000,6.2501,0.0515,0.1458,0.0929,0.0523,0,0,0,0,0,0,0,0
57.8517,224.0000,0.0000,100.0000,255.0000,6.2188,0.0563,0.1457,0.0919,0.0538,0,0,0,0,0,0,0,0
57.8714,224.0000,0.0000,100.0000,255.0000,6.2604,0.0499,0.1454,0.0922,0.0521,0,0,0,0,0,0,0,0
57.8930,224.0000,0.0000,100.0000,255.0000,6.2305,0.0545,0.1462,0.0933,0.0529,0,0,0,0,0,0,0,0
57.9113,224.0000,0.0000,100.0000,255.0000,6.2602,0.0500,0.1456,0.0927,0.0516,0,0,0,0,0,0,0,0
57.9290,224.0000,0.0000,100.0000,255.0000,6.2678,0.0488,0.1457,0.0921,0.0504,0,0,0,0,0,0,0,0
57.9459,224.0000,0.0000,100.0000,255.0000,6.2536,0.0510,0.1463,0.0926,0.0505,0,0,0,0,0,0,0,0
57.9660,224.0000,0.0000,100.0000,255.0000,6.2470,0.0520,0.1460,0.0920,0.0510,0,0,0,0,0,0,0,0
57.9823,224.0000,0.0000,100.0000,255.0000,6.2309,0.0544,0.1462,0.0930,0.0522,0,0,0,0,0,0,0,0
58.0723,224.0000,0.0000,100.0000,255.0000,6.1966,0.0596,0.1459,0.0916,0.0551,0,0,0,0,0,0,0,0
58.0940,224.0000,0.0000,100.0000,255.0000,6.2210,0.0559,0.1463,0.0919,0.0553,0,0,0,0,0,0,0,0
58.1128,224.0000,0.0000,100.0000,255.0000,6.2566,0.0505,0.1458,0.0913,0.0532,0,0,0,0,0,0,0,0
58.1335,224.0000,0.0000,100.0000,255.0000,6.2586,0.0502,0.1458,0.0915,0.0519,0,0,0,0,0,0,0,0
58.1529,224.0000,0.0000,100.0000,255.0000,6.2145,0.0569,0.1463,0.0925,0.0538,0,0,0,0,0,0,0,0
58.1702,224.0000,0.0000,100.0000,255.0000,6.2378,0.0534,0.1458,0.0924,0.0535,0,0,0,0,0,0,0,0
58.1871,224.0000,0.0000,100.0000,255.0000,6.2014,0.0589,0.1462,0.0924,0.0555,0,0,0,0,0,0,0,0
58.2030,224.0000,0.0000,100.0000,255.0000,6.1857,0.0613,0.1461,0.0909,0.0577,0,0,0,0,0,0,0,0
58.2200,224.0000,0.0000,100.0000,255.0000,6.2014,0.0589,0.1460,0.0907,0.0581,0,0,0,0,0,0,0,0
58.2370,224.0000,0.0000,100.0000,255.0000,6.2434,0.0525,0.1455,0.0920,0.0557,0,0,0,0,0,0,0,0
58.2537,224.0000,0.0000,100.0000,255.0000,6.2160,0.0567,0.1463,0.0932,0.0560,0,0,0,0,0,0,0,0
58.2768,224.0000,0.0000,100.0000,255.0000,6.2201,0.0560,0.1464,0.0936,0.0559,0,0,0,0,0,0,0,0
58.2940,224.0000,0.0000,100.0000,255.0000,6.2307,0.0544,0.1456,0.0912,0.0552,0,0,0,0,0,0,0,0
58.3106,224.0000,0.0000,100.0000,255.0000,6.1653,0.0644,0.1459,0.0911,0.0587,0,0,0,0,0,0,0,0
58.3294,224.0000,0.0000,100.0000,255.0000,6.2311,0.0544,0.1458,0.0922,0.0569,0,0,0,0,0,0,0,0
58.3498,224.0000,0.0000,100.0000,255.0000,6.2210,0.0559,0.1466,0.0916,0.0564,0,0,0,0,0,0,0,0
58.3666,224.0000,0.0000,100.0000,255.0000,6.2316,0.0543,0.1468,0.0918,0.0554,0,0,0,0,0,0,0,0
58.3872,224.0000,0.0000,100.0000,255.0000,6.2358,0.0537,0.1469,0.0921,0.0546,0,0,0,0,0,0,0,0
58.4030,224.0000,0.0000,100.0000,255.0000,6.2370,0.0535,0.1467,0.0927,0.0540,0,0,0,0,0,0,0,0
58.4207,224.0000,0.0000,100.0000,255.0000,6.2589,0.0502,0.1460,0.0931,0.0524,0,0,0,0,0,0,0,0
58.4402,224.0000,0.0000,100.0000,255.0000,6.1999,0.0591,0.1465,0.0930,0.0549,0,0,0,0,0,0,0,0
58.4593,224.0000,0.0000,100.0000,255.0000,6.2253,0.0553,0.1471,0.0914,0.0549,0,0,0,0,0,0,0,0
58.4792,224.0000,0.0000,100.0000,255.0000,6.2314,0.0543,0.1471,0.0909,0.0546,0,0,0,0,0,0,0,0
58.5006,224.0000,0.0000,100.0000,255.0000,6.2339,0.0540,0.1470,0.0912,0.0542,0,0,0,0,0,0,0,0
