t,speed,g,ab,hud_lum,cam_mean,dark_level_cam,cam_red,cam_red_edge,dark_level,strafe_lat,strafe_long,strafe_vert,roll,pitch,yaw,boost,view
0.0251,0.0000,0.0000,100.0000,255.0000,24.6466,0.0026,0.2574,0.2973,nan,0,0,0,0,0,0,0,0
0.1500,0.0000,0.0000,100.0000,255.0000,24.6038,0.0044,0.2576,0.2974,nan,0,0,0,0,0,0,0,0
0.1692,0.0000,0.0000,100.0000,255.0000,24.6533,0.0024,0.2575,0.2974,nan,0,0,0,0,0,0,0,0
0.1914,0.0000,0.0000,100.0000,255.0000,24.5630,0.0060,0.2575,0.2975,nan,0,0,0,0,0,0,0,0
0.2141,0.0000,0.0000,100.0000,255.0000,24.7221,0.0000,0.2583,0.2981,nan,0,0,0,0,0,0,0,0
0.2400,0.0000,0.0000,100.0000,255.0000,24.7925,0.0000,0.2581,0.2979,nan,0,0,0,0,0,0,0,0
0.2627,0.0000,0.0000,100.0000,255.0000,24.7701,0.0000,0.2584,0.2983,nan,0,0,0,0,0,0,0,0
0.2849,0.0000,0.0000,100.0000,255.0000,24.7071,0.0002,0.2582,0.2980,nan,0,0,0,0,0,0,0,0
0.3064,0.0000,0.0000,100.0000,255.0000,24.6503,0.0025,0.2576,0.2974,nan,0,0,0,0,0,0,0,0
0.3293,0.0000,0.0000,100.0000,255.0000,24.6389,0.0030,0.2578,0.2977,nan,0,0,0,0,0,0,0,0
0.3499,0.0000,0.0000,100.0000,255.0000,24.6654,0.0019,0.2578,0.2977,nan,0,0,0,0,0,0,0,0
0.3691,0.0000,0.0000,100.0000,255.0000,24.6692,0.0017,0.2579,0.2978,nan,0,0,0,0,0,0,0,0
0.3895,0.0000,0.0000,100.0000,255.0000,24.5974,0.0046,0.2575,0.2975,nan,0,0,0,0,0,0,0,0
0.4115,0.0000,0.0000,100.0000,255.0000,24.5276,0.0075,0.2579,0.2978,nan,0,0,0,0,0,0,0,0
0.4323,0.0000,0.0000,100.0000,255.0000,24.6952,0.0007,0.2577,0.2977,nan,0,0,0,0,0,0,0,0
0.4527,nan,0.0000,100.0000,255.0000,24.7156,0.0000,0.2582,0.2981,nan,0,0,0,0,0,0,0,0
0.4727,nan,0.0000,100.0000,255.0000,24.6404,0.0029,0.2578,0.2978,nan,0,0,0,0,0,0,0,0
0.4952,0.0000,0.0000,100.0000,255.0000,24.8878,0.0000,0.2576,0.2974,nan,0,0,0,0,0,0,0,0
0.5169,0.0000,0.0000,100.0000,255.0000,24.8817,0.0000,0.2578,0.2976,nan,0,0,0,0,0,0,0,0
0.5357,0.0000,0.0000,100.0000,255.0000,24.8911,0.0000,0.2575,0.2972,nan,0,0,0,0,0,0,0,0
0.6320,0.0000,0.0000,100.0000,255.0000,24.6874,0.0010,0.2573,0.2973,nan,0,0,0,0,0,0,0,0
0.6537,0.0000,0.0000,100.0000,255.0000,24.7774,0.0000,0.2579,0.2977,nan,0,0,0,0,0,0,0,0
0.6724,0.0000,0.0000,100.0000,255.0000,24.6731,0.0016,0.2578,0.2976,nan,0,0,0,0,0,0,0,0
0.6961,0.0000,0.0000,100.0000,255.0000,24.6245,0.0035,0.2576,0.2976,nan,0,0,0,0,0,0,0,0
0.7164,0.0000,0.0000,100.0000,255.0000,24.7290,0.0000,0.2576,0.2975,nan,0,0,0,0,0,0,0,0
0.7371,0.0000,0.0000,100.0000,255.0000,24.7644,0.0000,0.2579,0.2977,nan,0,0,0,0,0,0,0,0
0.7557,0.0000,0.0000,100.0000,255.0000,24.7327,0.0000,0.2577,0.2976,nan,0,0,0,0,0,0,0,0
0.7814,0.0000,0.0000,100.0000,255.0000,24.8986,0.0000,0.2576,0.2972,nan,0,0,0,0,0,0,0,0
0.8022,0.0000,0.0000,100.0000,255.0000,24.8923,0.0000,0.2579,0.2974,nan,0,0,0,0,0,0,0,0
0.8225,0.0000,0.0000,100.0000,255.0000,24.8974,0.0000,0.2579,0.2974,nan,0,0,0,0,0,0,0,0
0.8465,0.0000,0.0000,100.0000,255.0000,24.9290,0.0000,0.2583,0.2979,nan,0,0,0,0,0,0,0,0
0.8673,0.0000,0.0000,100.0000,255.0000,24.7732,0.0000,0.2580,0.2978,nan,0,0,0,0,0,0,0,0
0.8873,0.0000,0.0000,100.0000,255.0000,24.7571,0.0000,0.2580,0.2977,nan,0,0,0,0,0,0,0,0
0.9091,0.0000,0.0000,100.0000,255.0000,24.7060,0.0002,0.2572,0.2970,nan,0,0,0,0,0,0,0,0
0.9300,nan,0.0000,100.0000,255.0000,24.7777,0.0000,0.2580,0.2977,nan,0,0,0,0,0,0,0,0
0.9508,0.0000,0.0000,100.0000,255.0000,24.7086,0.0001,0.2572,0.2970,nan,0,0,0,0,0,0,0,0
0.9695,0.0000,0.0000,100.0000,255.0000,24.6303,0.0033,0.2579,0.2977,nan,0,0,0,0,0,0,0,0
0.9924,0.0000,0.0000,100.0000,255.0000,24.8209,0.0000,0.2583,0.2979,nan,0,0,0,0,0,0,0,0
1.0154,0.0000,0.0000,100.0000,255.0000,24.7248,0.0000,0.2579,0.2977,0.0002,0,0,0,0,0,0,0,0
1.0419,0.0000,0.0000,100.0000,255.0000,24.7258,0.0000,0.2580,0.2977,0.0002,0,1,0,0,0,0,1,0
1.1363,0.0000,2.3000,100.0000,255.0000,24.9022,0.0000,0.2580,0.2979,0.0001,0,1,0,0,0,0,1,0
1.1565,1.0000,3.4000,99.0000,255.0000,24.8371,0.0000,0.2569,0.2970,0.0001,0,1,0,0,0,0,1,0
1.1793,1.0000,4.6000,99.0000,255.0000,24.8811,0.0000,0.2570,0.2970,0.0000,0,1,0,0,0,0,1,0
1.2007,4.0000,7.1000,99.0000,255.0000,24.9254,0.0000,0.2572,0.2969,0.0000,0,1,0,0,0,0,1,0
1.2222,5.0000,8.4000,99.0000,255.0000,24.8979,0.0000,0.2577,0.2974,0.0000,0,1,0,0,0,0,1,0
1.2461,7.0000,9.7000,99.0000,255.0000,24.8365,0.0000,0.2576,0.2974,0.0000,0,1,0,0,0,0,1,0
1.2677,10.0000,12.5000,99.0000,255.0000,25.0104,0.0000,0.2579,0.2975,0.0000,0,1,0,0,0,0,1,0
1.2860,13.0000,14.0000,99.0000,255.0000,24.9703,0.0000,0.2577,0.2976,0.0000,0,1,0,0,0,0,1,0
1.3056,15.0000,15.4000,99.0000,255.0000,25.0100,0.0000,0.2582,0.2980,0.0000,0,1,0,0,0,0,1,0
1.3236,18.0000,15.6000,99.0000,255.0000,24.9314,0.0000,0.2573,0.2971,0.0000,0,1,0,0,0,0,1,0
1.3478,20.0000,15.8000,99.0000,255.0000,25.1325,0.0000,0.2574,0.2970,0.0000,0,1,0,0,0,0,1,0
1.3714,26.0000,16.2000,99.0000,255.0000,25.1599,0.0000,0.2581,0.2976,0.0000,0,1,0,0,0,0,1,0
1.3901,28.0000,16.5000,99.0000,255.0000,25.1405,0.0000,0.2580,0.2977,0.0000,0,1,0,0,0,0,1,0
1.4142,31.0000,16.7000,99.0000,255.0000,25.1312,0.0000,0.2576,0.2973,0.0000,0,1,0,0,0,0,1,0
1.4358,37.0000,17.1000,99.0000,255.0000,24.9134,0.0000,0.2574,0.2973,0.0000,0,1,0,0,0,0,1,0
1.4559,40.0000,17.3000,99.0000,255.0000,24.9420,0.0000,0.2573,0.2973,0.0000,0,1,0,0,0,0,1,0
1.4792,43.0000,17.5000,99.0000,255.0000,24.9092,0.0000,0.2565,0.2968,0.0000,0,1,0,0,0,0,1,0
1.4999,48.0000,17.9000,99.0000,255.0000,25.0146,0.0000,0.2573,0.2974,0.0000,0,1,0,0,0,0,1,0
1.5209,51.0000,18.1000,99.0000,255.0000,24.9377,0.0000,0.2568,0.2973,0.0000,0,1,0,0,0,0,1,0
1.5390,54.0000,18.4000,99.0000,255.0000,24.8748,0.0000,0.2569,0.2972,0.0000,0,1,0,0,0,0,1,0
1.5617,57.0000,18.6000,99.0000,255.0000,25.1011,0.0000,0.2571,0.2972,0.0000,0,1,0,0,0,0,1,0
1.6572,77.0000,19.8000,98.0000,255.0000,25.9034,0.0000,0.2589,0.2982,0.0000,0,1,0,0,0,0,1,0
1.6796,80.0000,20.0000,98.0000,255.0000,25.8986,0.0000,0.2589,0.2982,0.0000,0,1,0,0,0,0,1,0
1.7003,87.0000,20.5000,98.0000,255.0000,25.8123,0.0000,0.2590,0.2983,0.0000,0,1,0,0,0,0,1,0
1.7208,90.0000,20.7000,98.0000,255.0000,25.7571,0.0000,0.2586,0.2980,0.0000,0,1,0,0,0,0,1,0
1.7400,93.0000,20.9000,98.0000,255.0000,25.7757,0.0000,0.2586,0.2980,0.0000,0,1,0,0,0,0,1,0
1.7652,97.0000,21.1000,98.0000,255.0000,25.6675,0.0000,0.2580,0.2977,0.0000,0,1,0,0,0,0,1,0
1.7891,104.0000,21.3000,98.0000,255.0000,25.8048,0.0000,0.2585,0.2983,0.0000,0,1,0,0,0,0,1,0
1.8132,107.0000,21.3000,98.0000,255.0000,25.6642,0.0000,0.2575,0.2976,0.0000,0,1,0,0,0,0,1,0
1.8334,114.0000,21.3000,97.0000,255.0000,25.6516,0.0000,0.2576,0.2974,0.0000,0,1,0,0,0,0,1,0
1.8525,118.0000,21.3000,97.0000,255.0000,25.7599,0.0000,0.2583,0.2983,0.0000,0,1,0,0,0,0,1,0
1.8726,121.0000,21.3000,97.0000,255.0000,25.7841,0.0000,0.2582,0.2980,0.0000,0,1,0,0,0,0,1,0
1.8988,125.0000,21.3000,97.0000,255.0000,25.7481,0.0000,0.2582,0.2981,0.0000,0,1,0,0,0,0,1,0
1.9189,132.0000,21.3000,97.0000,255.0000,25.9977,0.0000,0.2586,0.2983,0.0000,0,1,0,0,0,0,1,0
1.9391,135.0000,21.3000,97.0000,255.0000,25.9323,0.0000,0.2588,0.2985,0.0000,0,1,0,0,0,0,1,0
1.9645,139.0000,21.3000,97.0000,255.0000,25.9435,0.0000,0.2585,0.2983,0.0000,0,1,0,0,0,0,1,0
1.9865,146.0000,21.3000,97.0000,255.0000,25.7971,0.0000,0.2582,0.2980,0.0000,0,1,0,0,0,0,1,0
2.0078,149.0000,21.3000,97.0000,255.0000,25.7799,0.0000,0.2584,0.2982,0.0000,0,1,0,0,0,0,1,0
2.0296,153.0000,21.3000,97.0000,255.0000,25.7778,0.0000,0.2584,0.2981,0.0000,0,1,0,0,0,0,1,0
2.0489,160.0000,21.3000,96.0000,255.0000,25.8587,0.0000,0.2588,0.2982,0.0000,0,1,0,0,0,0,1,0
2.0689,163.0000,21.3000,96.0000,255.0000,25.7948,0.0000,0.2590,0.2985,0.0000,0,1,0,0,0,0,1,0
2.1723,184.0000,21.3000,96.0000,255.0000,25.8553,0.0000,0.2612,0.2999,0.0000,0,1,0,0,0,0,1,0
2.1976,188.0000,21.3000,96.0000,255.0000,26.1379,0.0000,0.2624,0.3007,0.0000,0,1,0,0,0,0,1,0
2.2188,195.0000,21.3000,96.0000,255.0000,26.0410,0.0000,0.2629,0.3009,0.0000,0,1,0,0,0,0,1,0
2.2396,198.0000,21.3000,95.0000,255.0000,26.0325,0.0000,0.2634,0.3009,0.0000,0,1,0,0,0,0,1,0
2.2621,202.0000,21.3000,95.0000,255.0000,26.0062,0.0000,0.2640,0.3013,0.0000,0,1,0,0,0,0,1,0
2.2833,209.0000,21.3000,95.0000,255.0000,25.9080,0.0000,0.2643,0.3011,0.0000,0,1,0,0,0,0,1,0
2.3039,212.0000,21.3000,95.0000,255.0000,25.8663,0.0000,0.2649,0.3014,0.0000,0,1,0,0,0,0,1,0
2.3223,216.0000,21.3000,95.0000,254.0000,25.7298,0.0000,0.2646,0.3012,0.0000,0,1,0,0,0,0,1,0
2.3476,219.0000,21.3000,95.0000,254.0000,25.8792,0.0000,0.2657,0.3017,0.0000,0,1,0,0,0,0,1,0
2.3699,226.0000,21.3000,95.0000,253.0000,25.7132,0.0000,0.2657,0.3014,0.0000,0,1,0,0,0,0,1,0
2.3894,230.0000,21.3000,95.0000,253.0000,25.4697,0.0000,0.2661,0.3019,0.0000,0,1,0,0,0,0,1,0
2.4137,233.0000,21.3000,95.0000,253.0000,25.7703,0.0000,0.2670,0.3023,0.0000,0,1,0,0,0,0,1,0
2.4336,240.0000,21.2000,94.0000,252.0000,25.8914,0.0000,0.2681,0.3030,0.0000,0,1,0,0,0,0,1,0
2.4530,244.0000,21.2000,94.0000,252.0000,25.8685,0.0000,0.2681,0.3028,0.0000,0,1,0,0,0,0,1,0
2.4723,247.0000,21.2000,94.0000,251.0000,26.0857,0.0000,0.2695,0.3037,0.0000,0,1,0,0,0,0,1,0
2.4974,251.0000,21.2000,94.0000,251.0000,26.0927,0.0000,0.2698,0.3038,0.0000,0,1,0,0,0,0,1,0
2.5196,258.0000,21.1000,94.0000,251.0000,25.9789,0.0000,0.2705,0.3044,0.0000,0,1,0,0,0,0,1,0
2.5397,261.0000,21.0000,94.0000,250.0000,25.9496,0.0000,0.2710,0.3046,0.0000,0,1,0,0,0,0,1,0
2.5653,264.0000,21.0000,94.0000,249.0000,25.8814,0.0000,0.2713,0.3047,0.0000,0,1,0,0,0,0,1,0
2.5874,271.0000,20.8000,94.0000,247.0000,25.8847,0.0000,0.2720,0.3050,0.0000,0,1,0,0,0,0,1,0
2.6848,291.0000,20.3000,93.0000,243.0000,25.7779,0.0000,0.2741,0.3056,0.0000,0,1,0,0,0,0,1,0
2.7065,295.0000,20.2000,93.0000,245.0000,25.8567,0.0000,0.2757,0.3069,0.0000,0,1,0,0,0,0,1,0
2.7282,298.0000,20.1000,93.0000,245.0000,25.9496,0.0000,0.2761,0.3069,0.0000,0,1,0,0,0,0,1,0
2.7495,305.0000,19.9000,93.0000,244.0000,26.1073,0.0000,0.2770,0.3073,0.0000,0,1,0,0,0,0,1,0
2.7713,308.0000,19.7000,93.0000,244.0000,26.0382,0.0000,0.2775,0.3076,0.0000,0,1,0,0,0,0,1,0
2.7901,311.0000,19.6000,93.0000,242.0000,25.9431,0.0000,0.2780,0.3079,0.0000,0,1,0,0,0,0,1,0
2.8133,314.0000,19.5000,93.0000,242.0000,25.8979,0.0000,0.2785,0.3083,0.0000,0,1,0,0,0,0,1,0
2.8335,321.0000,19.2000,92.0000,241.0000,25.8056,0.0000,0.2790,0.3081,0.0000,0,1,0,0,0,0,1,0
2.8529,324.0000,19.0000,92.0000,241.0000,25.8112,0.0000,0.2795,0.3084,0.0000,0,1,0,0,0,0,1,0
2.8726,327.0000,18.9000,92.0000,239.0000,25.8204,0.0000,0.2800,0.3086,0.0000,0,1,0,0,0,0,1,0
2.8974,330.0000,18.7000,92.0000,241.0000,25.6436,0.0000,0.2801,0.3087,0.0000,0,1,0,0,0,0,1,0
2.9210,336.0000,18.4000,92.0000,241.0000,25.7695,0.0000,0.2814,0.3095,0.0000,0,1,0,0,0,0,1,0
2.9409,339.0000,18.3000,92.0000,239.0000,25.6742,0.0000,0.2816,0.3094,0.0000,0,1,0,0,0,0,1,0
2.9640,342.0000,18.1000,92.0000,237.0000,25.4586,0.0000,0.2817,0.3096,0.0000,0,1,0,0,0,0,1,0
2.9867,348.0000,17.8000,92.0000,237.0000,25.7931,0.0000,0.2833,0.3102,0.0000,0,1,0,0,0,0,1,0
3.0059,351.0000,17.6000,92.0000,237.0000,25.9171,0.0000,0.2835,0.3101,0.0000,0,1,0,0,0,0,1,0
3.0282,354.0000,17.4000,92.0000,237.0000,25.8580,0.0000,0.2840,0.3104,0.0000,0,1,0,0,0,0,1,0
3.0486,359.0000,17.0000,91.0000,236.0000,26.0607,0.0000,0.2857,0.3116,0.0000,0,1,0,0,0,0,1,0
3.0699,362.0000,16.9000,91.0000,235.0000,25.9405,0.0000,0.2858,0.3113,0.0000,0,1,0,0,0,0,1,0
3.0899,365.0000,16.7000,91.0000,235.0000,25.9200,0.0000,0.2860,0.3113,0.0000,0,1,0,0,0,0,1,0
3.1887,380.0000,15.5000,91.0000,231.0000,25.7665,0.0000,0.2888,0.3128,0.0000,0,1,0,0,0,0,1,0
3.2065,383.0000,15.3000,91.0000,230.0000,25.6909,0.0000,0.2890,0.3128,0.0000,0,1,0,0,0,0,1,0
3.2276,386.0000,15.2000,91.0000,230.0000,25.5871,0.0000,0.2893,0.3129,0.0000,0,1,0,0,0,0,1,0
3.2502,390.0000,14.8000,90.0000,229.0000,25.6959,0.0000,0.2902,0.3133,0.0000,0,1,0,0,0,0,1,0
3.2713,393.0000,14.6000,90.0000,228.0000,25.7819,0.0000,0.2909,0.3136,0.0000,0,1,0,0,0,0,1,0
3.2894,395.0000,14.4000,90.0000,228.0000,25.8562,0.0000,0.2914,0.3140,0.0000,0,1,0,0,0,0,1,0
3.3116,397.0000,14.2000,90.0000,228.0000,25.7924,0.0000,0.2918,0.3141,0.0000,0,1,0,0,0,0,1,0
3.3320,402.0000,13.8000,90.0000,227.0000,25.9863,0.0000,0.2931,0.3149,0.0000,0,1,0,0,0,0,1,0
3.3574,404.0000,13.6000,90.0000,227.0000,25.9368,0.0000,0.2934,0.3149,0.0000,0,1,0,0,0,0,1,0
3.3789,406.0000,13.4000,90.0000,226.0000,25.8995,0.0000,0.2937,0.3150,0.0000,0,1,0,0,0,0,1,0
3.3999,411.0000,13.0000,90.0000,223.0000,25.7533,0.0000,0.2943,0.3152,0.0000,0,1,0,0,0,0,1,0
3.4214,413.0000,12.8000,90.0000,224.0000,25.8033,0.0000,0.2946,0.3153,0.0000,0,1,0,0,0,0,1,0
3.4404,415.0000,12.6000,89.0000,223.0000,25.7535,0.0000,0.2948,0.3154,0.0000,0,1,0,0,0,0,1,0
3.4620,417.0000,12.4000,89.0000,223.0000,25.6431,0.0000,0.2949,0.3153,0.0000,0,1,0,0,0,0,1,0
3.4833,421.0000,12.0000,89.0000,222.0000,25.7170,0.0000,0.2958,0.3158,0.0000,0,1,0,0,0,0,1,0
3.5021,423.0000,11.8000,89.0000,221.0000,25.6284,0.0000,0.2963,0.3161,0.0000,0,1,0,0,0,0,1,0
3.5230,425.0000,11.7000,89.0000,221.0000,25.4282,0.0000,0.2964,0.3161,0.0000,0,1,0,0,0,0,1,0
3.5471,427.0000,11.5000,89.0000,221.0000,25.7511,0.0000,0.2969,0.3163,0.0000,0,1,0,0,0,0,1,0
3.5712,430.0000,11.1000,89.0000,222.0000,25.9320,0.0000,0.2978,0.3169,0.0000,0,1,0,0,0,0,1,0
3.5894,432.0000,10.9000,89.0000,222.0000,25.8961,0.0000,0.2979,0.3168,0.0000,0,1,0,0,0,0,1,0
3.6136,434.0000,10.7000,89.0000,221.0000,26.1420,0.0000,0.2988,0.3174,0.0000,0,1,0,0,0,0,1,0
3.7168,445.0000,9.5000,88.0000,219.0000,25.9688,0.0000,0.3000,0.3177,0.0000,0,1,0,0,0,0,1,0
3.7382,447.0000,9.3000,88.0000,216.0000,25.8112,0.0000,0.2999,0.3175,0.0000,0,1,0,0,0,0,1,0
3.7557,449.0000,9.2000,88.0000,216.0000,25.9426,0.0000,0.3004,0.3179,0.0000,0,1,0,0,0,0,1,0
3.7794,450.0000,9.0000,88.0000,216.0000,25.8908,0.0000,0.3007,0.3181,0.0000,0,1,0,0,0,0,1,0
3.7996,453.0000,8.7000,88.0000,214.0000,25.6003,0.0000,0.3006,0.3179,0.0000,0,1,0,0,0,0,1,0
3.8193,454.0000,8.5000,88.0000,212.0000,25.8989,0.0000,0.3010,0.3182,0.0000,0,1,0,0,0,0,1,0
3.8396,456.0000,8.4000,87.0000,215.0000,25.9451,0.0000,0.3010,0.3181,0.0000,0,1,0,0,0,0,1,0
3.8640,457.0000,8.2000,87.0000,218.0000,26.0753,0.0000,0.3011,0.3181,0.0000,0,1,0,0,0,0,1,0
3.8886,460.0000,7.9000,87.0000,218.0000,26.2061,0.0000,0.3016,0.3185,0.0000,0,1,0,0,0,0,1,0
3.9084,461.0000,7.7000,87.0000,216.0000,26.1248,0.0000,0.3016,0.3185,0.0000,0,1,0,0,0,0,1,0
3.9305,462.0000,7.6000,87.0000,215.0000,26.0625,0.0000,0.3016,0.3184,0.0000,0,1,0,0,0,0,1,0
3.9531,465.0000,7.3000,87.0000,216.0000,25.9986,0.0000,0.3017,0.3185,0.0000,0,1,0,0,0,0,1,0
3.9725,466.0000,7.2000,87.0000,218.0000,25.9488,0.0000,0.3017,0.3185,0.0000,0,1,0,0,0,0,1,0
3.9963,467.0000,7.0000,87.0000,218.0000,25.9903,0.0000,0.3015,0.3183,0.0000,0,1,0,0,0,0,1,0
4.0159,469.0000,6.8000,87.0000,218.0000,25.7618,0.0000,0.3016,0.3185,0.0000,0,1,0,0,0,0,1,0
4.0398,470.0000,6.6000,86.0000,216.0000,25.9020,0.0000,0.3015,0.3184,0.0000,0,1,0,0,0,0,1,0
4.0598,471.0000,6.5000,86.0000,214.0000,25.7765,0.0000,0.3015,0.3184,0.0000,0,1,0,0,0,0,1,0
4.0834,473.0000,6.2000,86.0000,214.9400,25.5092,0.0000,0.3009,0.3182,0.0000,0,1,0,0,0,0,1,0
4.1028,474.0000,6.1000,86.0000,214.0000,25.8208,0.0000,0.3013,0.3184,0.0000,0,1,0,0,0,0,1,0
4.1235,475.0000,6.0000,86.0000,216.0000,25.8950,0.0000,0.3011,0.3182,0.0000,0,1,0,0,0,0,1,0
4.2245,481.0000,5.3000,86.0000,216.0000,25.9152,0.0000,0.3001,0.3178,0.0000,0,1,0,0,0,0,1,0
4.2464,482.0000,5.2000,85.0000,219.0000,25.9315,0.0000,0.2998,0.3177,0.0000,0,1,0,0,0,0,1,0
4.2665,483.0000,5.0000,85.0000,221.0000,25.8922,0.0000,0.2991,0.3173,0.0000,0,1,0,0,0,0,1,0
4.2856,484.0000,4.9000,85.0000,222.0000,25.8890,0.0000,0.2989,0.3172,0.0000,0,1,0,0,0,0,1,0
4.3061,485.0000,4.8000,85.0000,221.0000,25.7606,0.0000,0.2984,0.3170,0.0000,0,1,0,0,0,0,1,0
4.3299,486.0000,4.7000,85.0000,220.0000,25.8810,0.0000,0.2982,0.3169,0.0000,0,1,0,0,0,0,1,0
4.3498,487.0000,4.5000,85.0000,219.0000,25.7464,0.0000,0.2974,0.3166,0.0000,0,1,0,0,0,0,1,0
4.3692,488.0000,4.4000,85.0000,221.0000,25.5512,0.0000,0.2969,0.3163,0.0000,0,1,0,0,0,0,1,0
4.3890,489.0000,4.3000,85.0000,222.0000,25.8329,0.0000,0.2968,0.3162,0.0000,0,1,0,0,0,0,1,0
4.4135,489.0000,4.2000,85.0000,222.0000,25.9044,0.0000,0.2966,0.3162,0.0000,0,1,0,0,0,0,1,0
4.4361,491.0000,4.0000,84.0000,224.0000,25.9517,0.0000,0.2957,0.3158,0.0000,0,1,0,0,0,0,1,0
4.4557,491.0000,3.9000,84.0000,226.0000,26.1559,0.0000,0.2956,0.3158,0.0000,0,1,0,0,0,0,1,0
4.4780,492.0000,3.8000,84.0000,226.0000,26.1297,0.0000,0.2950,0.3155,0.0000,0,1,0,0,0,0,1,0
4.4997,493.0000,3.7000,84.0000,226.0000,26.0358,0.0000,0.2944,0.3154,0.0000,0,1,0,0,0,0,1,0
4.5188,494.0000,3.6000,84.0000,224.0000,25.9970,0.0000,0.2934,0.3147,0.0000,0,1,0,0,0,0,1,0
4.5386,494.0000,3.5000,84.0000,227.0000,25.9809,0.0000,0.2931,0.3147,0.0000,0,1,0,0,0,0,1,0
4.5619,495.0000,3.4000,84.0000,228.0000,26.0257,0.0000,0.2926,0.3144,0.0000,0,1,0,0,0,0,1,0
4.5833,496.0000,3.3000,84.0000,230.0000,25.8871,0.0000,0.2911,0.3135,0.0000,0,1,0,0,0,0,1,0
4.6022,497.0000,3.2000,84.0000,230.0000,25.9953,0.0000,0.2912,0.3139,0.0000,0,1,0,0,0,0,1,0
4.6231,497.0000,3.1000,84.0000,230.0000,25.8909,0.0000,0.2901,0.3131,0.0000,0,1,0,0,0,0,1,0
4.6484,498.0000,3.1000,83.0000,229.0000,25.8076,0.0000,0.2896,0.3130,0.0000,0,1,0,0,0,0,1,0
4.7479,501.0000,2.7000,83.0000,234.0000,26.1739,0.0000,0.2868,0.3117,0.0000,0,1,0,0,0,0,1,0
4.7685,501.0000,2.6000,83.0000,235.0000,26.0724,0.0000,0.2854,0.3111,0.0000,0,1,0,0,0,0,1,0
4.7904,502.0000,2.5000,83.0000,236.0000,26.0315,0.0000,0.2847,0.3108,0.0000,0,1,0,0,0,0,1,0
4.8131,502.0000,2.4000,83.0000,237.0000,26.0100,0.0000,0.2840,0.3105,0.0000,0,1,0,0,0,0,1,0
4.8330,503.0000,2.3000,82.0000,238.0000,25.9788,0.0000,0.2822,0.3096,0.0000,0,1,0,0,0,0,1,0
4.8576,503.0000,2.3000,82.0000,239.0000,25.9683,0.0000,0.2815,0.3093,0.0000,0,1,0,0,0,0,1,0
4.8817,504.0000,2.2000,82.0000,239.0000,25.7812,0.0000,0.2805,0.3086,0.0000,0,1,0,0,0,0,1,0
4.9032,504.0000,2.1000,82.0000,241.0000,25.9181,0.0000,0.2796,0.3083,0.0000,0,1,0,0,0,0,1,0
4.9221,505.0000,2.1000,82.0000,242.0000,25.8142,0.0000,0.2786,0.3077,0.0000,0,1,0,0,0,0,1,0
4.9474,505.0000,2.0000,82.0000,242.0000,25.6045,0.0000,0.2775,0.3074,0.0000,0,1,0,0,0,0,1,0
4.9696,506.0000,1.9000,82.0000,244.0000,25.9769,0.0000,0.2771,0.3072,0.0000,0,1,0,0,0,0,1,0
4.9892,506.0000,1.9000,82.0000,245.0000,26.0513,0.0000,0.2761,0.3067,0.0000,0,1,0,0,0,0,1,0
5.0131,506.0000,1.8000,82.0000,245.0000,26.0041,0.0000,0.2755,0.3065,0.0000,0,1,0,0,0,0,1,0
5.0324,507.0000,1.8000,81.0000,246.0000,26.1319,0.0000,0.2745,0.3061,0.0000,0,1,0,0,0,0,1,0
5.0529,507.0000,1.7000,81.0000,247.0000,26.1150,0.0000,0.2736,0.3057,0.0000,0,1,0,0,0,0,1,0
5.0724,508.0000,1.7000,81.0000,247.0000,26.1001,0.0000,0.2731,0.3056,0.0000,0,1,0,0,0,0,1,0
5.0974,508.0000,1.6000,81.0000,249.0000,26.1022,0.0000,0.2723,0.3052,0.0000,0,1,0,0,0,0,1,0
5.1199,508.0000,1.6000,81.0000,250.0000,26.0482,0.0000,0.2701,0.3041,0.0000,0,1,0,0,0,0,1,0
5.1390,509.0000,1.5000,81.0000,251.0000,26.0497,0.0000,0.2695,0.3039,0.0000,0,1,0,0,0,0,1,0
5.1662,509.0000,1.5000,81.0000,252.0000,25.8991,0.0000,0.2685,0.3033,0.0000,0,1,0,0,0,0,1,0
5.2625,510.0000,1.3000,80.0000,255.0000,26.0564,0.0000,0.2653,0.3019,0.0000,0,1,0,0,0,0,1,0
5.2837,511.0000,1.2000,80.0000,255.0000,26.0762,0.0000,0.2636,0.3010,0.0000,0,1,0,0,0,0,1,0
5.3034,511.0000,1.2000,80.0000,255.0000,26.3410,0.0000,0.2636,0.3014,0.0000,0,1,0,0,0,0,1,0
5.3232,511.0000,1.2000,80.0000,255.0000,26.2665,0.0000,0.2626,0.3008,0.0000,0,1,0,0,0,0,1,0
5.3452,511.0000,1.1000,80.0000,255.0000,26.2054,0.0000,0.2621,0.3007,0.0000,0,1,0,0,0,0,1,0
5.3663,512.0000,1.1000,80.0000,255.0000,26.1838,0.0000,0.2608,0.3000,0.0000,0,1,0,0,0,0,1,0
5.3854,512.0000,1.1000,80.0000,255.0000,26.1203,0.0000,0.2598,0.2991,0.0000,0,1,0,0,0,0,1,0
5.4077,512.0000,1.0000,80.0000,255.0000,26.1622,0.0000,0.2596,0.2989,0.0000,0,1,0,0,0,0,1,0
5.4295,512.0000,1.0000,80.0000,255.0000,26.1586,0.0000,0.2592,0.2987,0.0000,0,1,0,0,0,0,1,0
5.4504,513.0000,1.0000,79.0000,255.0000,26.0591,0.0000,0.2590,0.2990,0.0000,0,1,0,0,0,0,1,0
5.4712,513.0000,0.9000,79.0000,255.0000,25.9638,0.0000,0.2587,0.2990,0.0000,0,1,0,0,0,0,1,0
5.4890,513.0000,0.9000,79.0000,255.0000,25.9119,0.0000,0.2581,0.2984,0.0000,0,1,0,0,0,0,1,0
5.5129,513.0000,0.9000,79.0000,255.0000,25.7182,0.0000,0.2575,0.2981,0.0000,0,1,0,0,0,0,1,0
5.5331,513.0000,0.9000,79.0000,255.0000,26.0355,0.0000,0.2585,0.2987,0.0000,0,1,0,0,0,0,1,0
5.5528,514.0000,0.8000,79.0000,255.0000,26.1205,0.0000,0.2592,0.2994,0.0000,0,1,0,0,0,0,1,0
5.5765,514.0000,0.8000,79.0000,255.0000,26.0043,0.0000,0.2590,0.2992,0.0000,0,1,0,0,0,0,1,0
5.5997,514.0000,0.8000,79.0000,255.0000,26.1509,0.0000,0.2597,0.2996,0.0000,0,1,0,0,0,0,1,0
5.6213,514.0000,0.8000,79.0000,255.0000,26.1579,0.0000,0.2595,0.2995,0.0000,0,1,0,0,0,0,1,0
5.6403,514.0000,0.7000,78.0000,255.0000,26.1347,0.0000,0.2590,0.2991,0.0000,0,1,0,0,0,0,1,0
5.6620,514.0000,0.7000,78.0000,255.0000,26.0993,0.0000,0.2591,0.2992,0.0000,0,1,0,0,0,0,1,0
5.6815,515.0000,0.7000,78.0000,255.0000,25.9541,0.0000,0.2592,0.2994,0.0000,0,1,0,0,0,0,1,0
5.7822,515.0000,0.6000,78.0000,255.0000,25.8063,0.0000,0.2591,0.2993,0.0000,0,1,0,0,0,0,1,0
5.8019,515.0000,0.6000,78.0000,255.0000,25.6605,0.0000,0.2584,0.2988,0.0000,0,1,0,0,0,0,1,0
5.8235,515.0000,0.6000,77.0000,255.0000,25.4393,0.0000,0.2580,0.2986,0.0000,0,1,0,0,0,0,1,0
5.8465,516.0000,0.5000,77.0000,255.0000,25.3423,0.0000,0.2574,0.2980,0.0000,0,1,0,0,0,0,1,0
5.8655,516.0000,0.5000,77.0000,255.0000,25.3593,0.0000,0.2581,0.2987,0.0000,0,1,0,0,0,0,1,0
5.8862,516.0000,0.5000,77.0000,255.0000,25.3258,0.0000,0.2577,0.2983,0.0000,0,1,0,0,0,0,1,0
5.9064,516.0000,0.5000,77.0000,255.0000,25.3166,0.0000,0.2581,0.2986,0.0000,0,1,0,0,0,0,1,0
5.9301,516.0000,0.5000,77.0000,255.0000,25.2918,0.0000,0.2579,0.2986,0.0000,0,1,0,0,0,0,1,0
5.9533,516.0000,0.4000,77.0000,255.0000,25.1954,0.0000,0.2583,0.2990,0.0000,0,1,0,0,0,0,1,0
5.9725,516.0000,0.4000,77.0000,255.0000,25.1071,0.0000,0.2573,0.2981,0.0000,0,1,0,0,0,0,1,0
5.9975,516.0000,0.4000,77.0000,255.0000,25.1033,0.0000,0.2576,0.2983,0.0000,0,1,0,0,0,0,1,0
6.0207,516.0000,0.4000,76.0000,255.0000,25.1206,0.0000,0.2583,0.2990,0.0000,0,1,0,0,0,0,1,0
6.0390,516.0000,0.4000,76.0000,255.0000,25.1233,0.0000,0.2580,0.2985,0.0000,0,1,0,0,0,0,1,0
6.0618,517.0000,0.4000,76.0000,255.0000,25.0225,0.0000,0.2573,0.2982,0.0000,0,1,0,0,0,0,1,0
6.0833,517.0000,0.4000,76.0000,255.0000,25.1892,0.0000,0.2576,0.2982,0.0000,0,1,0,0,0,0,1,0
6.1026,517.0000,0.4000,76.0000,255.0000,25.0939,0.0000,0.2579,0.2986,0.0000,0,1,0,0,0,0,1,0
6.1232,517.0000,0.3000,76.0000,255.0000,25.1082,0.0000,0.2576,0.2983,0.0000,0,1,0,0,0,0,1,0
6.1454,517.0000,0.3000,76.0000,255.0000,25.0293,0.0000,0.2576,0.2984,0.0000,0,1,0,0,0,0,1,0
6.1675,517.0000,0.3000,76.0000,255.0000,25.1938,0.0000,0.2580,0.2987,0.0000,0,1,0,0,0,0,1,0
6.1872,517.0000,0.3000,76.0000,255.0000,25.1850,0.0000,0.2578,0.2985,0.0000,0,1,0,0,0,0,1,0
6.2888,517.0000,0.3000,75.0000,255.0000,24.9820,0.0000,0.2577,0.2984,0.0000,0,1,0,0,0,0,1,0
6.3136,517.0000,0.3000,75.0000,255.0000,25.0966,0.0000,0.2575,0.2981,0.0000,0,1,0,0,0,0,1,0
6.3359,518.0000,0.2000,75.0000,255.0000,24.9638,0.0000,0.2571,0.2980,0.0000,0,1,0,0,0,0,1,0
6.3564,518.0000,0.2000,75.0000,255.0000,24.9605,0.0000,0.2570,0.2979,0.0000,0,1,0,0,0,0,1,0
6.3788,518.0000,0.2000,75.0000,255.0000,25.1960,0.0000,0.2581,0.2986,0.0000,0,1,0,0,0,0,1,0
6.3994,518.0000,0.2000,75.0000,255.0000,25.0995,0.0000,0.2576,0.2983,0.0000,0,1,0,0,0,0,1,0
6.4192,518.0000,0.2000,74.0000,255.0000,25.0402,0.0000,0.2576,0.2985,0.0000,0,1,0,0,0,0,1,0
6.4392,518.0000,0.2000,74.0000,255.0000,25.3019,0.0000,0.2584,0.2990,0.0000,0,1,0,0,0,0,1,0
6.4611,518.0000,0.2000,74.0000,255.0000,25.2875,0.0000,0.2573,0.2980,0.0000,0,1,0,0,0,0,1,0
6.4817,518.0000,0.2000,74.0000,255.0000,25.2838,0.0000,0.2575,0.2981,0.0000,0,1,0,0,0,0,1,0
6.5024,518.0000,0.2000,74.0000,255.0000,25.3199,0.0000,0.2582,0.2988,0.0000,0,1,0,0,0,0,1,0
6.5218,518.0000,0.2000,74.0000,255.0000,25.1510,0.0000,0.2568,0.2978,0.0000,0,1,0,0,0,0,1,0
6.5465,518.0000,0.2000,74.0000,255.0000,25.1875,0.0000,0.2574,0.2982,0.0000,0,1,0,0,0,0,1,0
6.5671,518.0000,0.2000,74.0000,255.0000,25.4348,0.0000,0.2577,0.2983,0.0000,0,1,0,0,0,0,1,0
6.5848,518.0000,0.2000,74.0000,255.0000,25.8096,0.0000,0.2587,0.2989,0.0000,0,1,0,0,0,0,1,0
6.6077,518.0000,0.1000,74.0000,255.0000,25.7903,0.0000,0.2586,0.2989,0.0000,0,1,0,0,0,0,1,0
6.6321,518.0000,0.1000,73.0000,255.0000,25.7499,0.0000,0.2582,0.2986,0.0000,0,1,0,0,0,0,1,0
6.6541,518.0000,0.1000,73.0000,255.0000,25.8579,0.0000,0.2588,0.2992,0.0000,0,1,0,0,0,0,1,0
6.6722,518.0000,0.1000,73.0000,255.0000,25.9342,0.0000,0.2587,0.2988,0.0000,0,1,0,0,0,0,1,0
6.6973,518.0000,0.1000,73.0000,255.0000,26.0079,0.0000,0.2592,0.2995,0.0000,0,1,0,0,0,0,1,0
6.7987,518.0000,0.1000,73.0000,255.0000,26.1836,0.0000,0.2595,0.2996,0.0000,0,1,0,0,0,0,1,0
6.8197,519.0000,0.1000,72.0000,255.0000,26.0390,0.0000,0.2589,0.2990,0.0000,0,1,0,0,0,0,1,0
6.8397,519.0000,0.1000,72.0000,255.0000,25.9984,0.0000,0.2591,0.2992,0.0000,0,1,0,0,0,0,1,0
6.8627,519.0000,0.1000,72.0000,255.0000,25.8436,0.0000,0.2586,0.2989,0.0000,0,1,0,0,0,0,1,0
6.8832,519.0000,0.1000,72.0000,255.0000,25.9255,0.0000,0.2591,0.2992,0.0000,0,1,0,0,0,0,1,0
6.9050,519.0000,0.1000,72.0000,255.0000,25.8380,0.0000,0.2586,0.2988,0.0000,0,1,0,0,0,0,1,0
6.9230,519.0000,0.1000,72.0000,255.0000,25.6846,0.0000,0.2585,0.2988,0.0000,0,1,0,0,0,0,1,0
6.9463,519.0000,0.1000,72.0000,255.0000,25.9505,0.0000,0.2586,0.2985,0.0000,0,1,0,0,0,0,1,0
6.9675,519.0000,0.1000,72.0000,255.0000,26.0484,0.0000,0.2594,0.2993,0.0000,0,1,0,0,0,0,1,0
6.9859,519.0000,0.1000,72.0000,255.0000,25.9531,0.0000,0.2593,0.2994,0.0000,0,1,0,0,0,0,1,0
7.0096,519.0000,0.1000,72.0000,255.0000,26.0231,0.0000,0.2593,0.2992,0.0000,0,1,0,0,0,0,1,0
7.0328,519.0000,0.1000,71.0000,255.0000,25.6443,0.0000,0.2585,0.2988,0.0000,0,1,0,0,0,0,1,0
7.0526,519.0000,0.1000,71.0000,255.0000,25.4940,0.0000,0.2580,0.2984,0.0000,0,1,0,0,0,0,1,0
7.0727,519.0000,0.1000,71.0000,255.0000,25.4852,0.0000,0.2581,0.2985,0.0000,0,1,0,0,0,0,1,0
7.0986,519.0000,0.0000,71.0000,255.0000,25.3100,0.0000,0.2575,0.2982,0.0000,0,1,0,0,0,0,1,0
7.1201,519.0000,0.0000,71.0000,255.0000,25.1813,0.0000,0.2569,0.2977,0.0000,0,1,0,0,0,0,1,0
7.1398,519.0000,0.0000,71.0000,255.0000,25.1114,0.0000,0.2570,0.2978,0.0000,0,1,0,0,0,0,1,0
7.1615,519.0000,0.0000,71.0000,255.0000,25.2204,0.0000,0.2571,0.2979,0.0000,0,1,0,0,0,0,1,0
7.1818,519.0000,0.0000,71.0000,255.0000,25.1698,0.0000,0.2568,0.2977,0.0000,0,1,0,0,0,0,1,0
7.2036,519.0000,0.0000,71.0000,255.0000,25.0426,0.0000,0.2572,0.2982,0.0000,0,1,0,0,0,0,1,0
7.2992,519.0000,0.0000,70.0000,255.0000,25.5097,0.0000,0.2579,0.2987,0.0000,0,1,0,0,0,0,1,0
7.3193,519.0000,0.0000,70.0000,255.0000,25.4931,0.0000,0.2576,0.2984,0.0000,0,1,0,0,0,0,1,0
7.3407,519.0000,0.0000,70.0000,255.0000,25.4974,0.0000,0.2579,0.2987,0.0000,0,1,0,0,0,0,1,0
7.3641,519.0000,0.0000,70.0000,255.0000,25.5127,0.0000,0.2575,0.2981,0.0000,0,1,0,0,0,0,1,0
7.3871,519.0000,0.0000,70.0000,255.0000,25.2927,0.0000,0.2576,0.2984,0.0000,0,1,0,0,0,0,1,0
7.4056,519.0000,0.0000,70.0000,255.0000,25.3261,0.0000,0.2574,0.2982,0.0000,0,1,0,0,0,0,1,0
7.4278,519.0000,0.0000,69.0000,255.0000,25.2662,0.0000,0.2577,0.2985,0.0000,0,1,0,0,0,0,1,0
7.4509,519.0000,0.0000,69.0000,255.0000,25.3123,0.0000,0.2578,0.2986,0.0000,0,1,0,0,0,0,1,0
7.4724,519.0000,0.0000,69.0000,255.0000,25.2329,0.0000,0.2578,0.2986,0.0000,0,1,0,0,0,0,1,0
7.4946,519.0000,0.0000,69.0000,255.0000,25.1527,0.0000,0.2571,0.2980,0.0000,0,1,0,0,0,0,1,0
7.5165,519.0000,0.0000,69.0000,255.0000,25.3273,0.0000,0.2577,0.2985,0.0000,0,1,0,0,0,0,1,0
7.5374,519.0000,0.0000,69.0000,255.0000,25.3600,0.0000,0.2581,0.2987,0.0000,0,1,0,0,0,0,1,0
7.5560,519.0000,0.0000,69.0000,255.0000,25.2668,0.0000,0.2575,0.2982,0.0000,0,1,0,0,0,0,1,0
7.5800,519.0000,0.0000,69.0000,255.0000,25.5115,0.0000,0.2578,0.2983,0.0000,0,1,0,0,0,0,1,0
7.6028,519.0000,0.0000,69.0000,255.0000,25.4728,0.0000,0.2575,0.2981,0.0000,0,1,0,0,0,0,1,0
7.6226,519.0000,0.0000,68.0000,255.0000,25.4937,0.0000,0.2578,0.2982,0.0000,0,1,0,0,0,0,1,0
7.6467,519.0000,0.0000,68.0000,255.0000,25.5284,0.0000,0.2584,0.2988,0.0000,0,1,0,0,0,0,1,0
7.6706,519.0000,0.0000,68.0000,255.0000,25.2398,0.0000,0.2572,0.2978,0.0000,0,1,0,0,0,0,1,0
7.6896,519.0000,0.0000,68.0000,255.0000,25.2600,0.0000,0.2575,0.2981,0.0000,0,1,0,0,0,0,1,0
7.7110,519.0000,0.0000,68.0000,255.0000,25.2153,0.0000,0.2573,0.2980,0.0000,0,1,0,0,0,0,1,0
7.8157,519.0000,0.0000,68.0000,255.0000,25.2570,0.0000,0.2581,0.2985,0.0000,0,1,0,0,0,0,1,0
7.8358,519.0000,0.0000,67.0000,255.0000,25.2291,0.0000,0.2581,0.2985,0.0000,0,1,0,0,0,0,1,0
7.8577,519.0000,0.0000,67.0000,255.0000,25.4389,0.0000,0.2584,0.2987,0.0000,0,1,0,0,0,0,1,0
7.8774,519.0000,0.0000,67.0000,255.0000,25.4368,0.0000,0.2585,0.2988,0.0000,0,1,0,0,0,0,1,0
7.8998,519.0000,0.0000,67.0000,255.0000,25.4008,0.0000,0.2584,0.2986,0.0000,0,1,0,0,0,0,1,0
7.9181,519.0000,0.0000,67.0000,255.0000,25.4179,0.0000,0.2585,0.2987,0.0000,0,1,0,0,0,0,1,0
7.9408,519.0000,0.0000,67.0000,255.0000,25.2750,0.0000,0.2582,0.2987,0.0000,0,1,0,0,0,0,1,0
7.9641,519.0000,0.0000,67.0000,255.0000,25.2056,0.0000,0.2583,0.2987,0.0000,0,1,0,0,0,0,1,0
7.9860,519.0000,0.0000,67.0000,255.0000,25.2216,0.0000,0.2577,0.2982,0.0000,0,1,0,0,0,0,1,0
8.0069,519.0000,0.0000,67.0000,255.0000,25.3755,0.0000,0.2582,0.2986,0.0000,0,1,0,0,0,0,1,0
8.0297,519.0000,0.0000,66.0000,255.0000,25.3668,0.0000,0.2578,0.2982,0.0000,0,1,0,0,0,0,1,0
8.0506,519.0000,0.0000,66.0000,255.0000,25.1564,0.0000,0.2577,0.2983,0.0000,0,1,0,0,0,0,1,0
8.0703,519.0000,0.0000,66.0000,255.0000,25.4107,0.0000,0.2578,0.2981,0.0000,0,1,0,0,0,0,1,0
8.0887,519.0000,0.0000,66.0000,255.0000,25.3200,0.0000,0.2574,0.2977,0.0000,0,1,0,0,0,0,1,0
8.1135,519.0000,0.0000,66.0000,255.0000,25.3456,0.0000,0.2573,0.2977,0.0000,0,1,0,0,0,0,1,0
8.1363,519.0000,0.0000,66.0000,255.0000,25.5540,0.0000,0.2581,0.2984,0.0000,0,1,0,0,0,0,1,0
8.1558,519.0000,0.0000,66.0000,255.0000,25.5597,0.0000,0.2583,0.2987,0.0000,0,1,0,0,0,0,1,0
8.1785,519.0000,0.0000,66.0000,255.0000,25.5510,0.0000,0.2582,0.2987,0.0000,0,1,0,0,0,0,1,0
8.1994,519.0000,0.0000,66.0000,255.0000,25.5705,0.0000,0.2580,0.2985,0.0000,0,1,0,0,0,0,1,0
8.2194,519.0000,0.0000,65.0000,255.0000,25.4084,0.0000,0.2578,0.2985,0.0000,0,1,0,0,0,0,1,0
8.3166,519.0000,0.0000,65.0000,255.0000,25.3229,0.0000,0.2567,0.2976,0.0000,0,1,0,0,0,0,1,0
8.3359,519.0000,0.0000,65.0000,255.0000,25.2468,0.0000,0.2571,0.2981,0.0000,0,1,0,0,0,0,1,0
8.3555,519.0000,0.0000,65.0000,255.0000,25.6361,0.0000,0.2583,0.2990,0.0000,0,1,0,0,0,0,1,0
8.3790,519.0000,0.0000,65.0000,255.0000,25.8204,0.0000,0.2583,0.2986,0.0000,0,1,0,0,0,0,1,0
8.4006,519.0000,0.0000,65.0000,255.0000,26.0562,0.0000,0.2587,0.2990,0.0000,0,1,0,0,0,0,1,0
8.4193,519.0000,0.0000,64.0000,255.0000,26.3749,0.0000,0.2594,0.2994,0.0000,0,1,0,0,0,0,1,0
8.4386,519.0000,0.0000,64.0000,255.0000,26.3527,0.0000,0.2598,0.2998,0.0000,0,1,0,0,0,0,1,0
8.4636,519.0000,0.0000,64.0000,255.0000,26.2823,0.0000,0.2594,0.2994,0.0000,0,1,0,0,0,0,1,0
8.4855,519.0000,0.0000,64.0000,255.0000,26.2573,0.0000,0.2595,0.2995,0.0000,0,1,0,0,0,0,1,0
8.5060,519.0000,0.0000,64.0000,255.0000,26.1270,0.0000,0.2591,0.2992,0.0000,0,1,0,0,0,0,1,0
8.5314,519.0000,0.0000,64.0000,255.0000,26.1507,0.0000,0.2590,0.2992,0.0000,0,1,0,0,0,0,1,0
8.5517,519.0000,0.0000,64.0000,255.0000,26.0416,0.0000,0.2585,0.2986,0.0000,0,1,0,0,0,0,1,0
8.5734,519.0000,0.0000,64.0000,255.0000,26.1710,0.0000,0.2588,0.2989,0.0000,0,1,0,0,0,0,1,0
8.5961,519.0000,0.0000,64.0000,255.0000,26.1142,0.0000,0.2588,0.2989,0.0000,0,1,0,0,0,0,1,0
8.6164,519.0000,0.0000,63.0000,255.0000,25.7707,0.0000,0.2578,0.2982,0.0000,0,1,0,0,0,0,1,0
8.6355,519.0000,0.0000,63.0000,255.0000,26.0054,0.0000,0.2585,0.2986,0.0000,0,1,0,0,0,0,1,0
8.6549,519.0000,0.0000,63.0000,255.0000,26.1326,0.0000,0.2588,0.2990,0.0000,0,1,0,0,0,0,1,0
8.6728,519.0000,0.0000,63.0000,255.0000,26.1918,0.0000,0.2590,0.2992,0.0000,0,1,0,0,0,0,1,0
8.6960,519.0000,0.0000,63.0000,255.0000,26.1265,0.0000,0.2591,0.2991,0.0000,0,1,0,0,0,0,1,0
8.7141,519.0000,0.0000,63.0000,255.0000,26.3156,0.0000,0.2596,0.2996,0.0000,0,1,0,0,0,0,1,0
8.7359,519.0000,0.0000,63.0000,255.0000,26.2768,0.0000,0.2597,0.2996,0.0000,0,1,0,0,0,0,1,0
8.8337,519.0000,0.0000,62.0000,255.0000,25.9543,0.0000,0.2585,0.2987,0.0000,0,1,0,0,0,0,1,0
8.8527,519.0000,0.0000,62.0000,255.0000,26.1665,0.0000,0.2586,0.2988,0.0000,0,1,0,0,0,0,1,0
8.8722,519.0000,0.0000,62.0000,255.0000,26.0994,0.0000,0.2590,0.2991,0.0000,0,1,0,0,0,0,1,0
8.8963,519.0000,0.0000,62.0000,255.0000,26.0248,0.0000,0.2586,0.2990,0.0000,0,1,0,0,0,0,1,0
8.9164,519.0000,0.0000,62.0000,255.0000,26.1014,0.0000,0.2591,0.2994,0.0000,0,1,0,0,0,0,1,0
8.9354,519.0000,0.0000,62.0000,255.0000,26.1464,0.0000,0.2588,0.2991,0.0000,0,1,0,0,0,0,1,0
8.9558,519.0000,0.0000,62.0000,255.0000,26.2704,0.0000,0.2589,0.2991,0.0000,0,1,0,0,0,0,1,0
8.9800,519.0000,0.0000,62.0000,255.0000,26.2070,0.0000,0.2585,0.2989,0.0000,0,1,0,0,0,0,1,0
9.0019,519.0000,0.0000,62.0000,255.0000,26.4500,0.0000,0.2593,0.2994,0.0000,0,1,0,0,0,0,1,0
9.0229,519.0000,0.0000,61.0000,255.0000,26.3565,0.0000,0.2595,0.2996,0.0000,0,0,0,0,0,0,0,0
9.0441,519.0000,0.0000,61.0000,255.0000,26.2899,0.0000,0.2592,0.2994,0.0000,0,0,0,0,0,0,0,0
9.0657,519.0000,0.0000,61.0000,255.0000,26.1997,0.0000,0.2586,0.2989,0.0000,0,0,0,0,0,0,0,0
9.0853,519.0000,0.0000,61.0000,255.0000,26.1201,0.0000,0.2587,0.2988,0.0000,0,0,0,0,0,0,0,0
9.1048,519.0000,0.0000,61.0000,255.0000,26.0981,0.0000,0.2590,0.2991,0.0000,0,0,0,0,0,0,0,0
9.1226,519.0000,0.0000,61.0000,255.0000,25.9976,0.0000,0.2583,0.2986,0.0000,0,0,0,0,0,0,0,0
9.1437,519.0000,0.4000,61.0000,255.0000,26.1069,0.0000,0.2589,0.2990,0.0000,0,0,0,0,0,0,0,0
9.1662,519.0000,1.2000,61.0000,255.0000,26.0048,0.0000,0.2584,0.2986,0.0000,0,0,0,0,0,0,0,0
9.1874,519.0000,1.6000,61.0000,255.0000,25.7806,0.0000,0.2585,0.2988,0.0000,0,0,0,0,0,0,0,0
9.2055,518.0000,1.9000,61.0000,255.0000,26.0819,0.0000,0.2594,0.2995,0.0000,0,0,0,0,0,0,0,0
9.2290,518.0000,2.3000,61.0000,255.0000,26.0654,0.0000,0.2592,0.2992,0.0000,0,0,0,0,0,0,0,0
9.2483,517.0000,3.0000,61.0000,255.0000,26.0753,0.0000,0.2592,0.2991,0.0000,0,0,0,0,0,0,0,0
9.3486,514.0000,4.7000,60.0000,255.0000,26.1874,0.0000,0.2601,0.2999,0.0000,0,0,0,0,0,0,0,0
9.3690,512.0000,5.3000,60.0000,255.0000,26.0660,0.0000,0.2598,0.2997,0.0000,0,0,0,0,0,0,0,0
9.3899,511.0000,5.6000,60.0000,255.0000,26.0462,0.0000,0.2604,0.2997,0.0000,0,0,0,0,0,0,0,0
9.4130,508.0000,20.1000,60.0000,255.0000,25.9083,0.0000,0.2596,0.2990,0.0000,0,0,0,0,0,0,0,0
9.4359,501.0000,19.2000,60.0000,255.0000,26.0088,0.0000,0.2602,0.2996,0.0000,0,0,0,0,0,0,0,0
9.4556,498.0000,18.7000,60.0000,255.0000,25.9540,0.0000,0.2600,0.2995,0.0000,0,0,0,0,0,0,0,0
9.4816,495.0000,18.3000,60.0000,255.0000,25.6895,0.0000,0.2594,0.2992,0.0000,0,0,0,0,0,0,0,0
9.5047,490.0000,17.5000,60.0000,255.0000,26.0741,0.0000,0.2604,0.2997,0.0000,0,0,0,0,0,0,0,0
9.5222,487.0000,17.2000,60.0000,255.0000,26.0994,0.0000,0.2605,0.2997,0.0000,0,0,0,0,0,0,0,0
9.5454,484.0000,16.8000,60.0000,255.0000,26.0351,0.0000,0.2604,0.2998,0.0000,0,0,0,0,0,0,0,0
9.5672,479.0000,16.1000,61.0000,255.0000,26.2020,0.0000,0.2611,0.3004,0.0000,0,0,0,0,0,0,0,0
9.5909,476.0000,15.8000,61.0000,255.0000,26.1936,0.0000,0.2611,0.3003,0.0000,0,0,0,0,0,0,0,0
9.6122,474.0000,15.4000,61.0000,255.0000,26.1537,0.0000,0.2610,0.3002,0.0000,0,0,0,0,0,0,0,0
9.6332,469.0000,14.8000,61.0000,255.0000,25.9582,0.0000,0.2606,0.3000,0.0000,0,0,0,0,0,0,0,0
9.6523,466.0000,14.5000,61.0000,255.0000,25.9315,0.0000,0.2606,0.3000,0.0000,0,0,0,0,0,0,0,0
9.6724,464.0000,14.3000,61.0000,255.0000,25.9750,0.0000,0.2603,0.2997,0.0000,0,0,0,0,0,0,0,0
9.6948,462.0000,14.0000,61.0000,255.0000,25.8008,0.0000,0.2601,0.2997,0.0000,0,0,0,0,0,0,0,0
9.7163,457.0000,13.4000,61.0000,255.0000,25.6805,0.0000,0.2600,0.2996,0.0000,0,0,0,0,0,0,0,0
9.7361,455.0000,13.2000,61.0000,255.0000,25.4770,0.0000,0.2595,0.2993,0.0000,0,0,0,0,0,0,0,0
9.7555,453.0000,12.9000,61.0000,255.0000,25.1893,0.0000,0.2587,0.2987,0.0000,0,0,0,0,0,0,0,0
9.8533,441.0000,11.6000,62.0000,255.0000,25.3009,0.0000,0.2589,0.2988,0.0000,0,0,0,0,0,0,0,0
9.8723,439.0000,11.4000,62.0000,255.0000,25.2520,0.0000,0.2589,0.2989,0.0000,0,0,0,0,0,0,0,0
9.8955,437.0000,11.2000,62.0000,255.0000,25.2410,0.0000,0.2590,0.2992,0.0000,0,0,0,0,0,0,0,0
9.9170,434.0000,10.8000,62.0000,255.0000,25.1755,0.0000,0.2589,0.2991,0.0000,0,0,0,0,0,0,0,0
9.9362,432.0000,10.6000,62.0000,255.0000,25.1028,0.0000,0.2583,0.2985,0.0000,0,0,0,0,0,0,0,0
9.9548,430.0000,10.5000,62.0000,255.0000,25.1406,0.0000,0.2581,0.2984,0.0000,0,0,0,0,0,0,0,0
9.9719,428.0000,10.3000,62.0000,255.0000,25.0737,0.0000,0.2582,0.2986,0.0000,0,0,0,0,0,0,0,0
9.9980,427.0000,10.1000,62.0000,255.0000,25.1754,0.0000,0.2588,0.2990,0.0000,0,0,0,0,0,0,0,0
10.0210,424.0000,9.8000,62.0000,255.0000,25.0445,0.0000,0.2577,0.2981,0.0000,0,0,0,0,0,0,0,0
10.0389,422.0000,9.6000,62.0000,255.0000,24.9566,0.0000,0.2581,0.2987,0.0000,0,0,0,0,0,0,0,0
10.0617,420.0000,9.5000,62.0000,255.0000,25.1900,0.0000,0.2585,0.2988,0.0000,0,0,0,0,0,0,0,0
10.0814,417.0000,9.2000,62.0000,255.0000,25.1229,0.0000,0.2581,0.2985,0.0000,0,0,0,0,0,0,0,0
10.1026,416.0000,9.0000,63.0000,255.0000,25.0680,0.0000,0.2583,0.2986,0.0000,0,0,0,0,0,0,0,0
10.1223,414.0000,8.9000,63.0000,255.0000,25.2936,0.0000,0.2588,0.2988,0.0000,0,0,0,0,0,0,0,0
10.1462,413.0000,8.8000,63.0000,255.0000,25.2616,0.0000,0.2590,0.2992,0.0000,0,0,0,0,0,0,0,0
10.1646,410.0000,8.5000,63.0000,255.0000,25.1542,0.0000,0.2584,0.2987,0.0000,0,0,0,0,0,0,0,0
10.1859,409.0000,8.4000,63.0000,255.0000,25.1847,0.0000,0.2585,0.2987,0.0000,0,0,0,0,0,0,0,0
10.2054,407.0000,8.2000,63.0000,255.0000,25.0617,0.0000,0.2580,0.2984,0.0000,0,0,0,0,0,0,0,0
10.2301,406.0000,8.1000,63.0000,255.0000,25.0657,0.0000,0.2588,0.2992,0.0000,0,0,0,0,0,0,0,0
10.2535,404.0000,7.9000,63.0000,255.0000,25.0446,0.0000,0.2583,0.2988,0.0000,0,0,0,0,0,0,0,0
10.2720,402.0000,7.8000,63.0000,255.0000,25.1848,0.0000,0.2583,0.2987,0.0000,0,0,0,0,0,0,0,0
10.3725,395.0000,7.1000,64.0000,255.0000,25.1983,0.0000,0.2582,0.2983,0.0000,0,0,0,0,0,0,0,0
10.3969,394.0000,7.0000,64.0000,255.0000,25.1190,0.0000,0.2584,0.2986,0.0000,0,0,0,0,0,0,0,0
10.4202,392.0000,6.8000,64.0000,255.0000,25.3986,0.0000,0.2594,0.2994,0.0000,0,0,0,0,0,0,0,0
10.4388,390.0000,6.8000,64.0000,255.0000,25.3191,0.0000,0.2590,0.2991,0.0000,0,0,0,0,0,0,0,0
10.4617,389.0000,6.7000,64.0000,255.0000,25.2767,0.0000,0.2588,0.2990,0.0000,0,0,0,0,0,0,0,0
10.4819,387.0000,6.5000,64.0000,255.0000,25.2281,0.0000,0.2580,0.2984,0.0000,0,0,0,0,0,0,0,0
10.5024,386.0000,6.4000,64.0000,255.0000,25.1938,0.0000,0.2586,0.2991,0.0000,0,0,0,0,0,0,0,0
10.5221,385.0000,6.3000,64.0000,255.0000,25.2168,0.0000,0.2586,0.2990,0.0000,0,0,0,0,0,0,0,0
10.5465,384.0000,6.2000,64.0000,255.0000,25.1568,0.0000,0.2586,0.2989,0.0000,0,0,0,0,0,0,0,0
10.5686,382.0000,6.1000,64.0000,255.0000,25.2195,0.0000,0.2585,0.2988,0.0000,0,0,0,0,0,0,0,0
10.5896,381.0000,6.0000,64.0000,255.0000,25.1115,0.0000,0.2586,0.2991,0.0000,0,0,0,0,0,0,0,0
10.6149,380.0000,5.9000,64.0000,255.0000,25.0410,0.0000,0.2584,0.2989,0.0000,0,0,0,0,0,0,0,0
10.6365,378.0000,5.8000,65.0000,255.0000,25.1951,0.0000,0.2584,0.2987,0.0000,0,0,0,0,0,0,0,0
10.6557,377.0000,5.7000,65.0000,255.0000,25.2473,0.0000,0.2589,0.2993,0.0000,0,0,0,0,0,0,0,0
10.6795,376.0000,5.6000,65.0000,255.0000,25.1633,0.0000,0.2586,0.2990,0.0000,0,0,0,0,0,0,0,0
10.6992,374.0000,5.5000,65.0000,255.0000,25.3752,0.0000,0.2585,0.2987,0.0000,0,0,0,0,0,0,0,0
10.7200,374.0000,5.4000,65.0000,255.0000,25.3603,0.0000,0.2588,0.2990,0.0000,0,0,0,0,0,0,0,0
10.7391,373.0000,5.4000,65.0000,255.0000,25.3659,0.0000,0.2588,0.2990,0.0000,0,0,0,0,0,0,0,0
10.7648,372.0000,5.3000,65.0000,255.0000,25.3589,0.0000,0.2592,0.2994,0.0000,0,0,0,0,0,0,0,0
10.7855,370.0000,5.2000,65.0000,255.0000,25.1576,0.0000,0.2580,0.2984,0.0000,0,0,0,0,0,0,0,0
10.8881,365.0000,4.8000,65.0000,255.0000,25.0119,0.0000,0.2585,0.2989,0.0000,0,0,0,0,0,0,0,0
10.9118,364.0000,4.8000,66.0000,255.0000,25.3034,0.0000,0.2587,0.2988,0.0000,0,0,0,0,0,0,0,0
10.9331,363.0000,4.7000,66.0000,255.0000,25.2295,0.0000,0.2582,0.2984,0.0000,0,0,0,0,0,0,0,0
10.9527,362.0000,4.6000,66.0000,255.0000,25.2085,0.0000,0.2587,0.2989,0.0000,0,0,0,0,0,0,0,0
10.9729,361.0000,4.6000,66.0000,255.0000,25.4282,0.0000,0.2593,0.2993,0.0000,0,0,0,0,0,0,0,0
10.9954,361.0000,4.5000,66.0000,255.0000,25.3796,0.0000,0.2592,0.2994,0.0000,0,0,0,0,0,0,0,0
11.0158,359.0000,4.4000,66.0000,255.0000,25.3188,0.0000,0.2589,0.2991,0.0000,0,0,0,0,0,0,0,0
11.0371,358.0000,4.4000,66.0000,255.0000,25.3694,0.0000,0.2589,0.2991,0.0000,0,0,0,0,0,0,0,0
11.0554,358.0000,4.3000,66.0000,255.0000,25.2627,0.0000,0.2587,0.2990,0.0000,0,0,0,0,0,0,0,0
11.0781,357.0000,4.3000,66.0000,255.0000,25.1934,0.0000,0.2587,0.2989,0.0000,0,0,0,0,0,0,0,0
11.1005,356.0000,4.2000,66.0000,255.0000,25.1228,0.0000,0.2586,0.2989,0.0000,0,0,0,0,0,0,0,0
11.1191,355.0000,4.2000,66.0000,255.0000,25.1808,0.0000,0.2586,0.2991,0.0000,0,0,0,0,0,0,0,0
11.1387,354.0000,4.2000,66.0000,255.0000,25.1934,0.0000,0.2584,0.2986,0.0000,0,0,0,0,0,0,0,0
11.1601,354.0000,4.2000,66.0000,255.0000,25.1379,0.0000,0.2584,0.2987,0.0000,0,0,0,0,0,0,0,0
11.1823,352.0000,4.2000,67.0000,255.0000,25.3383,0.0000,0.2584,0.2987,0.0000,0,0,0,0,0,0,0,0
11.2024,351.0000,4.2000,67.0000,255.0000,25.2520,0.0000,0.2585,0.2988,0.0000,0,0,0,0,0,0,0,0
11.2213,351.0000,4.2000,67.0000,255.0000,25.3202,0.0000,0.2588,0.2991,0.0000,0,0,0,0,0,0,0,0
11.2385,350.0000,4.2000,67.0000,255.0000,25.2640,0.0000,0.2584,0.2987,0.0000,0,0,0,0,0,0,0,0
11.2655,349.0000,4.2000,67.0000,255.0000,25.4813,0.0000,0.2590,0.2991,0.0000,0,0,0,0,0,0,0,0
11.2856,348.0000,4.2000,67.0000,255.0000,25.4357,0.0000,0.2585,0.2986,0.0000,0,0,0,0,0,0,0,0
11.3863,344.0000,4.2000,67.0000,255.0000,25.2253,0.0000,0.2581,0.2986,0.0000,0,0,0,0,0,0,0,0
11.4053,343.0000,4.2000,67.0000,255.0000,25.3216,0.0000,0.2585,0.2990,0.0000,0,0,0,0,0,0,0,0
11.4282,342.0000,4.2000,67.0000,255.0000,25.2557,0.0000,0.2582,0.2987,0.0000,0,0,0,0,0,0,0,0
11.4498,341.0000,4.2000,68.0000,255.0000,25.1059,0.0000,0.2578,0.2985,0.0000,0,0,0,0,0,0,0,0
11.4695,340.0000,4.2000,68.0000,255.0000,25.3837,0.0000,0.2583,0.2987,0.0000,0,0,0,0,0,0,0,0
11.4886,340.0000,4.2000,68.0000,255.0000,25.3061,0.0000,0.2577,0.2982,0.0000,0,0,0,0,0,0,0,0
11.5132,339.0000,4.2000,68.0000,255.0000,25.4149,0.0000,0.2584,0.2988,0.0000,0,0,0,0,0,0,0,0
11.5358,337.0000,4.2000,68.0000,255.0000,25.8628,0.0000,0.2594,0.2994,0.0000,0,0,0,0,0,0,0,0
11.5578,337.0000,4.2000,68.0000,255.0000,26.0067,0.0000,0.2599,0.2997,0.0000,0,0,0,0,0,0,0,0
11.5800,336.0000,4.2000,68.0000,255.0000,26.0725,0.0000,0.2600,0.2997,0.0000,0,0,0,0,0,0,0,0
11.6035,335.0000,4.2000,68.0000,255.0000,26.0948,0.0000,0.2598,0.2995,0.0000,0,0,0,0,0,0,0,0
11.6226,334.0000,4.2000,68.0000,255.0000,26.0816,0.0000,0.2598,0.2995,0.0000,0,0,0,0,0,0,0,0
11.6431,333.0000,4.2000,68.0000,255.0000,26.0567,0.0000,0.2594,0.2991,0.0000,0,0,0,0,0,0,0,0
11.6644,332.0000,4.2000,68.0000,255.0000,25.9926,0.0000,0.2596,0.2995,0.0000,0,0,0,0,0,0,0,0
11.6844,331.0000,4.2000,68.0000,255.0000,26.0839,0.0000,0.2593,0.2991,0.0000,0,0,0,0,0,0,0,0
11.7066,331.0000,4.2000,69.0000,255.0000,26.0170,0.0000,0.2593,0.2992,0.0000,0,0,0,0,0,0,0,0
11.7290,330.0000,4.2000,69.0000,255.0000,25.9167,0.0000,0.2590,0.2991,0.0000,0,0,0,0,0,0,0,0
11.7488,328.0000,4.2000,69.0000,255.0000,26.0195,0.0000,0.2599,0.2996,0.0000,0,0,0,0,0,0,0,0
11.7691,328.0000,4.2000,69.0000,255.0000,26.0946,0.0000,0.2597,0.2994,0.0000,0,0,0,0,0,0,0,0
11.7887,327.0000,4.2000,69.0000,255.0000,26.1662,0.0000,0.2596,0.2993,0.0000,0,0,0,0,0,0,0,0
11.8887,323.0000,4.2000,69.0000,255.0000,26.1770,0.0000,0.2600,0.2996,0.0000,0,0,0,0,0,0,0,0
11.9118,322.0000,4.2000,69.0000,255.0000,26.1459,0.0000,0.2598,0.2995,0.0000,0,0,0,0,0,0,0,0
11.9338,321.0000,4.2000,69.0000,255.0000,26.1456,0.0000,0.2595,0.2992,0.0000,0,0,0,0,0,0,0,0
11.9529,320.0000,4.2000,69.0000,255.0000,26.0223,0.0000,0.2592,0.2990,0.0000,0,0,0,0,0,0,0,0
11.9716,319.0000,4.2000,70.0000,255.0000,26.2025,0.0000,0.2599,0.2995,0.0000,0,0,0,0,0,0,0,0
11.9955,319.0000,4.2000,70.0000,255.0000,26.1000,0.0000,0.2594,0.2992,0.0000,0,0,0,0,0,0,0,0
12.0141,317.0000,4.2000,70.0000,255.0000,25.7664,0.0000,0.2593,0.2993,0.0000,0,0,0,0,0,0,0,0
12.0355,317.0000,4.2000,70.0000,255.0000,26.0887,0.0000,0.2597,0.2995,0.0000,0,0,0,0,0,0,0,0
12.0568,316.0000,4.2000,70.0000,255.0000,26.1635,0.0000,0.2595,0.2992,0.0000,0,0,0,0,0,0,0,0
12.0794,315.0000,4.2000,70.0000,255.0000,26.2901,0.0000,0.2602,0.2998,0.0000,0,0,0,0,0,0,0,0
12.1000,314.0000,4.2000,70.0000,255.0000,26.4695,0.0000,0.2608,0.3003,0.0000,0,0,0,0,0,0,0,0
12.1198,313.0000,4.2000,70.0000,255.0000,26.3984,0.0000,0.2608,0.3004,0.0000,0,0,0,0,0,0,0,0
12.1389,312.0000,4.2000,70.0000,255.0000,26.2313,0.0000,0.2603,0.2999,0.0000,0,0,0,0,0,0,0,0
12.1637,312.0000,4.2000,70.0000,255.0000,26.2142,0.0000,0.2603,0.2999,0.0000,0,0,0,0,0,0,0,0
12.1852,310.0000,4.2000,70.0000,255.0000,26.1679,0.0000,0.2597,0.2994,0.0000,0,0,0,0,0,0,0,0
12.2048,310.0000,4.2000,70.0000,255.0000,26.1735,0.0000,0.2599,0.2996,0.0000,0,0,0,0,0,0,0,0
12.2303,309.0000,4.2000,70.0000,255.0000,26.1229,0.0000,0.2599,0.2996,0.0000,0,0,0,0,0,0,0,0
12.2524,308.0000,4.2000,71.0000,255.0000,26.1790,0.0000,0.2605,0.3001,0.0000,0,0,0,0,0,0,0,0
12.2729,307.0000,4.2000,71.0000,255.0000,26.0462,0.0000,0.2601,0.2999,0.0000,0,0,0,0,0,0,0,0
12.2961,306.0000,4.2000,71.0000,255.0000,25.9611,0.0000,0.2594,0.2994,0.0000,0,0,0,0,0,0,0,0
12.3964,302.0000,4.2000,71.0000,255.0000,26.0668,0.0000,0.2604,0.2999,0.0000,0,0,0,0,0,0,0,0
12.4218,301.0000,4.2000,71.0000,255.0000,25.5900,0.0000,0.2591,0.2993,0.0000,0,0,0,0,0,0,0,0
12.4443,300.0000,4.2000,71.0000,255.0000,25.4912,0.0000,0.2589,0.2991,0.0000,0,0,0,0,0,0,0,0
12.4664,298.0000,4.2000,71.0000,255.0000,25.3155,0.0000,0.2590,0.2993,0.0000,0,0,0,0,0,0,0,0
12.4851,298.0000,4.2000,71.0000,255.0000,25.2595,0.0000,0.2582,0.2985,0.0000,0,0,0,0,0,0,0,0
12.5055,297.0000,4.2000,72.0000,255.0000,25.2338,0.0000,0.2583,0.2986,0.0000,0,0,0,0,0,0,0,0
12.5278,296.0000,4.2000,72.0000,255.0000,25.1544,0.0000,0.2586,0.2990,0.0000,0,0,0,0,0,0,0,0
12.5495,295.0000,4.2000,72.0000,255.0000,25.2091,0.0000,0.2586,0.2990,0.0000,0,0,0,0,0,0,0,0
12.5684,294.0000,4.2000,72.0000,255.0000,25.1018,0.0000,0.2586,0.2990,0.0000,0,0,0,0,0,0,0,0
12.5878,294.0000,4.2000,72.0000,255.0000,25.0222,0.0000,0.2586,0.2991,0.0000,0,0,0,0,0,0,0,0
12.6048,293.0000,4.2000,72.0000,255.0000,25.2718,0.0000,0.2590,0.2993,0.0000,0,0,0,0,0,0,0,0
12.6298,292.0000,4.2000,72.0000,255.0000,25.1832,0.0000,0.2590,0.2993,0.0000,0,0,0,0,0,0,0,0
12.6515,291.0000,4.2000,72.0000,255.0000,25.1461,0.0000,0.2594,0.2996,0.0000,0,0,0,0,0,0,0,0
12.6721,290.0000,4.2000,72.0000,255.0000,25.3670,0.0000,0.2595,0.2996,0.0000,0,0,0,0,0,0,0,0
12.6957,289.0000,4.2000,72.0000,255.0000,25.3325,0.0000,0.2597,0.3000,0.0000,0,0,0,0,0,0,0,0
12.7144,288.0000,4.2000,72.0000,255.0000,25.3496,0.0000,0.2597,0.3001,0.0000,0,0,0,0,0,0,0,0
12.7360,287.0000,4.2000,72.0000,255.0000,25.3422,0.0000,0.2595,0.2997,0.0000,0,0,0,0,0,0,0,0
12.7548,287.0000,4.2000,72.0000,255.0000,25.1633,0.0000,0.2591,0.2996,0.0000,0,0,0,0,0,0,0,0
12.7781,286.0000,4.2000,73.0000,255.0000,25.0809,0.0000,0.2594,0.2999,0.0000,0,0,0,0,0,0,0,0
12.7992,285.0000,4.2000,73.0000,255.0000,25.0376,0.0000,0.2595,0.2999,0.0000,0,0,0,0,0,0,0,0
12.8972,281.0000,4.2000,73.0000,255.0000,25.1440,0.0000,0.2594,0.2999,0.0000,0,0,0,0,0,0,0,0
12.9185,280.0000,4.2000,73.0000,255.0000,25.0956,0.0000,0.2591,0.2996,0.0000,0,0,0,0,0,0,0,0
12.9394,279.0000,4.2000,73.0000,255.0000,25.0455,0.0000,0.2588,0.2993,0.0000,0,0,0,0,0,0,0,0
12.9593,278.0000,4.2000,73.0000,255.0000,25.2812,0.0000,0.2594,0.2998,0.0000,0,0,0,0,0,0,0,0
12.9824,277.0000,4.2000,73.0000,255.0000,25.2293,0.0000,0.2592,0.2997,0.0000,0,0,0,0,0,0,0,0
13.0016,276.0000,4.2000,73.0000,255.0000,25.2183,0.0000,0.2592,0.2996,0.0000,0,0,0,0,0,0,0,0
13.0222,275.0000,4.2000,73.0000,255.0000,25.2460,0.0000,0.2601,0.3004,0.0000,0,0,0,0,0,0,0,0
13.0451,275.0000,4.2000,74.0000,255.0000,25.0308,0.0000,0.2589,0.2996,0.0000,0,0,0,0,0,0,0,0
13.0667,273.0000,4.2000,74.0000,255.0000,24.9954,0.0000,0.2591,0.2999,0.0000,0,0,0,0,0,0,0,0
13.0842,273.0000,4.2000,74.0000,255.0000,24.9322,0.0000,0.2592,0.2999,0.0000,0,0,0,0,0,0,0,0
13.1049,272.0000,4.2000,74.0000,255.0000,25.0564,0.0000,0.2591,0.2998,0.0000,0,0,0,0,0,0,0,0
13.1279,271.0000,4.2000,74.0000,255.0000,25.0003,0.0000,0.2597,0.3005,0.0000,0,0,0,0,0,0,0,0
13.1492,270.0000,4.2000,74.0000,255.0000,24.8485,0.0000,0.2595,0.3003,0.0000,0,0,0,0,0,0,0,0
13.1687,269.0000,4.2000,74.0000,255.0000,25.0967,0.0000,0.2598,0.3004,0.0000,0,0,0,0,0,0,0,0
13.1887,269.0000,4.2000,74.0000,255.0000,24.9969,0.0000,0.2594,0.3003,0.0000,0,0,0,0,0,0,0,0
13.2106,268.0000,4.2000,74.0000,255.0000,25.0370,0.0000,0.2599,0.3005,0.0000,0,0,0,0,0,0,0,0
13.2335,266.0000,4.2000,74.0000,255.0000,25.2118,0.0000,0.2605,0.3009,0.0000,0,0,0,0,0,0,0,0
13.2521,266.0000,4.2000,74.0000,255.0000,25.1272,0.0000,0.2597,0.3002,0.0000,0,0,0,0,0,0,0,0
13.2718,265.0000,4.2000,74.0000,255.0000,25.1241,0.0000,0.2611,0.3015,0.0000,0,0,0,0,0,0,0,0
13.2933,264.0000,4.2000,74.0000,255.0000,25.1169,0.0000,0.2610,0.3014,0.0000,0,0,0,0,0,0,0,0
13.3170,263.0000,4.2000,75.0000,255.0000,25.0439,0.0000,0.2608,0.3013,0.0000,0,0,0,0,0,0,0,0
13.4155,259.0000,4.2000,75.0000,255.0000,24.9309,0.0000,0.2603,0.3008,0.0000,0,0,0,0,0,0,0,0
13.4362,258.0000,4.2000,75.0000,255.0000,24.8391,0.0000,0.2607,0.3013,0.0000,0,0,0,0,0,0,0,0
13.4563,257.0000,4.2000,75.0000,255.0000,25.0795,0.0000,0.2611,0.3014,0.0000,0,0,0,0,0,0,0,0
13.4787,257.0000,4.2000,75.0000,255.0000,25.0220,0.0000,0.2609,0.3014,0.0000,0,0,0,0,0,0,0,0
13.4999,255.0000,4.2000,75.0000,255.0000,24.9731,0.0000,0.2612,0.3017,0.0000,0,0,0,0,0,0,0,0
13.5184,255.0000,4.2000,75.0000,255.0000,25.2070,0.0000,0.2615,0.3018,0.0000,0,0,0,0,0,0,0,0
13.5383,254.0000,4.2000,75.0000,255.0000,25.2389,0.0000,0.2615,0.3018,0.0000,0,0,0,0,0,0,0,0
13.5608,253.0000,4.2000,75.0000,255.0000,25.2478,0.0000,0.2617,0.3020,0.0000,0,0,0,0,0,0,0,0
13.5816,252.0000,4.2000,76.0000,255.0000,25.2425,0.0000,0.2617,0.3020,0.0000,0,0,0,0,0,0,0,0
13.6023,251.0000,4.2000,76.0000,255.0000,25.0565,0.0000,0.2612,0.3019,0.0000,0,0,0,0,0,0,0,0
13.6222,250.0000,4.2000,76.0000,255.0000,24.9999,0.0000,0.2613,0.3020,0.0000,0,0,0,0,0,0,0,0
13.6449,250.0000,4.2000,76.0000,255.0000,25.0129,0.0000,0.2617,0.3023,0.0000,0,0,0,0,0,0,0,0
13.6655,248.0000,4.2000,76.0000,255.0000,25.0665,0.0000,0.2617,0.3022,0.0000,0,0,0,0,0,0,0,0
13.6847,248.0000,4.2000,76.0000,255.0000,25.0545,0.0000,0.2612,0.3018,0.0000,0,0,0,0,0,0,0,0
13.7054,247.0000,4.2000,76.0000,255.0000,24.9910,0.0000,0.2612,0.3019,0.0000,0,0,0,0,0,0,0,0
13.7282,246.0000,4.2000,76.0000,255.0000,24.9231,0.0000,0.2604,0.3011,0.0000,0,0,0,0,0,0,0,0
13.7484,245.0000,4.2000,76.0000,255.0000,25.0505,0.0000,0.2617,0.3022,0.0000,0,0,0,0,0,0,0,0
13.7699,244.0000,4.2000,76.0000,255.0000,25.0752,0.0000,0.2613,0.3017,0.0000,0,0,0,0,0,0,0,0
13.7896,243.0000,4.2000,76.0000,255.0000,24.9859,0.0000,0.2612,0.3017,0.0000,0,0,0,0,0,0,0,0
13.8121,243.0000,4.2000,76.0000,255.0000,25.2010,0.0000,0.2623,0.3027,0.0000,0,0,0,0,0,0,0,0
13.8327,241.0000,4.2000,77.0000,255.0000,25.1248,0.0000,0.2623,0.3025,0.0000,0,0,0,0,0,0,0,0
13.9309,238.0000,4.2000,77.0000,255.0000,25.0212,0.0000,0.2617,0.3021,0.0000,0,0,0,0,0,0,0,0
13.9522,236.0000,4.2000,77.0000,255.0000,25.0536,0.0000,0.2613,0.3017,0.0000,0,0,0,0,0,0,0,0
13.9724,236.0000,4.2000,77.0000,255.0000,25.0445,0.0000,0.2616,0.3021,0.0000,0,0,0,0,0,0,0,0
13.9942,235.0000,4.2000,77.0000,255.0000,24.9342,0.0000,0.2611,0.3018,0.0000,0,0,0,0,0,0,0,0
14.0164,234.0000,4.2000,77.0000,255.0000,25.0397,0.0000,0.2620,0.3025,0.0000,0,0,0,0,0,0,0,0
14.0351,233.0000,4.2000,77.0000,255.0000,24.9490,0.0000,0.2620,0.3025,0.0000,0,0,0,0,0,0,0,0
14.0555,232.0000,4.2000,77.0000,255.0000,24.9430,0.0000,0.2620,0.3024,0.0000,0,0,0,0,0,0,0,0
14.0786,232.0000,4.2000,77.0000,255.0000,24.9048,0.0000,0.2618,0.3023,0.0000,0,0,0,0,0,0,0,0
14.0990,230.0000,4.2000,78.0000,255.0000,25.1191,0.0000,0.2629,0.3030,0.0000,0,0,0,0,0,0,0,0
14.1188,230.0000,4.2000,78.0000,255.0000,25.0943,0.0000,0.2624,0.3025,0.0000,0,0,0,0,0,0,0,0
14.1387,229.0000,4.2000,78.0000,255.0000,25.0801,0.0000,0.2630,0.3030,0.0000,0,0,0,0,0,0,0,0
14.1611,228.0000,4.2000,78.0000,255.0000,25.1182,0.0000,0.2627,0.3027,0.0000,0,0,0,0,0,0,0,0
14.1814,227.0000,4.2000,78.0000,255.0000,24.8673,0.0000,0.2624,0.3028,0.0000,0,0,0,0,0,0,0,0
14.2014,226.0000,4.2000,78.0000,255.0000,24.8580,0.0000,0.2627,0.3029,0.0000,0,0,0,0,0,0,0,0
14.2221,225.0000,4.2000,78.0000,255.0000,24.8147,0.0000,0.2631,0.3033,0.0000,0,0,0,0,0,0,0,0
14.2437,225.0000,4.2000,78.0000,255.0000,24.9336,0.0000,0.2634,0.3033,0.0000,0,0,0,0,0,0,0,0
14.2662,225.0000,0.0000,78.0000,255.0000,24.8626,0.0000,0.2628,0.3029,0.0000,0,0,0,0,0,0,0,0
14.2853,225.0000,0.0000,78.0000,255.0000,24.7971,0.0000,0.2629,0.3031,0.0000,0,0,0,0,0,0,0,0
14.3055,225.0000,0.0000,78.0000,255.0000,25.0374,0.0000,0.2637,0.3036,0.0000,0,0,0,0,0,0,0,0
14.3278,225.0000,0.0000,78.0000,255.0000,24.9087,0.0000,0.2631,0.3032,0.0000,0,0,0,0,0,0,0,0
14.3491,225.0000,0.0000,78.0000,255.0000,24.8836,0.0000,0.2620,0.3024,0.0000,0,0,0,0,0,0,0,0
14.4472,225.0000,0.0000,79.0000,255.0000,25.3134,0.0000,0.2606,0.3010,0.0000,0,0,0,0,0,0,0,0
14.4682,225.0000,0.0000,79.0000,255.0000,25.1635,0.0000,0.2603,0.3009,0.0000,0,0,0,0,0,0,0,0
14.4883,225.0000,0.0000,79.0000,255.0000,25.1998,0.0000,0.2600,0.3006,0.0000,0,0,0,0,0,0,0,0
14.5090,225.0000,0.0000,79.0000,255.0000,25.1461,0.0000,0.2594,0.3000,0.0000,0,0,0,0,0,0,0,0
14.5328,225.0000,0.0000,79.0000,255.0000,25.3013,0.0000,0.2597,0.3002,0.0000,0,0,0,0,0,0,0,0
14.5518,225.0000,0.0000,79.0000,255.0000,25.1961,0.0000,0.2588,0.2996,0.0000,0,0,0,0,0,0,0,0
14.5735,225.0000,0.0000,79.0000,255.0000,25.1394,0.0000,0.2589,0.2996,0.0000,0,0,0,0,0,0,0,0
14.5943,225.0000,0.0000,79.0000,255.0000,25.4649,0.0000,0.2593,0.2998,0.0000,0,0,0,0,0,0,0,0
14.6142,225.0000,0.0000,79.0000,255.0000,25.3934,0.0000,0.2587,0.2992,0.0000,0,0,0,0,0,0,0,0
14.6358,225.0000,0.0000,80.0000,255.0000,25.4632,0.0000,0.2589,0.2993,0.0000,0,0,0,0,0,0,0,0
14.6544,225.0000,0.0000,80.0000,255.0000,25.9733,0.0000,0.2600,0.3000,0.0000,0,0,0,0,0,0,0,0
14.6778,225.0000,0.0000,80.0000,255.0000,26.1480,0.0000,0.2606,0.3005,0.0000,0,0,0,0,0,0,0,0
14.6984,225.0000,0.0000,80.0000,255.0000,26.2319,0.0000,0.2603,0.3001,0.0000,0,0,0,0,0,0,0,0
14.7200,225.0000,0.0000,80.0000,255.0000,26.2182,0.0000,0.2603,0.3000,0.0000,0,0,0,0,0,0,0,0
14.7394,225.0000,0.0000,80.0000,255.0000,26.1826,0.0000,0.2605,0.3000,0.0000,0,0,0,0,0,0,0,0
14.7617,225.0000,0.0000,80.0000,255.0000,26.1851,0.0000,0.2602,0.2998,0.0000,0,0,0,0,0,0,0,0
14.7826,225.0000,0.0000,80.0000,255.0000,26.0537,0.0000,0.2602,0.2998,0.0000,0,0,0,0,0,0,0,0
14.8021,225.0000,0.0000,80.0000,255.0000,26.2228,0.0000,0.2605,0.2999,0.0000,0,0,0,0,0,0,0,0
14.8214,225.0000,0.0000,80.0000,255.0000,26.1053,0.0000,0.2604,0.3000,0.0000,0,0,0,0,0,0,0,0
14.8442,225.0000,0.0000,80.0000,255.0000,26.0210,0.0000,0.2604,0.3000,0.0000,0,0,0,0,0,0,0,0
14.8660,225.0000,0.0000,80.0000,255.0000,26.0846,0.0000,0.2603,0.2999,0.0000,0,0,0,0,0,0,0,0
14.9680,225.0000,0.0000,81.0000,255.0000,26.2005,0.0000,0.2610,0.3004,0.0000,0,0,0,0,0,0,0,0
14.9892,225.0000,0.0000,81.0000,255.0000,26.1902,0.0000,0.2609,0.3005,0.0000,0,0,0,0,0,0,0,0
15.0092,225.0000,0.0000,81.0000,255.0000,26.1394,0.0000,0.2606,0.3002,0.0000,0,0,0,0,0,0,0,0
15.0331,225.0000,0.0000,81.0000,255.0000,25.7489,0.0000,0.2600,0.3000,0.0000,0,0,0,0,0,0,0,0
15.0511,225.0000,0.0000,81.0000,255.0000,25.5469,0.0000,0.2593,0.2995,0.0000,0,0,0,0,0,0,0,0
15.0716,225.0000,0.0000,81.0000,255.0000,25.3337,0.0000,0.2589,0.2993,0.0000,0,0,0,0,0,0,0,0
15.0954,225.0000,0.0000,81.0000,255.0000,25.3853,0.0000,0.2592,0.2994,0.0000,0,0,0,0,0,0,0,0
15.1161,225.0000,0.0000,81.0000,255.0000,25.2149,0.0000,0.2592,0.2996,0.0000,0,0,0,0,0,0,0,0
15.1346,225.0000,0.0000,81.0000,255.0000,25.1303,0.0000,0.2588,0.2992,0.0000,0,0,0,0,0,0,0,0
15.1555,225.0000,0.0000,81.0000,255.0000,25.3431,0.0000,0.2598,0.2999,0.0000,0,0,0,0,0,0,0,0
15.1773,225.0000,0.0000,82.0000,255.0000,25.2545,0.0000,0.2593,0.2996,0.0000,0,0,0,0,0,0,0,0
15.2001,225.0000,0.0000,82.0000,255.0000,25.1903,0.0000,0.2595,0.2999,0.0000,0,0,0,0,0,0,0,0
15.2204,225.0000,0.0000,82.0000,255.0000,25.5174,0.0000,0.2604,0.3003,0.0000,0,0,0,0,0,0,0,0
15.2382,225.0000,0.0000,82.0000,255.0000,25.4607,0.0000,0.2599,0.3000,0.0000,0,0,0,0,0,0,0,0
15.2617,225.0000,0.0000,82.0000,255.0000,25.4407,0.0000,0.2601,0.3002,0.0000,0,0,0,0,0,0,0,0
15.2811,225.0000,0.0000,82.0000,255.0000,25.4127,0.0000,0.2600,0.3001,0.0000,0,0,0,0,0,0,0,0
15.3010,225.0000,0.0000,82.0000,255.0000,25.2480,0.0000,0.2598,0.2998,0.0000,0,0,0,0,0,0,0,0
15.3212,225.0000,0.0000,82.0000,255.0000,25.2248,0.0000,0.2596,0.2999,0.0000,0,0,0,0,0,0,0,0
15.3457,225.0000,0.0000,82.0000,255.0000,25.2163,0.0000,0.2596,0.2998,0.0000,0,0,0,0,0,0,0,0
15.3643,225.0000,0.0000,82.0000,255.0000,25.2850,0.0000,0.2597,0.2999,0.0000,0,0,0,0,0,0,0,0
15.3846,225.0000,0.0000,82.0000,255.0000,25.2522,0.0000,0.2596,0.2996,0.0000,0,0,0,0,0,0,0,0
15.4833,225.0000,0.0000,83.0000,255.0000,25.2179,0.0000,0.2595,0.2997,0.0000,0,0,0,0,0,0,0,0
15.5016,225.0000,0.0000,83.0000,255.0000,25.4763,0.0000,0.2597,0.2998,0.0000,0,0,0,0,0,0,0,0
15.5213,225.0000,0.0000,83.0000,255.0000,25.4389,0.0000,0.2602,0.3004,0.0000,0,0,0,0,0,0,0,0
15.5427,225.0000,0.0000,83.0000,255.0000,25.4214,0.0000,0.2597,0.2999,0.0000,0,0,0,0,0,0,0,0
15.5642,225.0000,0.0000,83.0000,255.0000,25.4136,0.0000,0.2597,0.2997,0.0000,0,0,0,0,0,0,0,0
15.5847,225.0000,0.0000,83.0000,255.0000,25.2625,0.0000,0.2593,0.2996,0.0000,0,0,0,0,0,0,0,0
15.6043,225.0000,0.0000,83.0000,255.0000,25.2159,0.0000,0.2598,0.3001,0.0000,0,0,0,0,0,0,0,0
15.6213,225.0000,0.0000,83.0000,255.0000,25.2480,0.0000,0.2596,0.2999,0.0000,0,0,0,0,0,0,0,0
15.6456,225.0000,0.0000,83.0000,255.0000,25.1875,0.0000,0.2593,0.2997,0.0000,0,0,0,0,0,0,0,0
15.6653,225.0000,0.0000,83.0000,255.0000,25.2817,0.0000,0.2598,0.3000,0.0000,0,0,0,0,0,0,0,0
15.6849,225.0000,0.0000,83.0000,255.0000,25.1327,0.0000,0.2600,0.3003,0.0000,0,0,0,0,0,0,0,0
15.7045,225.0000,0.0000,84.0000,255.0000,25.0656,0.0000,0.2593,0.2996,0.0000,0,0,0,0,0,0,0,0
15.7275,225.0000,0.0000,84.0000,255.0000,25.3548,0.0000,0.2602,0.3004,0.0000,0,0,0,0,0,0,0,0
15.7494,225.0000,0.0000,84.0000,255.0000,25.2377,0.0000,0.2602,0.3004,0.0000,0,0,0,0,0,0,0,0
15.7676,225.0000,0.0000,84.0000,255.0000,25.1402,0.0000,0.2591,0.2994,0.0000,0,0,0,0,0,0,0,0
15.7886,225.0000,0.0000,84.0000,255.0000,25.4362,0.0000,0.2604,0.3004,0.0000,0,0,0,0,0,0,0,0
15.8114,225.0000,0.0000,84.0000,255.0000,25.3827,0.0000,0.2595,0.2996,0.0000,0,0,0,0,0,0,0,0
15.8335,225.0000,0.0000,84.0000,255.0000,25.3433,0.0000,0.2607,0.3006,0.0000,0,0,0,0,0,0,0,0
15.8515,225.0000,0.0000,84.0000,255.0000,25.3734,0.0000,0.2605,0.3004,0.0000,0,0,0,0,0,0,0,0
15.8715,225.0000,0.0000,84.0000,255.0000,25.1838,0.0000,0.2601,0.3003,0.0000,0,0,0,0,0,0,0,0
15.8930,225.0000,0.0000,84.0000,255.0000,25.1001,0.0000,0.2592,0.2994,0.0000,0,0,0,0,0,0,0,0
15.9893,225.0000,0.0000,85.0000,255.0000,24.9821,0.0000,0.2597,0.2997,0.0000,0,0,0,0,0,0,0,0
16.0096,225.0000,0.0000,85.0000,255.0000,25.2017,0.0000,0.2600,0.3000,0.0000,0,0,0,0,0,0,0,0
16.0345,225.0000,0.0000,85.0000,255.0000,25.2172,0.0000,0.2602,0.3003,0.0000,0,0,0,0,0,0,0,0
16.0560,225.0000,0.0000,85.0000,255.0000,25.1758,0.0000,0.2602,0.3002,0.0000,0,0,0,0,0,0,0,0
16.0761,225.0000,0.0000,85.0000,255.0000,25.4395,0.0000,0.2606,0.3004,0.0000,0,0,0,0,0,0,0,0
16.0988,225.0000,0.0000,85.0000,255.0000,25.3695,0.0000,0.2606,0.3005,0.0000,0,0,0,0,0,0,0,0
16.1171,225.0000,0.0000,85.0000,255.0000,25.3588,0.0000,0.2605,0.3004,0.0000,0,0,0,0,0,0,0,0
16.1379,225.0000,0.0000,85.0000,255.0000,25.3994,0.0000,0.2604,0.3003,0.0000,0,0,0,0,0,0,0,0
16.1603,225.0000,0.0000,85.0000,255.0000,25.2154,0.0000,0.2597,0.3000,0.0000,0,0,0,0,0,0,0,0
16.1818,225.0000,0.0000,85.0000,255.0000,25.2218,0.0000,0.2590,0.2993,0.0000,0,0,0,0,0,0,0,0
16.2016,225.0000,0.0000,85.0000,255.0000,25.1425,0.0000,0.2591,0.2995,0.0000,0,0,0,0,0,0,0,0
16.2210,225.0000,0.0000,85.0000,255.0000,25.2575,0.0000,0.2600,0.3003,0.0000,0,0,0,0,0,0,0,0
16.2446,225.0000,0.0000,86.0000,255.0000,25.2093,0.0000,0.2595,0.2998,0.0000,0,0,0,0,0,0,0,0
16.2664,225.0000,0.0000,86.0000,255.0000,25.0455,0.0000,0.2593,0.2995,0.0000,0,0,0,0,0,0,0,0
16.2854,225.0000,0.0000,86.0000,255.0000,25.2634,0.0000,0.2596,0.2997,0.0000,0,0,0,0,0,0,0,0
16.3049,225.0000,0.0000,86.0000,255.0000,25.2228,0.0000,0.2598,0.3000,0.0000,0,0,0,0,0,0,0,0
16.3280,225.0000,0.0000,86.0000,255.0000,25.2197,0.0000,0.2600,0.3001,0.0000,0,0,0,0,0,0,0,0
16.3474,225.0000,0.0000,86.0000,255.0000,25.5365,0.0000,0.2604,0.3001,0.0000,0,0,0,0,0,0,0,0
16.3682,225.0000,0.0000,86.0000,255.0000,25.5273,0.0000,0.2605,0.3002,0.0000,0,0,0,0,0,0,0,0
16.3885,225.0000,0.0000,86.0000,255.0000,25.4801,0.0000,0.2606,0.3003,0.0000,0,0,0,0,0,0,0,0
16.4106,225.0000,0.0000,86.0000,255.0000,25.3969,0.0000,0.2603,0.3002,0.0000,0,0,0,0,0,0,0,0
16.5124,225.0000,0.0000,87.0000,255.0000,25.3933,0.0000,0.2600,0.3000,0.0000,0,0,0,0,0,0,0,0
16.5331,225.0000,0.0000,87.0000,255.0000,25.2254,0.0000,0.2593,0.2994,0.0000,0,0,0,0,0,0,0,0
16.5517,225.0000,0.0000,87.0000,255.0000,25.1367,0.0000,0.2592,0.2993,0.0000,0,0,0,0,0,0,0,0
16.5720,225.0000,0.0000,87.0000,255.0000,25.4279,0.0000,0.2596,0.2995,0.0000,0,0,0,0,0,0,0,0
16.5946,225.0000,0.0000,87.0000,255.0000,25.3341,0.0000,0.2597,0.2999,0.0000,0,0,0,0,0,0,0,0
16.6164,225.0000,0.0000,87.0000,255.0000,25.3610,0.0000,0.2596,0.2997,0.0000,0,0,0,0,0,0,0,0
16.6353,225.0000,0.0000,87.0000,255.0000,25.6448,0.0000,0.2601,0.3000,0.0000,0,0,0,0,0,0,0,0
16.6547,225.0000,0.0000,87.0000,255.0000,25.6516,0.0000,0.2604,0.3002,0.0000,0,0,0,0,0,0,0,0
16.6775,225.0000,0.0000,87.0000,255.0000,25.6243,0.0000,0.2601,0.3000,0.0000,0,0,0,0,0,0,0,0
16.6992,225.0000,0.0000,87.0000,255.0000,25.5951,0.0000,0.2601,0.3001,0.0000,0,0,0,0,0,0,0,0
16.7179,225.0000,0.0000,87.0000,255.0000,25.4599,0.0000,0.2602,0.3001,0.0000,0,0,0,0,0,0,0,0
16.7383,225.0000,0.0000,87.0000,255.0000,25.4302,0.0000,0.2598,0.2999,0.0000,0,0,0,0,0,0,0,0
16.7607,225.0000,0.0000,87.0000,255.0000,25.4429,0.0000,0.2601,0.3000,0.0000,0,0,0,0,0,0,0,0
16.7812,225.0000,0.0000,88.0000,255.0000,25.5249,0.0000,0.2602,0.3001,0.0000,0,0,0,0,0,0,0,0
16.8009,225.0000,0.0000,88.0000,255.0000,25.4819,0.0000,0.2594,0.2994,0.0000,0,0,0,0,0,0,0,0
16.8212,225.0000,0.0000,88.0000,255.0000,25.3638,0.0000,0.2594,0.2994,0.0000,0,0,0,0,0,0,0,0
16.8426,225.0000,0.0000,88.0000,255.0000,25.2396,0.0000,0.2595,0.2996,0.0000,0,0,0,0,0,0,0,0
16.8648,225.0000,0.0000,88.0000,255.0000,25.4579,0.0000,0.2599,0.3000,0.0000,0,0,0,0,0,0,0,0
16.8846,225.0000,0.0000,88.0000,255.0000,25.4927,0.0000,0.2594,0.2994,0.0000,0,0,0,0,0,0,0,0
16.9046,225.0000,0.0000,88.0000,255.0000,25.4335,0.0000,0.2599,0.3000,0.0000,0,0,0,0,0,0,0,0
16.9280,225.0000,0.0000,88.0000,255.0000,25.7405,0.0000,0.2603,0.3000,0.0000,0,0,0,0,0,0,0,0
17.0294,225.0000,0.0000,88.0000,255.0000,25.4177,0.0000,0.2599,0.2998,0.0000,0,0,0,0,0,0,0,0
17.0515,225.0000,0.0000,89.0000,255.0000,25.4310,0.0000,0.2593,0.2996,0.0000,0,0,0,0,0,0,0,0
17.0746,225.0000,0.0000,89.0000,255.0000,25.5355,0.0000,0.2597,0.3000,0.0000,0,0,0,0,0,0,0,0
17.0939,225.0000,0.0000,89.0000,255.0000,25.5138,0.0000,0.2594,0.2997,0.0000,0,0,0,0,0,0,0,0
17.1160,225.0000,0.0000,89.0000,255.0000,25.2988,0.0000,0.2590,0.2995,0.0000,0,0,0,0,0,0,0,0
17.1345,225.0000,0.0000,89.0000,255.0000,25.5449,0.0000,0.2594,0.2996,0.0000,0,0,0,0,0,0,0,0
17.1548,225.0000,0.0000,89.0000,255.0000,25.5067,0.0000,0.2600,0.3002,0.0000,0,0,0,0,0,0,0,0
17.1758,225.0000,0.0000,89.0000,255.0000,25.5848,0.0000,0.2596,0.2998,0.0000,0,0,0,0,0,0,0,0
17.1975,225.0000,0.0000,89.0000,255.0000,25.7338,0.0000,0.2601,0.3001,0.0000,0,0,0,0,0,0,0,0
17.2168,225.0000,0.0000,89.0000,255.0000,25.7095,0.0000,0.2601,0.3003,0.0000,0,0,0,0,0,0,0,0
17.2375,225.0000,0.0000,89.0000,255.0000,25.7120,0.0000,0.2597,0.2999,0.0000,0,0,0,0,0,0,0,0
17.2584,225.0000,0.0000,89.0000,255.0000,25.6848,0.0000,0.2597,0.2998,0.0000,0,0,0,0,0,0,0,0
17.2823,225.0000,0.0000,89.0000,255.0000,25.5606,0.0000,0.2596,0.3000,0.0000,0,0,0,0,0,0,0,0
17.3014,225.0000,0.0000,90.0000,255.0000,25.5003,0.0000,0.2595,0.2998,0.0000,0,0,0,0,0,0,0,0
17.3211,225.0000,0.0000,90.0000,255.0000,25.5323,0.0000,0.2597,0.3000,0.0000,0,0,0,0,0,0,0,0
17.3441,225.0000,0.0000,90.0000,255.0000,25.4581,0.0000,0.2593,0.2996,0.0000,0,0,0,0,0,0,0,0
17.3658,225.0000,0.0000,90.0000,255.0000,25.4920,0.0000,0.2595,0.2998,0.0000,0,0,0,0,0,0,0,0
17.3845,225.0000,0.0000,90.0000,255.0000,25.3738,0.0000,0.2589,0.2993,0.0000,0,0,0,0,0,0,0,0
17.4043,225.0000,0.0000,90.0000,255.0000,25.3153,0.0000,0.2586,0.2991,0.0000,0,0,0,0,0,0,0,0
17.4284,225.0000,0.0000,90.0000,255.0000,25.5613,0.0000,0.2593,0.2996,0.0000,0,0,0,0,0,0,0,0
17.5272,225.0000,0.0000,90.0000,255.0000,25.6577,0.0000,0.2597,0.3000,0.0000,0,0,0,0,0,0,0,0
17.5504,225.0000,0.0000,90.0000,255.0000,25.6457,0.0000,0.2597,0.3000,0.0000,0,0,0,0,0,0,0,0
17.5729,225.0000,0.0000,91.0000,255.0000,25.4942,0.0000,0.2591,0.2995,0.0000,0,0,0,0,0,0,0,0
17.5941,225.0000,0.0000,91.0000,255.0000,25.4660,0.0000,0.2596,0.3001,0.0000,0,0,0,0,0,0,0,0
17.6148,225.0000,0.0000,91.0000,255.0000,25.3739,0.0000,0.2597,0.3002,0.0000,0,0,0,0,0,0,0,0
17.6350,225.0000,0.0000,91.0000,255.0000,25.5095,0.0000,0.2589,0.2993,0.0000,0,0,0,0,0,0,0,0
17.6542,225.0000,0.0000,91.0000,255.0000,25.4639,0.0000,0.2589,0.2994,0.0000,0,0,0,0,0,0,0,0
17.6777,225.0000,0.0000,91.0000,255.0000,25.3542,0.0000,0.2591,0.2996,0.0000,0,0,0,0,0,0,0,0
17.6997,225.0000,0.0000,91.0000,255.0000,25.4772,0.0000,0.2596,0.2996,0.0000,0,0,0,0,0,0,0,0
17.7186,225.0000,0.0000,91.0000,255.0000,25.3870,0.0000,0.2597,0.2999,0.0000,0,0,0,0,0,0,0,0
17.7392,225.0000,0.0000,91.0000,255.0000,25.4712,0.0000,0.2591,0.2993,0.0000,0,0,0,0,0,0,0,0
17.7613,225.0000,0.0000,91.0000,255.0000,25.3702,0.0000,0.2595,0.2998,0.0000,0,0,0,0,0,0,0,0
17.7813,225.0000,0.0000,91.0000,255.0000,25.5949,0.0000,0.2601,0.3001,0.0000,0,0,0,0,0,0,0,0
17.8013,225.0000,0.0000,91.0000,255.0000,25.5473,0.0000,0.2599,0.2998,0.0000,0,0,0,0,0,0,0,0
17.8216,225.0000,0.0000,91.0000,255.0000,25.5360,0.0000,0.2597,0.2997,0.0000,0,0,0,0,0,0,0,0
17.8448,225.0000,0.0000,92.0000,255.0000,25.5397,0.0000,0.2597,0.2997,0.0000,0,0,0,0,0,0,0,0
17.8661,225.0000,0.0000,92.0000,255.0000,25.3521,0.0000,0.2595,0.2998,0.0000,0,0,0,0,0,0,0,0
17.8840,225.0000,0.0000,92.0000,255.0000,25.3560,0.0000,0.2596,0.2999,0.0000,0,0,0,0,0,0,0,0
17.9072,225.0000,0.0000,92.0000,255.0000,25.3510,0.0000,0.2594,0.2997,0.0000,0,0,0,0,0,0,0,0
17.9265,225.0000,0.0000,92.0000,255.0000,25.4562,0.0000,0.2592,0.2994,0.0000,0,0,0,0,0,0,0,0
17.9498,225.0000,0.0000,92.0000,255.0000,25.2942,0.0000,0.2591,0.2995,0.0000,0,0,0,0,0,0,0,0
18.0488,225.0000,0.0000,92.0000,255.0000,25.5685,0.0000,0.2602,0.3000,0.0000,0,0,0,0,0,0,0,0
18.0699,225.0000,0.0000,92.0000,255.0000,25.5597,0.0000,0.2604,0.3004,0.0000,0,0,0,0,0,0,0,0
18.0876,225.0000,0.0000,92.0000,255.0000,25.5491,0.0000,0.2600,0.3001,0.0000,0,0,0,0,0,0,0,0
18.1106,225.0000,0.0000,93.0000,255.0000,25.5540,0.0000,0.2601,0.3001,0.0000,0,0,0,0,0,0,0,0
18.1327,225.0000,0.0000,93.0000,255.0000,25.4365,0.0000,0.2591,0.2994,0.0000,0,0,0,0,0,0,0,0
18.1517,225.0000,0.0000,93.0000,255.0000,25.4144,0.0000,0.2593,0.2995,0.0000,0,0,0,0,0,0,0,0
18.1711,225.0000,0.0000,93.0000,255.0000,25.4190,0.0000,0.2593,0.2996,0.0000,0,0,0,0,0,0,0,0
18.1931,225.0000,0.0000,93.0000,255.0000,25.3218,0.0000,0.2591,0.2994,0.0000,0,0,0,0,0,0,0,0
18.2144,225.0000,0.0000,93.0000,255.0000,25.4074,0.0000,0.2591,0.2992,0.0000,0,0,0,0,0,0,0,0
18.2349,225.0000,0.0000,93.0000,255.0000,25.3141,0.0000,0.2588,0.2990,0.0000,0,0,0,0,0,0,0,0
18.2563,225.0000,0.0000,93.0000,255.0000,25.2306,0.0000,0.2588,0.2993,0.0000,0,0,0,0,0,0,0,0
18.2777,225.0000,0.0000,93.0000,255.0000,25.4776,0.0000,0.2595,0.2997,0.0000,0,0,0,0,0,0,0,0
18.2990,225.0000,0.0000,93.0000,255.0000,25.5200,0.0000,0.2595,0.2998,0.0000,0,0,0,0,0,0,0,0
18.3181,225.0000,0.0000,93.0000,255.0000,25.4227,0.0000,0.2588,0.2992,0.0000,0,0,0,0,0,0,0,0
18.3387,225.0000,0.0000,93.0000,255.0000,25.6626,0.0000,0.2597,0.2997,0.0000,0,0,0,0,0,0,0,0
18.3605,225.0000,0.0000,93.0000,255.0000,25.8100,0.0000,0.2597,0.2998,0.0000,0,0,0,0,0,0,0,0
18.3828,225.0000,0.0000,94.0000,255.0000,26.1589,0.0000,0.2611,0.3008,0.0000,0,0,0,0,0,0,0,0
18.4016,225.0000,0.0000,94.0000,255.0000,26.1880,0.0000,0.2609,0.3006,0.0000,0,0,0,0,0,0,0,0
18.4217,225.0000,0.0000,94.0000,255.0000,25.9174,0.0000,0.2601,0.3002,0.0000,0,0,0,0,0,0,0,0
18.4431,225.0000,0.0000,94.0000,255.0000,25.7631,0.0000,0.2602,0.3002,0.0000,0,0,0,0,0,0,0,0
18.4656,225.0000,0.0000,94.0000,255.0000,25.4474,0.0000,0.2597,0.3001,0.0000,0,0,0,0,0,0,0,0
18.5589,225.0000,0.0000,94.0000,255.0000,25.5770,0.0000,0.2598,0.3001,0.0000,0,0,0,0,0,0,0,0
18.5834,225.0000,0.0000,94.0000,255.0000,25.5173,0.0000,0.2599,0.3002,0.0000,0,0,0,0,0,0,0,0
18.6050,225.0000,0.0000,94.0000,255.0000,25.4119,0.0000,0.2596,0.3000,0.0000,0,0,0,0,0,0,0,0
18.6277,225.0000,0.0000,94.0000,255.0000,25.6784,0.0000,0.2602,0.3005,0.0000,0,0,0,0,0,0,0,0
18.6473,225.0000,0.0000,95.0000,255.0000,25.5933,0.0000,0.2606,0.3007,0.0000,0,0,0,0,0,0,0,0
18.6672,225.0000,0.0000,95.0000,255.0000,25.6321,0.0000,0.2604,0.3006,0.0000,0,0,0,0,0,0,0,0
18.6872,225.0000,0.0000,95.0000,255.0000,25.6379,0.0000,0.2604,0.3005,0.0000,0,0,0,0,0,0,0,0
18.7049,225.0000,0.0000,95.0000,255.0000,25.4477,0.0000,0.2600,0.3002,0.0000,0,0,0,0,0,0,0,0
18.7280,225.0000,0.0000,95.0000,255.0000,25.3829,0.0000,0.2593,0.2995,0.0000,0,0,0,0,0,0,0,0
18.7495,225.0000,0.0000,95.0000,255.0000,25.3369,0.0000,0.2595,0.2998,0.0000,0,0,0,0,0,0,0,0
18.7688,225.0000,0.0000,95.0000,255.0000,25.4814,0.0000,0.2602,0.3004,0.0000,0,0,0,0,0,0,0,0
18.7881,225.0000,0.0000,95.0000,255.0000,25.4153,0.0000,0.2597,0.3000,0.0000,0,0,0,0,0,0,0,0
18.8095,225.0000,0.0000,95.0000,255.0000,25.2852,0.0000,0.2593,0.2996,0.0000,0,0,0,0,0,0,0,0
18.8324,225.0000,0.0000,95.0000,255.0000,25.5163,0.0000,0.2601,0.3001,0.0000,0,0,0,0,0,0,0,0
18.8516,225.0000,0.0000,95.0000,255.0000,25.4745,0.0000,0.2602,0.3002,0.0000,0,0,0,0,0,0,0,0
18.8718,225.0000,0.0000,95.0000,255.0000,25.5256,0.0000,0.2598,0.2998,0.0000,0,0,0,0,0,0,0,0
18.8942,225.0000,0.0000,95.0000,255.0000,25.4043,0.0000,0.2602,0.3003,0.0000,0,0,0,0,0,0,0,0
18.9139,225.0000,0.0000,96.0000,255.0000,25.6331,0.0000,0.2608,0.3007,0.0000,0,0,0,0,0,0,0,0
18.9344,225.0000,0.0000,96.0000,255.0000,25.5623,0.0000,0.2607,0.3006,0.0000,0,0,0,0,0,0,0,0
18.9551,225.0000,0.0000,96.0000,255.0000,25.6038,0.0000,0.2601,0.3003,0.0000,0,0,0,0,0,0,0,0
18.9757,225.0000,0.0000,96.0000,255.0000,25.6487,0.0000,0.2602,0.3002,0.0000,0,0,0,0,0,0,0,0
19.0838,225.0000,0.0000,96.0000,255.0000,25.3282,0.0000,0.2602,0.3005,0.0000,0,0,0,0,0,0,0,0
19.1054,225.0000,0.0000,96.0000,255.0000,25.2896,0.0000,0.2597,0.3000,0.0000,0,0,0,0,0,0,0,0
19.1266,225.0000,0.0000,96.0000,255.0000,25.5574,0.0000,0.2605,0.3006,0.0000,0,0,0,0,0,0,0,0
19.1497,225.0000,0.0000,96.0000,255.0000,25.4903,0.0000,0.2603,0.3004,0.0000,0,0,0,0,0,0,0,0
19.1682,225.0000,0.0000,97.0000,255.0000,25.4298,0.0000,0.2598,0.2999,0.0000,0,0,0,0,0,0,0,0
19.1879,225.0000,0.0000,97.0000,255.0000,25.6663,0.0000,0.2610,0.3010,0.0000,0,0,0,0,0,0,0,0
19.2076,225.0000,0.0000,97.0000,255.0000,25.5895,0.0000,0.2598,0.3000,0.0000,0,0,0,0,0,0,0,0
19.2255,225.0000,0.0000,97.0000,255.0000,25.5682,0.0000,0.2600,0.3002,0.0000,0,0,0,0,0,0,0,0
19.2488,225.0000,0.0000,97.0000,255.0000,25.5525,0.0000,0.2608,0.3008,0.0000,0,0,0,0,0,0,0,0
19.2676,225.0000,0.0000,97.0000,255.0000,25.3789,0.0000,0.2605,0.3006,0.0000,0,0,0,0,0,0,0,0
19.2877,225.0000,0.0000,97.0000,255.0000,25.3342,0.0000,0.2600,0.3001,0.0000,0,0,0,0,0,0,0,0
19.3115,225.0000,0.0000,97.0000,255.0000,25.3185,0.0000,0.2600,0.3002,0.0000,0,0,0,0,0,0,0,0
19.3321,225.0000,0.0000,97.0000,255.0000,25.2991,0.0000,0.2601,0.3003,0.0000,0,0,0,0,0,0,0,0
19.3515,225.0000,0.0000,97.0000,255.0000,25.2505,0.0000,0.2604,0.3005,0.0000,0,0,0,0,0,0,0,0
19.3716,225.0000,0.0000,97.0000,255.0000,25.1775,0.0000,0.2605,0.3007,0.0000,0,0,0,0,0,0,0,0
19.3943,225.0000,0.0000,97.0000,255.0000,25.0831,0.0000,0.2604,0.3007,0.0000,0,0,0,0,0,0,0,0
19.4174,225.0000,0.0000,97.0000,255.0000,25.2898,0.0000,0.2608,0.3010,0.0000,0,0,0,0,0,0,0,0
19.4378,225.0000,0.0000,98.0000,255.0000,25.3693,0.0000,0.2608,0.3009,0.0000,0,0,0,0,0,0,0,0
19.4581,225.0000,0.0000,98.0000,255.0000,25.2916,0.0000,0.2608,0.3009,0.0000,0,0,0,0,0,0,0,0
19.4779,225.0000,0.0000,98.0000,255.0000,25.5872,0.0000,0.2617,0.3014,0.0000,0,0,0,0,0,0,0,0
19.5758,225.0000,0.0000,98.0000,255.0000,25.3204,0.0000,0.2604,0.3006,0.0000,0,0,0,0,0,0,0,0
19.5994,225.0000,0.0000,98.0000,255.0000,25.2460,0.0000,0.2599,0.3002,0.0000,0,0,0,0,0,0,0,0
19.6186,225.0000,0.0000,98.0000,255.0000,25.3668,0.0000,0.2609,0.3010,0.0000,0,0,0,0,0,0,0,0
19.6382,225.0000,0.0000,98.0000,255.0000,25.2641,0.0000,0.2607,0.3010,0.0000,0,0,0,0,0,0,0,0
19.6609,225.0000,0.0000,98.0000,255.0000,25.1931,0.0000,0.2602,0.3005,0.0000,0,0,0,0,0,0,0,0
19.6810,225.0000,0.0000,98.0000,255.0000,25.3639,0.0000,0.2606,0.3006,0.0000,0,0,0,0,0,0,0,0
19.7013,225.0000,0.0000,99.0000,255.0000,25.2902,0.0000,0.2608,0.3009,0.0000,0,0,0,0,0,0,0,0
19.7211,225.0000,0.0000,99.0000,255.0000,25.3090,0.0000,0.2609,0.3010,0.0000,0,0,0,0,0,0,0,0
19.7418,225.0000,0.0000,99.0000,255.0000,25.2617,0.0000,0.2605,0.3007,0.0000,0,0,0,0,0,0,0,0
19.7658,225.0000,0.0000,99.0000,255.0000,25.4517,0.0000,0.2615,0.3014,0.0000,0,0,0,0,0,0,0,0
19.7841,225.0000,0.0000,99.0000,255.0000,25.4361,0.0000,0.2612,0.3013,0.0000,0,0,0,0,0,0,0,0
19.8048,225.0000,0.0000,99.0000,255.0000,25.3929,0.0000,0.2611,0.3009,0.0000,0,0,0,0,0,0,0,0
19.8266,225.0000,0.0000,99.0000,255.0000,25.3946,0.0000,0.2614,0.3012,0.0000,0,0,0,0,0,0,0,0
19.8468,225.0000,0.0000,99.0000,255.0000,25.2396,0.0000,0.2602,0.3001,0.0000,0,0,0,0,0,0,0,0
19.8681,225.0000,0.0000,99.0000,255.0000,25.2127,0.0000,0.2605,0.3005,0.0000,0,0,0,0,0,0,0,0
19.8881,225.0000,0.0000,99.0000,255.0000,25.1434,0.0000,0.2602,0.3003,0.0000,0,0,0,0,0,0,0,0
19.9084,225.0000,0.0000,99.0000,255.0000,25.2734,0.0000,0.2608,0.3008,0.0000,0,0,0,0,0,0,0,0
19.9330,225.0000,0.0000,99.0000,255.0000,25.0876,0.0000,0.2602,0.3004,0.0000,0,0,0,0,0,0,0,0
19.9510,225.0000,0.0000,99.0000,255.0000,25.0224,0.0000,0.2600,0.3002,0.0000,0,0,0,0,0,0,0,0
19.9714,225.0000,0.0000,100.0000,255.0000,25.3030,0.0000,0.2604,0.3005,0.0000,0,0,0,0,0,0,0,0
19.9931,225.0000,0.0000,100.0000,255.0000,25.2377,0.0000,0.2606,0.3007,0.0000,0,0,0,0,0,0,0,0
20.0960,225.0000,0.0000,100.0000,255.0000,25.4477,0.0000,0.2608,0.3008,0.0000,0,0,0,0,0,0,0,0
20.1182,225.0000,0.0000,100.0000,255.0000,25.3530,0.0000,0.2608,0.3010,0.0000,0,0,0,0,0,0,0,0
20.1405,225.0000,0.0000,100.0000,255.0000,25.3138,0.0000,0.2602,0.3004,0.0000,0,0,0,0,0,0,0,0
20.1601,225.0000,0.0000,100.0000,255.0000,25.3010,0.0000,0.2601,0.3003,0.0000,0,0,0,0,0,0,0,0
20.1825,225.0000,0.0000,100.0000,255.0000,25.3655,0.0000,0.2604,0.3007,0.0000,0,0,0,0,0,0,0,0
20.2009,225.0000,0.0000,100.0000,255.0000,25.3001,0.0000,0.2606,0.3010,0.0000,0,0,0,0,0,0,0,0
20.2184,225.0000,0.0000,100.0000,255.0000,25.2423,0.0000,0.2599,0.3002,0.0000,0,0,0,0,0,0,0,0
20.2378,225.0000,0.0000,100.0000,255.0000,25.1490,0.0000,0.2599,0.3002,0.0000,0,0,0,0,0,0,0,0
20.2579,225.0000,0.0000,100.0000,255.0000,25.4246,0.0000,0.2601,0.3004,0.0000,0,0,0,0,0,0,0,0
20.2782,225.0000,0.0000,100.0000,255.0000,25.3214,0.0000,0.2604,0.3007,0.0000,0,0,0,0,0,0,0,0
20.2995,225.0000,0.0000,100.0000,255.0000,25.3404,0.0000,0.2603,0.3005,0.0000,0,0,0,0,0,0,0,0
20.3184,225.0000,0.0000,100.0000,255.0000,25.5801,0.0000,0.2609,0.3008,0.0000,0,0,0,0,0,0,0,0
20.3378,225.0000,0.0000,100.0000,255.0000,25.6199,0.0000,0.2610,0.3009,0.0000,0,0,0,0,0,0,0,0
20.3590,225.0000,0.0000,100.0000,255.0000,25.5873,0.0000,0.2603,0.3002,0.0000,0,0,0,0,0,0,0,0
20.3827,225.0000,0.0000,100.0000,255.0000,25.6373,0.0000,0.2608,0.3006,0.0000,0,0,0,0,0,0,0,0
20.4013,225.0000,0.0000,100.0000,255.0000,25.5062,0.0000,0.2608,0.3008,0.0000,0,0,0,0,0,0,0,0
20.4206,225.0000,0.0000,100.0000,255.0000,25.4298,0.0000,0.2602,0.3003,0.0000,0,0,0,0,0,0,0,0
20.4378,225.0000,0.0000,100.0000,255.0000,25.4218,0.0000,0.2604,0.3005,0.0000,0,0,0,0,0,0,0,0
20.4554,225.0000,0.0000,100.0000,255.0000,25.3540,0.0000,0.2602,0.3003,0.0000,0,0,0,0,0,0,0,0
20.4769,225.0000,0.0000,100.0000,255.0000,25.4930,0.0000,0.2603,0.3002,0.0000,0,0,0,0,0,0,0,0
20.4993,225.0000,0.0000,100.0000,255.0000,25.4079,0.0000,0.2604,0.3006,0.0000,0,0,0,0,0,0,0,0
20.5932,225.0000,0.0000,100.0000,255.0000,25.4275,0.0000,0.2597,0.2999,0.0000,0,0,0,0,0,0,0,0
20.6161,225.0000,0.0000,100.0000,255.0000,25.7400,0.0000,0.2602,0.3002,0.0000,0,0,0,0,0,0,0,0
20.6342,225.0000,0.0000,100.0000,255.0000,25.7461,0.0000,0.2604,0.3003,0.0000,0,0,0,0,0,0,0,0
20.6568,225.0000,0.0000,100.0000,255.0000,25.6896,0.0000,0.2604,0.3004,0.0000,0,0,0,0,0,0,0,0
20.6772,225.0000,0.0000,100.0000,255.0000,25.7312,0.0000,0.2604,0.3005,0.0000,0,0,0,0,0,0,0,0
20.6995,225.0000,0.0000,100.0000,255.0000,25.5437,0.0000,0.2598,0.3001,0.0000,0,0,0,0,0,0,0,0
20.7183,225.0000,0.0000,100.0000,255.0000,25.5778,0.0000,0.2597,0.2999,0.0000,0,0,0,0,0,0,0,0
20.7402,225.0000,0.0000,100.0000,255.0000,25.4646,0.0000,0.2602,0.3005,0.0000,0,0,0,0,0,0,0,0
20.7579,225.0000,0.0000,100.0000,255.0000,25.5725,0.0000,0.2595,0.2998,0.0000,0,0,0,0,0,0,0,0
20.7761,225.0000,0.0000,100.0000,255.0000,25.5733,0.0000,0.2601,0.3004,0.0000,0,0,0,0,0,0,0,0
20.7992,225.0000,0.0000,100.0000,255.0000,25.3835,0.0000,0.2594,0.2998,0.0000,0,0,0,0,0,0,0,0
20.8181,225.0000,0.0000,100.0000,255.0000,25.6316,0.0000,0.2602,0.3004,0.0000,0,0,0,0,0,0,0,0
20.8381,225.0000,0.0000,100.0000,255.0000,25.5213,0.0000,0.2600,0.3002,0.0000,0,0,0,0,0,0,0,0
20.8590,225.0000,0.0000,100.0000,255.0000,25.5611,0.0000,0.2602,0.3004,0.0000,0,0,0,0,0,0,0,0
20.8826,225.0000,0.0000,100.0000,255.0000,25.8195,0.0000,0.2603,0.3002,0.0000,0,0,0,0,0,0,0,0
20.9026,225.0000,0.0000,100.0000,255.0000,25.7952,0.0000,0.2603,0.3002,0.0000,0,0,0,0,0,0,0,0
20.9220,225.0000,0.0000,100.0000,255.0000,25.7249,0.0000,0.2606,0.3006,0.0000,0,0,0,0,0,0,0,0
20.9433,225.0000,0.0000,100.0000,255.0000,25.7275,0.0000,0.2605,0.3005,0.0000,0,0,0,0,0,0,0,0
20.9661,225.0000,0.0000,100.0000,255.0000,25.6457,0.0000,0.2599,0.2999,0.0000,0,0,0,0,0,0,0,0
20.9845,225.0000,0.0000,100.0000,255.0000,25.5477,0.0000,0.2601,0.3001,0.0000,0,0,0,0,0,0,0,0
21.0056,225.0000,0.0000,100.0000,255.0000,25.5374,0.0000,0.2603,0.3004,0.0000,0,0,0,0,0,0,0,0
21.1073,225.0000,0.0000,100.0000,255.0000,25.6342,0.0000,0.2606,0.3006,0.0000,0,0,0,0,0,0,0,0
21.1261,225.0000,0.0000,100.0000,255.0000,25.5337,0.0000,0.2605,0.3005,0.0000,0,0,0,0,0,0,0,0
21.1493,225.0000,0.0000,100.0000,255.0000,25.5138,0.0000,0.2600,0.3000,0.0000,0,0,0,0,0,0,0,0
21.1687,225.0000,0.0000,100.0000,255.0000,25.8009,0.0000,0.2602,0.3002,0.0000,0,0,0,0,0,0,0,0
21.1878,225.0000,0.0000,100.0000,255.0000,25.7554,0.0000,0.2608,0.3007,0.0000,0,0,0,0,0,0,0,0
21.2084,225.0000,0.0000,100.0000,255.0000,25.7421,0.0000,0.2606,0.3004,0.0000,0,0,0,0,0,0,0,0
21.2324,225.0000,0.0000,100.0000,255.0000,25.7578,0.0000,0.2603,0.3001,0.0000,0,0,0,0,0,0,0,0
21.2508,225.0000,0.0000,100.0000,255.0000,25.6146,0.0000,0.2600,0.3000,0.0000,0,0,0,0,0,0,0,0
21.2712,225.0000,0.0000,100.0000,255.0000,25.5583,0.0000,0.2603,0.3003,0.0000,0,0,0,0,0,0,0,0
21.2922,225.0000,0.0000,100.0000,255.0000,25.5420,0.0000,0.2602,0.3002,0.0000,0,0,0,0,0,0,0,0
21.3146,225.0000,0.0000,100.0000,255.0000,25.6095,0.0000,0.2602,0.3002,0.0000,0,0,0,0,0,0,0,0
21.3342,225.0000,0.0000,100.0000,255.0000,25.5792,0.0000,0.2598,0.2998,0.0000,0,0,0,0,0,0,0,0
21.3548,225.0000,0.0000,100.0000,255.0000,25.5153,0.0000,0.2596,0.2997,0.0000,0,0,0,0,0,0,0,0
21.3796,225.0000,0.0000,100.0000,255.0000,25.4047,0.0000,0.2599,0.3001,0.0000,0,0,0,0,0,0,0,0
21.4050,225.0000,0.0000,100.0000,255.0000,25.5553,0.0000,0.2605,0.3005,0.0000,0,0,0,0,0,0,0,0
21.4282,225.0000,0.0000,100.0000,255.0000,25.5860,0.0000,0.2601,0.3001,0.0000,0,0,0,0,0,0,0,0
21.4485,225.0000,0.0000,100.0000,255.0000,25.7985,0.0000,0.2606,0.3005,0.0000,0,0,0,0,0,0,0,0
21.4678,225.0000,0.0000,100.0000,255.0000,25.8119,0.0000,0.2606,0.3005,0.0000,0,0,0,0,0,0,0,0
21.4886,225.0000,0.0000,100.0000,255.0000,25.7481,0.0000,0.2605,0.3004,0.0000,0,0,0,0,0,0,0,0
21.5088,225.0000,0.0000,100.0000,255.0000,25.7496,0.0000,0.2604,0.3004,0.0000,0,0,0,0,0,0,0,0
21.6064,225.0000,0.0000,100.0000,255.0000,25.5954,0.0000,0.2605,0.3005,0.0000,0,0,0,0,0,0,0,0
21.6266,225.0000,0.0000,100.0000,255.0000,25.6156,0.0000,0.2599,0.2999,0.0000,0,0,0,0,0,0,0,0
21.6490,225.0000,0.0000,100.0000,255.0000,25.4713,0.0000,0.2593,0.2996,0.0000,0,0,0,0,0,0,0,0
21.6680,225.0000,0.0000,100.0000,255.0000,25.7039,0.0000,0.2601,0.3001,0.0000,0,0,0,0,0,0,0,0
21.6880,225.0000,0.0000,100.0000,255.0000,25.6048,0.0000,0.2596,0.2998,0.0000,0,0,0,0,0,0,0,0
21.7064,225.0000,0.0000,100.0000,255.0000,25.6043,0.0000,0.2603,0.3005,0.0000,0,0,0,0,0,0,0,0
21.7257,225.0000,0.0000,100.0000,255.0000,25.5207,0.0000,0.2599,0.3002,0.0000,0,0,0,0,0,0,0,0
21.7512,225.0000,0.0000,100.0000,255.0000,25.7785,0.0000,0.2600,0.3002,0.0000,0,0,0,0,0,0,0,0
21.7721,225.0000,0.0000,100.0000,255.0000,25.7492,0.0000,0.2605,0.3006,0.0000,0,0,0,0,0,0,0,0
21.7922,225.0000,0.0000,100.0000,255.0000,25.7509,0.0000,0.2606,0.3006,0.0000,0,0,0,0,0,0,0,0
21.8124,225.0000,0.0000,100.0000,255.0000,25.5125,0.0000,0.2602,0.3006,0.0000,0,0,0,0,0,0,0,0
21.8336,225.0000,0.0000,100.0000,255.0000,25.4347,0.0000,0.2594,0.2998,0.0000,0,0,0,0,0,0,0,0
21.8550,225.0000,0.0000,100.0000,255.0000,25.4813,0.0000,0.2599,0.3001,0.0000,0,0,0,0,0,0,0,0
21.8771,225.0000,0.0000,100.0000,255.0000,25.4243,0.0000,0.2590,0.2997,0.0000,0,0,0,0,0,0,0,0
21.8995,225.0000,0.0000,100.0000,255.0000,25.5031,0.0000,0.2601,0.3004,0.0000,0,0,0,0,0,0,0,0
21.9182,225.0000,0.0000,100.0000,255.0000,25.3958,0.0000,0.2593,0.2998,0.0000,0,0,0,0,0,0,0,0
21.9387,225.0000,0.0000,100.0000,255.0000,25.3614,0.0000,0.2595,0.3000,0.0000,0,0,0,0,0,0,0,0
21.9607,225.0000,0.0000,100.0000,255.0000,25.5965,0.0000,0.2601,0.3004,0.0000,0,0,0,0,0,0,0,0
21.9827,225.0000,0.0000,100.0000,255.0000,25.5644,0.0000,0.2600,0.3002,0.0000,0,0,0,0,0,0,0,0
22.0007,225.0000,0.0000,100.0000,255.0000,25.4827,0.0000,0.2596,0.3000,0.0000,0,0,0,0,0,0,0,0
22.0227,225.0000,0.0000,100.0000,255.0000,25.7512,0.0000,0.2600,0.3002,0.0000,0,0,0,0,0,0,0,0
22.1189,225.0000,0.0000,100.0000,255.0000,25.5536,0.0000,0.2599,0.3003,0.0000,0,0,0,0,0,0,0,0
22.1366,225.0000,0.0000,100.0000,255.0000,25.5222,0.0000,0.2598,0.3001,0.0000,0,0,0,0,0,0,0,0
22.1538,225.0000,0.0000,100.0000,255.0000,25.4414,0.0000,0.2597,0.3000,0.0000,0,0,0,0,0,0,0,0
22.1772,225.0000,0.0000,100.0000,255.0000,25.5953,0.0000,0.2602,0.3006,0.0000,0,0,0,0,0,0,0,0
22.1981,225.0000,0.0000,100.0000,255.0000,25.4918,0.0000,0.2594,0.2998,0.0000,0,0,0,0,0,0,0,0
22.2184,225.0000,0.0000,100.0000,255.0000,25.3916,0.0000,0.2592,0.2996,0.0000,0,0,0,0,0,0,0,0
22.2372,225.0000,0.0000,100.0000,255.0000,25.6708,0.0000,0.2601,0.3002,0.0000,0,0,0,0,0,0,0,0
22.2615,225.0000,0.0000,100.0000,255.0000,25.5686,0.0000,0.2594,0.2996,0.0000,0,0,0,0,0,0,0,0
22.2816,225.0000,0.0000,100.0000,255.0000,25.8119,0.0000,0.2597,0.2999,0.0000,0,0,0,0,0,0,0,0
22.3013,225.0000,0.0000,100.0000,255.0000,26.3848,0.0000,0.2613,0.3011,0.0000,0,0,0,0,0,0,0,0
22.3211,225.0000,0.0000,100.0000,255.0000,26.4615,0.0000,0.2615,0.3013,0.0000,0,0,0,0,0,0,0,0
22.3441,225.0000,0.0000,100.0000,255.0000,26.5001,0.0000,0.2618,0.3014,0.0000,0,0,0,0,0,0,0,0
22.3635,225.0000,0.0000,100.0000,255.0000,26.4585,0.0000,0.2614,0.3011,0.0000,0,0,0,0,0,0,0,0
22.3839,225.0000,0.0000,100.0000,255.0000,26.4021,0.0000,0.2613,0.3011,0.0000,0,0,0,0,0,0,0,0
22.4046,225.0000,0.0000,100.0000,255.0000,26.4173,0.0000,0.2613,0.3011,0.0000,0,0,0,0,0,0,0,0
22.4263,225.0000,0.0000,100.0000,255.0000,26.4595,0.0000,0.2612,0.3010,0.0000,0,0,0,0,0,0,0,0
22.4488,225.0000,0.0000,100.0000,255.0000,26.4850,0.0000,0.2614,0.3011,0.0000,0,0,0,0,0,0,0,0
22.4674,225.0000,0.0000,100.0000,255.0000,26.4130,0.0000,0.2610,0.3009,0.0000,0,0,0,0,0,0,0,0
22.4873,225.0000,0.0000,100.0000,255.0000,26.3236,0.0000,0.2606,0.3006,0.0000,0,0,0,0,0,0,0,0
22.5102,225.0000,0.0000,100.0000,255.0000,26.0616,0.0000,0.2599,0.3002,0.0000,0,0,0,0,0,0,0,0
22.5308,225.0000,0.0000,100.0000,255.0000,26.4504,0.0000,0.2611,0.3010,0.0000,0,0,0,0,0,0,0,0
22.6324,225.0000,0.0000,100.0000,255.0000,26.4502,0.0000,0.2621,0.3018,0.0000,0,0,0,0,0,0,0,0
22.6510,225.0000,0.0000,100.0000,255.0000,26.4406,0.0000,0.2620,0.3017,0.0000,0,0,0,0,0,0,0,0
22.6716,225.0000,0.0000,100.0000,255.0000,26.3225,0.0000,0.2614,0.3014,0.0000,0,0,0,0,0,0,0,0
22.6944,225.0000,0.0000,100.0000,255.0000,26.2212,0.0000,0.2611,0.3012,0.0000,0,0,0,0,0,0,0,0
22.7162,225.0000,0.0000,100.0000,255.0000,25.9102,0.0000,0.2604,0.3006,0.0000,0,0,0,0,0,0,0,0
22.7346,225.0000,0.0000,100.0000,255.0000,25.8232,0.0000,0.2601,0.3004,0.0000,0,0,0,0,0,0,0,0
22.7554,225.0000,0.0000,100.0000,255.0000,25.6721,0.0000,0.2600,0.3004,0.0000,0,0,0,0,0,0,0,0
22.7750,225.0000,0.0000,100.0000,255.0000,25.5596,0.0000,0.2599,0.3004,0.0000,0,0,0,0,0,0,0,0
22.7994,225.0000,0.0000,100.0000,255.0000,25.6991,0.0000,0.2605,0.3007,0.0000,0,0,0,0,0,0,0,0
22.8165,225.0000,0.0000,100.0000,255.0000,25.5589,0.0000,0.2599,0.3003,0.0000,0,0,0,0,0,0,0,0
22.8372,225.0000,0.0000,100.0000,255.0000,25.6475,0.0000,0.2604,0.3007,0.0000,0,0,0,0,0,0,0,0
22.8617,225.0000,0.0000,100.0000,255.0000,25.5437,0.0000,0.2599,0.3003,0.0000,0,0,0,0,0,0,0,0
22.8813,225.0000,0.0000,100.0000,255.0000,25.7716,0.0000,0.2603,0.3004,0.0000,0,0,0,0,0,0,0,0
22.9017,225.0000,0.0000,100.0000,255.0000,25.7788,0.0000,0.2611,0.3011,0.0000,0,0,0,0,0,0,0,0
22.9212,225.0000,0.0000,100.0000,255.0000,25.7694,0.0000,0.2611,0.3011,0.0000,0,0,0,0,0,0,0,0
22.9461,225.0000,0.0000,100.0000,255.0000,25.8063,0.0000,0.2611,0.3012,0.0000,0,0,0,0,0,0,0,0
22.9684,225.0000,0.0000,100.0000,255.0000,25.5257,0.0000,0.2597,0.3000,0.0000,0,0,0,0,0,0,0,0
22.9882,225.0000,0.0000,100.0000,255.0000,25.5927,0.0000,0.2597,0.2999,0.0000,0,0,0,0,0,0,0,0
23.0093,225.0000,0.0000,100.0000,255.0000,25.5538,0.0000,0.2599,0.3002,0.0000,0,0,0,0,0,0,0,0
23.0331,225.0000,0.0000,100.0000,255.0000,25.6385,0.0000,0.2603,0.3006,0.0000,0,0,0,0,0,0,0,0
23.1329,225.0000,0.0000,100.0000,255.0000,25.6324,0.0000,0.2606,0.3008,0.0000,0,0,0,0,0,0,0,0
23.1515,225.0000,0.0000,100.0000,255.0000,25.8638,0.0000,0.2609,0.3010,0.0000,0,0,0,0,0,0,0,0
23.1717,225.0000,0.0000,100.0000,255.0000,25.8495,0.0000,0.2610,0.3011,0.0000,0,0,0,0,0,0,0,0
23.1914,225.0000,0.0000,100.0000,255.0000,25.8027,0.0000,0.2610,0.3011,0.0000,0,0,0,0,0,0,0,0
23.2149,225.0000,0.0000,100.0000,255.0000,25.8081,0.0000,0.2606,0.3006,0.0000,0,0,0,0,0,0,0,0
23.2343,225.0000,0.0000,100.0000,255.0000,25.6573,0.0000,0.2602,0.3004,0.0000,0,0,0,0,0,0,0,0
23.2543,225.0000,0.0000,100.0000,255.0000,25.5884,0.0000,0.2606,0.3009,0.0000,0,0,0,0,0,0,0,0
23.2780,225.0000,0.0000,100.0000,255.0000,25.5994,0.0000,0.2605,0.3007,0.0000,0,0,0,0,0,0,0,0
23.2988,225.0000,0.0000,100.0000,255.0000,25.6748,0.0000,0.2604,0.3006,0.0000,0,0,0,0,0,0,0,0
23.3175,225.0000,0.0000,100.0000,255.0000,25.6278,0.0000,0.2600,0.3001,0.0000,0,0,0,0,0,0,0,0
23.3369,225.0000,0.0000,100.0000,255.0000,25.5199,0.0000,0.2598,0.3001,0.0000,0,0,0,0,0,0,0,0
23.3545,225.0000,0.0000,100.0000,255.0000,25.4175,0.0000,0.2601,0.3003,0.0000,0,0,0,0,0,0,0,0
23.3744,225.0000,0.0000,100.0000,255.0000,25.6788,0.0000,0.2604,0.3005,0.0000,0,0,0,0,0,0,0,0
23.3926,225.0000,0.0000,100.0000,255.0000,25.5832,0.0000,0.2608,0.3010,0.0000,0,0,0,0,0,0,0,0
23.4162,225.0000,0.0000,100.0000,255.0000,25.5484,0.0000,0.2603,0.3004,0.0000,0,0,0,0,0,0,0,0
23.4341,225.0000,0.0000,100.0000,255.0000,25.7518,0.0000,0.2602,0.3003,0.0000,0,0,0,0,0,0,0,0
23.4538,225.0000,0.0000,100.0000,255.0000,25.7339,0.0000,0.2614,0.3013,0.0000,0,0,0,0,0,0,0,0
23.4741,225.0000,0.0000,100.0000,255.0000,25.7291,0.0000,0.2607,0.3007,0.0000,0,0,0,0,0,0,0,0
23.4908,225.0000,0.0000,100.0000,255.0000,25.7037,0.0000,0.2607,0.3007,0.0000,0,0,0,0,0,0,0,0
23.5162,225.0000,0.0000,100.0000,255.0000,25.5687,0.0000,0.2601,0.3002,0.0000,0,0,0,0,0,0,0,0
23.5404,225.0000,0.0000,100.0000,255.0000,25.5596,0.0000,0.2605,0.3007,0.0000,0,0,0,0,0,0,0,0
23.6347,225.0000,0.0000,100.0000,255.0000,25.3221,0.0000,0.2600,0.3004,0.0000,0,0,0,0,0,0,0,0
23.6541,225.0000,0.0000,100.0000,255.0000,25.5911,0.0000,0.2605,0.3007,0.0000,0,0,0,0,0,0,0,0
23.6772,225.0000,0.0000,100.0000,255.0000,25.5508,0.0000,0.2600,0.3003,0.0000,0,0,0,0,0,0,0,0
23.6993,225.0000,0.0000,100.0000,255.0000,25.5341,0.0000,0.2601,0.3002,0.0000,0,0,0,0,0,0,0,0
23.7180,225.0000,0.0000,100.0000,255.0000,25.7572,0.0000,0.2607,0.3008,0.0000,0,0,0,0,0,0,0,0
23.7371,225.0000,0.0000,100.0000,255.0000,25.6942,0.0000,0.2602,0.3003,0.0000,0,0,0,0,0,0,0,0
23.7614,225.0000,0.0000,100.0000,255.0000,25.6407,0.0000,0.2603,0.3004,0.0000,0,0,0,0,0,0,0,0
23.7820,225.0000,0.0000,100.0000,255.0000,25.6505,0.0000,0.2611,0.3012,0.0000,0,0,0,0,0,0,0,0
23.8012,225.0000,0.0000,100.0000,255.0000,25.4713,0.0000,0.2603,0.3005,0.0000,0,0,0,0,0,0,0,0
23.8212,225.0000,0.0000,100.0000,255.0000,25.4115,0.0000,0.2602,0.3004,0.0000,0,0,0,0,0,0,0,0
23.8441,225.0000,0.0000,100.0000,255.0000,25.4581,0.0000,0.2603,0.3006,0.0000,0,0,0,0,0,0,0,0
23.8654,225.0000,0.0000,100.0000,255.0000,25.5716,0.0000,0.2600,0.3002,0.0000,0,0,0,0,0,0,0,0
23.8837,225.0000,0.0000,100.0000,255.0000,25.4646,0.0000,0.2606,0.3009,0.0000,0,0,0,0,0,0,0,0
23.9052,225.0000,0.0000,100.0000,255.0000,25.3615,0.0000,0.2600,0.3004,0.0000,0,0,0,0,0,0,0,0
23.9271,225.0000,0.0000,100.0000,255.0000,25.2794,0.0000,0.2599,0.3004,0.0000,0,0,0,0,0,0,0,0
23.9490,225.0000,0.0000,100.0000,255.0000,25.4234,0.0000,0.2603,0.3007,0.0000,0,0,0,0,0,0,0,0
23.9676,225.0000,0.0000,100.0000,255.0000,25.4952,0.0000,0.2609,0.3010,0.0000,0,0,0,0,0,0,0,0
23.9881,225.0000,0.0000,100.0000,255.0000,25.4465,0.0000,0.2606,0.3010,0.0000,0,0,0,0,0,0,0,0
24.0112,225.0000,0.0000,100.0000,255.0000,25.6846,0.0000,0.2610,0.3011,0.0000,0,0,0,0,0,0,0,0
24.0323,225.0000,0.0000,100.0000,255.0000,25.6350,0.0000,0.2609,0.3011,0.0000,0,0,0,0,0,0,0,0
24.0516,225.0000,0.0000,100.0000,255.0000,25.5904,0.0000,0.2610,0.3012,0.0000,0,0,0,0,0,0,0,0
24.1480,225.0000,0.0000,100.0000,255.0000,25.5341,0.0000,0.2606,0.3007,0.0000,0,0,0,0,0,0,0,0
24.1680,225.0000,0.0000,100.0000,255.0000,25.5131,0.0000,0.2600,0.3003,0.0000,0,0,0,0,0,0,0,0
24.1882,225.0000,0.0000,100.0000,255.0000,25.3785,0.0000,0.2599,0.3003,0.0000,0,0,0,0,0,0,0,0
24.2096,225.0000,0.0000,100.0000,255.0000,25.2841,0.0000,0.2598,0.3003,0.0000,0,0,0,0,0,0,0,0
24.2331,225.0000,0.0000,100.0000,255.0000,25.4345,0.0000,0.2602,0.3006,0.0000,0,0,0,0,0,0,0,0
24.2515,225.0000,0.0000,100.0000,255.0000,25.4583,0.0000,0.2602,0.3006,0.0000,0,0,0,0,0,0,0,0
24.2715,225.0000,0.0000,100.0000,255.0000,25.4443,0.0000,0.2605,0.3010,0.0000,0,0,0,0,0,0,0,0
24.2923,225.0000,0.0000,100.0000,255.0000,25.7482,0.0000,0.2607,0.3009,0.0000,0,0,0,0,0,0,0,0
24.3152,225.0000,0.0000,100.0000,255.0000,25.6531,0.0000,0.2610,0.3012,0.0000,0,0,0,0,0,0,0,0
24.3342,225.0000,0.0000,100.0000,255.0000,25.6293,0.0000,0.2610,0.3012,0.0000,0,0,0,0,0,0,0,0
24.3544,225.0000,0.0000,100.0000,255.0000,25.6946,0.0000,0.2611,0.3012,0.0000,0,0,0,0,0,0,0,0
24.3756,225.0000,0.0000,100.0000,255.0000,25.5617,0.0000,0.2611,0.3012,0.0000,0,0,0,0,0,0,0,0
24.3992,225.0000,0.0000,100.0000,255.0000,25.5192,0.0000,0.2609,0.3010,0.0000,0,0,0,0,0,0,0,0
24.4178,225.0000,0.0000,100.0000,255.0000,25.4484,0.0000,0.2606,0.3007,0.0000,0,0,0,0,0,0,0,0
24.4377,225.0000,0.0000,100.0000,255.0000,25.6275,0.0000,0.2611,0.3012,0.0000,0,0,0,0,0,0,0,0
24.4592,225.0000,0.0000,100.0000,255.0000,25.6192,0.0000,0.2605,0.3005,0.0000,0,0,0,0,0,0,0,0
24.4827,225.0000,0.0000,100.0000,255.0000,25.4557,0.0000,0.2606,0.3006,0.0000,0,0,0,0,0,0,0,0
24.5011,225.0000,0.0000,100.0000,255.0000,25.6921,0.0000,0.2607,0.3006,0.0000,0,0,0,0,0,0,0,0
24.5213,225.0000,0.0000,100.0000,255.0000,25.5893,0.0000,0.2608,0.3008,0.0000,0,0,0,0,0,0,0,0
24.5414,225.0000,0.0000,100.0000,255.0000,25.6321,0.0000,0.2609,0.3009,0.0000,0,0,0,0,0,0,0,0
24.5650,225.0000,0.0000,100.0000,255.0000,25.8472,0.0000,0.2613,0.3013,0.0000,0,0,0,0,0,0,0,0
24.6579,225.0000,0.0000,100.0000,255.0000,25.6945,0.0000,0.2609,0.3010,0.0000,0,0,0,0,0,0,0,0
24.6807,225.0000,0.0000,100.0000,255.0000,25.7298,0.0000,0.2604,0.3006,0.0000,0,0,0,0,0,0,0,0
24.6998,225.0000,0.0000,100.0000,255.0000,25.6228,0.0000,0.2602,0.3006,0.0000,0,0,0,0,0,0,0,0
24.7212,225.0000,0.0000,100.0000,255.0000,25.7463,0.0000,0.2609,0.3010,0.0000,0,0,0,0,0,0,0,0
24.7413,225.0000,0.0000,100.0000,255.0000,25.7390,0.0000,0.2603,0.3005,0.0000,0,0,0,0,0,0,0,0
24.7652,225.0000,0.0000,100.0000,255.0000,25.5670,0.0000,0.2601,0.3005,0.0000,0,0,0,0,0,0,0,0
24.7840,225.0000,0.0000,100.0000,255.0000,25.7914,0.0000,0.2603,0.3004,0.0000,0,0,0,0,0,0,0,0
24.8041,225.0000,0.0000,100.0000,255.0000,25.7415,0.0000,0.2603,0.3005,0.0000,0,0,0,0,0,0,0,0
24.8266,225.0000,0.0000,100.0000,255.0000,25.7451,0.0000,0.2605,0.3008,0.0000,0,0,0,0,0,0,0,0
24.8484,225.0000,0.0000,100.0000,255.0000,25.9356,0.0000,0.2610,0.3010,0.0000,0,0,0,0,0,0,0,0
24.8672,225.0000,0.0000,100.0000,255.0000,25.9174,0.0000,0.2612,0.3012,0.0000,0,0,0,0,0,0,0,0
24.8880,225.0000,0.0000,100.0000,255.0000,25.8612,0.0000,0.2607,0.3008,0.0000,0,0,0,0,0,0,0,0
24.9078,225.0000,0.0000,100.0000,255.0000,25.8794,0.0000,0.2605,0.3006,0.0000,0,0,0,0,0,0,0,0
24.9331,225.0000,0.0000,100.0000,255.0000,25.7260,0.0000,0.2603,0.3006,0.0000,0,0,0,0,0,0,0,0
24.9548,225.0000,0.0000,100.0000,255.0000,25.6705,0.0000,0.2597,0.2999,0.0000,0,0,0,0,0,0,0,0
24.9778,225.0000,0.0000,100.0000,255.0000,25.7154,0.0000,0.2600,0.3001,0.0000,0,0,0,0,0,0,0,0
24.9993,225.0000,0.0000,100.0000,255.0000,25.7404,0.0000,0.2605,0.3007,0.0000,0,0,0,0,0,0,0,0
25.0174,225.0000,0.0000,100.0000,255.0000,25.7139,0.0000,0.2602,0.3004,0.0000,0,0,0,0,0,0,0,0
25.0379,225.0000,0.0000,100.0000,255.0000,25.6164,0.0000,0.2597,0.3000,0.0000,0,0,0,0,0,0,0,0
25.0596,225.0000,0.0000,100.0000,255.0000,25.5269,0.0000,0.2600,0.3003,0.0000,0,0,0,0,0,0,0,0
25.0820,225.0000,0.0000,100.0000,255.0000,25.7342,0.0000,0.2603,0.3005,0.0000,0,0,0,0,0,0,0,0
25.1766,225.0000,0.0000,100.0000,255.0000,25.8973,0.0000,0.2607,0.3007,0.0000,0,0,0,0,0,0,0,0
25.1985,225.0000,0.0000,100.0000,255.0000,25.8880,0.0000,0.2606,0.3006,0.0000,0,0,0,0,0,0,0,0
25.2179,225.0000,0.0000,100.0000,255.0000,25.7636,0.0000,0.2606,0.3007,0.0000,0,0,0,0,0,0,0,0
25.2368,225.0000,0.0000,100.0000,255.0000,25.7167,0.0000,0.2605,0.3005,0.0000,0,0,0,0,0,0,0,0
25.2545,225.0000,0.0000,100.0000,255.0000,25.7283,0.0000,0.2602,0.3002,0.0000,0,0,0,0,0,0,0,0
25.2771,225.0000,0.0000,100.0000,255.0000,25.6407,0.0000,0.2604,0.3004,0.0000,0,0,0,0,0,0,0,0
25.2989,225.0000,0.0000,100.0000,255.0000,25.7000,0.0000,0.2605,0.3004,0.0000,0,0,0,0,0,0,0,0
25.3174,225.0000,0.0000,100.0000,255.0000,25.6254,0.0000,0.2601,0.3001,0.0000,0,0,0,0,0,0,0,0
25.3380,225.0000,0.0000,100.0000,255.0000,25.5265,0.0000,0.2602,0.3004,0.0000,0,0,0,0,0,0,0,0
25.3602,225.0000,0.0000,100.0000,255.0000,25.7511,0.0000,0.2605,0.3004,0.0000,0,0,0,0,0,0,0,0
25.3811,225.0000,0.0000,100.0000,255.0000,25.7223,0.0000,0.2606,0.3006,0.0000,0,0,0,0,0,0,0,0
25.3993,225.0000,0.0000,100.0000,255.0000,25.6982,0.0000,0.2606,0.3006,0.0000,0,0,0,0,0,0,0,0
25.4173,225.0000,0.0000,100.0000,255.0000,25.9480,0.0000,0.2609,0.3007,0.0000,0,0,0,0,0,0,0,0
25.4345,225.0000,0.0000,100.0000,255.0000,25.9583,0.0000,0.2609,0.3007,0.0000,0,0,0,0,0,0,0,0
25.4553,225.0000,0.0000,100.0000,255.0000,25.8716,0.0000,0.2610,0.3007,0.0000,0,0,0,0,0,0,0,0
25.4754,225.0000,0.0000,100.0000,255.0000,25.8533,0.0000,0.2607,0.3005,0.0000,0,0,0,0,0,0,0,0
25.4990,225.0000,0.0000,100.0000,255.0000,25.7775,0.0000,0.2607,0.3005,0.0000,0,0,0,0,0,0,0,0
25.5180,225.0000,0.0000,100.0000,255.0000,25.7184,0.0000,0.2605,0.3005,0.0000,0,0,0,0,0,0,0,0
25.5381,225.0000,0.0000,100.0000,255.0000,25.7045,0.0000,0.2605,0.3004,0.0000,0,0,0,0,0,0,0,0
25.5579,225.0000,0.0000,100.0000,255.0000,25.6478,0.0000,0.2603,0.3003,0.0000,0,0,0,0,0,0,0,0
25.5823,225.0000,0.0000,100.0000,255.0000,25.7049,0.0000,0.2605,0.3005,0.0000,0,0,0,0,0,0,0,0
25.6750,225.0000,0.0000,100.0000,255.0000,25.7446,0.0000,0.2609,0.3009,0.0000,0,0,0,0,0,0,0,0
25.6996,225.0000,0.0000,100.0000,255.0000,25.9319,0.0000,0.2610,0.3009,0.0000,0,0,0,0,0,0,0,0
25.7206,225.0000,0.0000,100.0000,255.0000,25.8907,0.0000,0.2612,0.3010,0.0000,0,0,0,0,0,0,0,0
25.7445,225.0000,0.0000,100.0000,255.0000,25.8906,0.0000,0.2610,0.3008,0.0000,0,0,0,0,0,0,0,0
25.7652,225.0000,0.0000,100.0000,255.0000,25.8672,0.0000,0.2608,0.3006,0.0000,0,0,0,0,0,0,0,0
25.7842,225.0000,0.0000,100.0000,255.0000,25.7207,0.0000,0.2606,0.3006,0.0000,0,0,0,0,0,0,0,0
25.8037,225.0000,0.0000,100.0000,255.0000,25.7119,0.0000,0.2601,0.3001,0.0000,0,0,0,0,0,0,0,0
25.8263,225.0000,0.0000,100.0000,255.0000,25.7208,0.0000,0.2602,0.3003,0.0000,0,0,0,0,0,0,0,0
25.8490,225.0000,0.0000,100.0000,255.0000,25.7602,0.0000,0.2606,0.3008,0.0000,0,0,0,0,0,0,0,0
25.8671,225.0000,0.0000,100.0000,255.0000,25.7051,0.0000,0.2604,0.3005,0.0000,0,0,0,0,0,0,0,0
25.8873,225.0000,0.0000,100.0000,255.0000,25.5859,0.0000,0.2598,0.3000,0.0000,0,0,0,0,0,0,0,0
25.9080,225.0000,0.0000,100.0000,255.0000,25.5129,0.0000,0.2599,0.3003,0.0000,0,0,0,0,0,0,0,0
25.9322,225.0000,0.0000,100.0000,255.0000,25.6923,0.0000,0.2603,0.3005,0.0000,0,0,0,0,0,0,0,0
25.9509,225.0000,0.0000,100.0000,255.0000,25.7138,0.0000,0.2605,0.3008,0.0000,0,0,0,0,0,0,0,0
25.9734,225.0000,0.0000,100.0000,255.0000,25.6541,0.0000,0.2604,0.3007,0.0000,0,0,0,0,0,0,0,0
25.9945,225.0000,0.0000,100.0000,255.0000,25.8863,0.0000,0.2607,0.3008,0.0000,0,0,0,0,0,0,0,0
26.0150,225.0000,0.0000,100.0000,255.0000,25.8450,0.0000,0.2606,0.3007,0.0000,0,0,0,0,0,0,0,0
26.0344,225.0000,0.0000,100.0000,255.0000,25.8865,0.0000,0.2607,0.3008,0.0000,0,0,0,0,0,0,0,0
26.0542,225.0000,0.0000,100.0000,255.0000,25.9579,0.0000,0.2608,0.3009,0.0000,0,0,0,0,0,0,0,0
26.0742,225.0000,0.0000,100.0000,255.0000,25.7933,0.0000,0.2600,0.3003,0.0000,0,0,0,0,0,0,0,0
26.0931,225.0000,0.0000,100.0000,255.0000,25.7542,0.0000,0.2604,0.3009,0.0000,0,0,0,0,0,0,0,0
26.1893,225.0000,0.0000,100.0000,255.0000,25.5845,0.0000,0.2593,0.3000,0.0000,0,0,0,0,0,0,0,0
26.2100,225.0000,0.0000,100.0000,255.0000,25.9190,0.0000,0.2599,0.3003,0.0000,0,0,0,0,0,0,0,0
26.2331,225.0000,0.0000,100.0000,255.0000,25.7972,0.0000,0.2602,0.3005,0.0000,0,0,0,0,0,0,0,0
26.2559,225.0000,0.0000,100.0000,255.0000,25.7133,0.0000,0.2596,0.3000,0.0000,0,0,0,0,0,0,0,0
26.2773,225.0000,0.0000,100.0000,255.0000,26.0979,0.0000,0.2611,0.3010,0.0000,0,0,0,0,0,0,0,0
26.2980,225.0000,0.0000,100.0000,255.0000,26.4936,0.0000,0.2617,0.3014,0.0000,0,0,0,0,0,0,0,0
26.3180,225.0000,0.0000,100.0000,255.0000,26.5025,0.0000,0.2618,0.3014,0.0000,0,0,0,0,0,0,0,0
26.3370,225.0000,0.0000,100.0000,255.0000,26.5689,0.0000,0.2621,0.3016,0.0000,0,0,0,0,0,0,0,0
26.3597,225.0000,0.0000,100.0000,255.0000,26.4592,0.0000,0.2615,0.3013,0.0000,0,0,0,0,0,0,0,0
26.3814,225.0000,0.0000,100.0000,255.0000,26.0922,0.0000,0.2609,0.3008,0.0000,0,0,0,0,0,0,0,0
26.3996,225.0000,0.0000,100.0000,255.0000,25.8792,0.0000,0.2604,0.3005,0.0000,0,0,0,0,0,0,0,0
26.4215,225.0000,0.0000,100.0000,255.0000,25.8401,0.0000,0.2604,0.3005,0.0000,0,0,0,0,0,0,0,0
26.4419,225.0000,0.0000,100.0000,255.0000,25.7508,0.0000,0.2605,0.3008,0.0000,0,0,0,0,0,0,0,0
26.4651,225.0000,0.0000,100.0000,255.0000,25.5487,0.0000,0.2599,0.3003,0.0000,0,0,0,0,0,0,0,0
26.4839,225.0000,0.0000,100.0000,255.0000,25.9002,0.0000,0.2605,0.3008,0.0000,0,0,0,0,0,0,0,0
26.5035,225.0000,0.0000,100.0000,255.0000,25.7431,0.0000,0.2599,0.3004,0.0000,0,0,0,0,0,0,0,0
26.5275,225.0000,0.0000,100.0000,255.0000,25.8030,0.0000,0.2604,0.3007,0.0000,0,0,0,0,0,0,0,0
26.5494,225.0000,0.0000,100.0000,255.0000,25.9181,0.0000,0.2606,0.3008,0.0000,0,0,0,0,0,0,0,0
26.5710,225.0000,0.0000,100.0000,255.0000,25.8855,0.0000,0.2602,0.3004,0.0000,0,0,0,0,0,0,0,0
26.5944,225.0000,0.0000,100.0000,255.0000,25.8517,0.0000,0.2603,0.3005,0.0000,0,0,0,0,0,0,0,0
26.6933,225.0000,0.0000,100.0000,255.0000,25.6193,0.0000,0.2600,0.3004,0.0000,0,0,0,0,0,0,0,0
26.7133,225.0000,0.0000,100.0000,255.0000,25.7169,0.0000,0.2606,0.3008,0.0000,0,0,0,0,0,0,0,0
26.7337,225.0000,0.0000,100.0000,255.0000,25.6046,0.0000,0.2600,0.3003,0.0000,0,0,0,0,0,0,0,0
26.7534,225.0000,0.0000,100.0000,255.0000,25.5249,0.0000,0.2603,0.3006,0.0000,0,0,0,0,0,0,0,0
26.7745,225.0000,0.0000,100.0000,255.0000,25.7924,0.0000,0.2606,0.3009,0.0000,0,0,0,0,0,0,0,0
26.8002,225.0000,0.0000,100.0000,255.0000,25.7196,0.0000,0.2606,0.3009,0.0000,0,0,0,0,0,0,0,0
26.8216,225.0000,0.0000,100.0000,255.0000,25.6096,0.0000,0.2609,0.3012,0.0000,0,0,0,0,0,0,0,0
26.8419,225.0000,0.0000,100.0000,255.0000,25.8806,0.0000,0.2610,0.3011,0.0000,0,0,0,0,0,0,0,0
26.8655,225.0000,0.0000,100.0000,255.0000,25.7991,0.0000,0.2614,0.3014,0.0000,0,0,0,0,0,0,0,0
26.8839,225.0000,0.0000,100.0000,255.0000,25.8019,0.0000,0.2613,0.3014,0.0000,0,0,0,0,0,0,0,0
26.9042,225.0000,0.0000,100.0000,255.0000,25.8423,0.0000,0.2609,0.3009,0.0000,0,0,0,0,0,0,0,0
26.9273,225.0000,0.0000,100.0000,255.0000,25.6892,0.0000,0.2609,0.3010,0.0000,0,0,0,0,0,0,0,0
26.9468,225.0000,0.0000,100.0000,255.0000,25.6566,0.0000,0.2611,0.3013,0.0000,0,0,0,0,0,0,0,0
26.9690,225.0000,0.0000,100.0000,255.0000,25.5867,0.0000,0.2608,0.3010,0.0000,0,0,0,0,0,0,0,0
26.9873,225.0000,0.0000,100.0000,255.0000,25.7271,0.0000,0.2603,0.3006,0.0000,0,0,0,0,0,0,0,0
27.0079,225.0000,0.0000,100.0000,255.0000,25.6825,0.0000,0.2605,0.3006,0.0000,0,0,0,0,0,0,0,0
27.0318,225.0000,0.0000,100.0000,255.0000,25.4707,0.0000,0.2606,0.3008,0.0000,0,0,0,0,0,0,0,0
27.0512,225.0000,0.0000,100.0000,255.0000,25.7694,0.0000,0.2612,0.3013,0.0000,0,0,0,0,0,0,0,0
27.0721,225.0000,0.0000,100.0000,255.0000,25.6914,0.0000,0.2610,0.3011,0.0000,0,0,0,0,0,0,0,0
27.0935,225.0000,0.0000,100.0000,255.0000,25.7770,0.0000,0.2607,0.3008,0.0000,0,0,0,0,0,0,0,0
27.1129,225.0000,0.0000,100.0000,255.0000,25.9163,0.0000,0.2615,0.3013,0.0000,0,0,0,0,0,0,0,0
27.2094,225.0000,0.0000,100.0000,255.0000,25.6917,0.0000,0.2606,0.3009,0.0000,0,0,0,0,0,0,0,0
27.2323,225.0000,0.0000,100.0000,255.0000,25.6612,0.0000,0.2610,0.3013,0.0000,0,0,0,0,0,0,0,0
27.2506,225.0000,0.0000,100.0000,255.0000,25.5859,0.0000,0.2610,0.3012,0.0000,0,0,0,0,0,0,0,0
27.2717,225.0000,0.0000,100.0000,255.0000,25.7008,0.0000,0.2608,0.3009,0.0000,0,0,0,0,0,0,0,0
27.2905,225.0000,0.0000,100.0000,255.0000,25.6812,0.0000,0.2606,0.3009,0.0000,0,0,0,0,0,0,0,0
27.3101,225.0000,0.0000,100.0000,255.0000,25.5728,0.0000,0.2607,0.3009,0.0000,0,0,0,0,0,0,0,0
27.3320,225.0000,0.0000,100.0000,255.0000,25.7588,0.0000,0.2613,0.3013,0.0000,0,0,0,0,0,0,0,0
27.3511,225.0000,0.0000,100.0000,255.0000,25.6841,0.0000,0.2609,0.3010,0.0000,0,0,0,0,0,0,0,0
27.3710,225.0000,0.0000,100.0000,255.0000,25.6885,0.0000,0.2610,0.3011,0.0000,0,0,0,0,0,0,0,0
27.3914,225.0000,0.0000,100.0000,255.0000,25.6306,0.0000,0.2610,0.3010,0.0000,0,0,0,0,0,0,0,0
27.4150,225.0000,0.0000,100.0000,255.0000,25.8574,0.0000,0.2611,0.3009,0.0000,0,0,0,0,0,0,0,0
27.4336,225.0000,0.0000,100.0000,255.0000,25.8344,0.0000,0.2611,0.3010,0.0000,0,0,0,0,0,0,0,0
27.4538,225.0000,0.0000,100.0000,255.0000,25.8315,0.0000,0.2609,0.3008,0.0000,0,0,0,0,0,0,0,0
27.4745,225.0000,0.0000,100.0000,255.0000,25.8668,0.0000,0.2612,0.3011,0.0000,0,0,0,0,0,0,0,0
27.4990,225.0000,0.0000,100.0000,255.0000,25.6950,0.0000,0.2609,0.3011,0.0000,0,0,0,0,0,0,0,0
27.5190,225.0000,0.0000,100.0000,255.0000,25.6831,0.0000,0.2608,0.3009,0.0000,0,0,0,0,0,0,0,0
27.5377,225.0000,0.0000,100.0000,255.0000,25.6105,0.0000,0.2609,0.3010,0.0000,0,0,0,0,0,0,0,0
27.5577,225.0000,0.0000,100.0000,255.0000,25.6961,0.0000,0.2606,0.3007,0.0000,0,0,0,0,0,0,0,0
27.5806,225.0000,0.0000,100.0000,255.0000,25.6189,0.0000,0.2608,0.3010,0.0000,0,0,0,0,0,0,0,0
27.6004,225.0000,0.0000,100.0000,255.0000,25.5226,0.0000,0.2606,0.3008,0.0000,0,0,0,0,0,0,0,0
27.6215,225.0000,0.0000,100.0000,255.0000,25.7775,0.0000,0.2615,0.3015,0.0000,0,0,0,0,0,0,0,0
27.7179,225.0000,0.0000,100.0000,255.0000,25.8796,0.0000,0.2612,0.3012,0.0000,0,0,0,0,0,0,0,0
27.7371,225.0000,0.0000,100.0000,255.0000,25.8484,0.0000,0.2613,0.3013,0.0000,0,0,0,0,0,0,0,0
27.7607,225.0000,0.0000,100.0000,255.0000,25.8772,0.0000,0.2613,0.3013,0.0000,0,0,0,0,0,0,0,0
27.7816,225.0000,0.0000,100.0000,255.0000,25.6039,0.0000,0.2604,0.3007,0.0000,0,0,0,0,0,0,0,0
27.8008,225.0000,0.0000,100.0000,255.0000,25.6240,0.0000,0.2606,0.3009,0.0000,0,0,0,0,0,0,0,0
27.8204,225.0000,0.0000,100.0000,255.0000,25.5909,0.0000,0.2606,0.3008,0.0000,0,0,0,0,0,0,0,0
27.8430,225.0000,0.0000,100.0000,255.0000,25.6750,0.0000,0.2612,0.3013,0.0000,0,0,0,0,0,0,0,0
27.8649,225.0000,0.0000,100.0000,255.0000,25.5271,0.0000,0.2605,0.3007,0.0000,0,0,0,0,0,0,0,0
27.8840,225.0000,0.0000,100.0000,255.0000,25.4614,0.0000,0.2604,0.3007,0.0000,0,0,0,0,0,0,0,0
27.9041,225.0000,0.0000,100.0000,255.0000,25.6902,0.0000,0.2609,0.3009,0.0000,0,0,0,0,0,0,0,0
27.9265,225.0000,0.0000,100.0000,255.0000,25.6158,0.0000,0.2612,0.3012,0.0000,0,0,0,0,0,0,0,0
27.9500,225.0000,0.0000,100.0000,255.0000,25.5517,0.0000,0.2612,0.3012,0.0000,0,0,0,0,0,0,0,0
27.9711,225.0000,0.0000,100.0000,255.0000,25.8034,0.0000,0.2611,0.3012,0.0000,0,0,0,0,0,0,0,0
27.9921,225.0000,0.0000,100.0000,255.0000,25.8074,0.0000,0.2614,0.3014,0.0000,0,0,0,0,0,0,0,0
28.0130,225.0000,0.0000,100.0000,255.0000,25.7771,0.0000,0.2610,0.3011,0.0000,0,0,0,0,0,0,0,0
28.0344,225.0000,0.0000,100.0000,255.0000,25.7929,0.0000,0.2609,0.3009,0.0000,0,0,0,0,0,0,0,0
28.0541,225.0000,0.0000,100.0000,255.0000,25.6553,0.0000,0.2611,0.3011,0.0000,0,0,0,0,0,0,0,0
28.0755,225.0000,0.0000,100.0000,255.0000,25.6082,0.0000,0.2611,0.3011,0.0000,0,0,0,0,0,0,0,0
28.0978,225.0000,0.0000,100.0000,255.0000,25.5416,0.0000,0.2607,0.3009,0.0000,0,0,0,0,0,0,0,0
28.1165,225.0000,0.0000,100.0000,255.0000,25.6326,0.0000,0.2613,0.3013,0.0000,0,0,0,0,0,0,0,0
28.1369,225.0000,0.0000,100.0000,255.0000,25.6395,0.0000,0.2611,0.3010,0.0000,0,0,0,0,0,0,0,0
28.2366,225.0000,0.0000,100.0000,255.0000,25.5690,0.0000,0.2609,0.3011,0.0000,0,0,0,0,0,0,0,0
28.2570,225.0000,0.0000,100.0000,255.0000,25.8528,0.0000,0.2613,0.3013,0.0000,0,0,0,0,0,0,0,0
28.2762,225.0000,0.0000,100.0000,255.0000,25.8093,0.0000,0.2614,0.3014,0.0000,0,0,0,0,0,0,0,0
28.2978,225.0000,0.0000,100.0000,255.0000,25.8333,0.0000,0.2612,0.3012,0.0000,0,0,0,0,0,0,0,0
28.3159,225.0000,0.0000,100.0000,255.0000,25.8793,0.0000,0.2613,0.3012,0.0000,0,0,0,0,0,0,0,0
28.3363,225.0000,0.0000,100.0000,255.0000,25.7492,0.0000,0.2608,0.3008,0.0000,0,0,0,0,0,0,0,0
28.3535,225.0000,0.0000,100.0000,255.0000,25.6429,0.0000,0.2613,0.3013,0.0000,0,0,0,0,0,0,0,0
28.3741,225.0000,0.0000,100.0000,255.0000,25.6374,0.0000,0.2609,0.3010,0.0000,0,0,0,0,0,0,0,0
28.3926,225.0000,0.0000,100.0000,255.0000,25.5668,0.0000,0.2608,0.3010,0.0000,0,0,0,0,0,0,0,0
28.4123,225.0000,0.0000,100.0000,255.0000,25.7366,0.0000,0.2605,0.3005,0.0000,0,0,0,0,0,0,0,0
28.4340,225.0000,0.0000,100.0000,255.0000,25.6230,0.0000,0.2605,0.3006,0.0000,0,0,0,0,0,0,0,0
28.4538,225.0000,0.0000,100.0000,255.0000,25.5729,0.0000,0.2606,0.3007,0.0000,0,0,0,0,0,0,0,0
28.4768,225.0000,0.0000,100.0000,255.0000,25.8289,0.0000,0.2609,0.3009,0.0000,0,0,0,0,0,0,0,0
28.4973,225.0000,0.0000,100.0000,255.0000,25.7591,0.0000,0.2612,0.3012,0.0000,0,0,0,0,0,0,0,0
28.5171,225.0000,0.0000,100.0000,255.0000,25.6989,0.0000,0.2611,0.3012,0.0000,0,0,0,0,0,0,0,0
28.5374,225.0000,0.0000,100.0000,255.0000,25.9792,0.0000,0.2618,0.3017,0.0000,0,0,0,0,0,0,0,0
28.5593,225.0000,0.0000,100.0000,255.0000,25.9954,0.0000,0.2619,0.3017,0.0000,0,0,0,0,0,0,0,0
28.5820,225.0000,0.0000,100.0000,255.0000,25.9666,0.0000,0.2617,0.3017,0.0000,0,0,0,0,0,0,0,0
28.5998,225.0000,0.0000,100.0000,255.0000,25.9680,0.0000,0.2617,0.3015,0.0000,0,0,0,0,0,0,0,0
28.6203,225.0000,0.0000,100.0000,255.0000,25.7927,0.0000,0.2613,0.3012,0.0000,0,0,0,0,0,0,0,0
28.6399,225.0000,0.0000,100.0000,255.0000,25.7468,0.0000,0.2610,0.3011,0.0000,0,0,0,0,0,0,0,0
28.7323,225.0000,0.0000,100.0000,255.0000,25.6215,0.0000,0.2608,0.3010,0.0000,0,0,0,0,0,0,0,0
28.7510,225.0000,0.0000,100.0000,255.0000,25.8540,0.0000,0.2607,0.3007,0.0000,0,0,0,0,0,0,0,0
28.7702,225.0000,0.0000,100.0000,255.0000,25.7862,0.0000,0.2610,0.3011,0.0000,0,0,0,0,0,0,0,0
28.7921,225.0000,0.0000,100.0000,255.0000,25.8037,0.0000,0.2613,0.3013,0.0000,0,0,0,0,0,0,0,0
28.8148,225.0000,0.0000,100.0000,255.0000,26.0243,0.0000,0.2615,0.3014,0.0000,0,0,0,0,0,0,0,0
28.8334,225.0000,0.0000,100.0000,255.0000,26.0248,0.0000,0.2618,0.3017,0.0000,0,0,0,0,0,0,0,0
28.8546,225.0000,0.0000,100.0000,255.0000,26.0269,0.0000,0.2615,0.3015,0.0000,0,0,0,0,0,0,0,0
28.8745,225.0000,0.0000,100.0000,255.0000,26.0370,0.0000,0.2616,0.3015,0.0000,0,0,0,0,0,0,0,0
28.8971,225.0000,0.0000,100.0000,255.0000,25.8346,0.0000,0.2607,0.3008,0.0000,0,0,0,0,0,0,0,0
28.9168,225.0000,0.0000,100.0000,255.0000,25.7890,0.0000,0.2605,0.3007,0.0000,0,0,0,0,0,0,0,0
28.9373,225.0000,0.0000,100.0000,255.0000,25.7904,0.0000,0.2606,0.3007,0.0000,0,0,0,0,0,0,0,0
28.9591,225.0000,0.0000,100.0000,255.0000,25.7379,0.0000,0.2600,0.3003,0.0000,0,0,0,0,0,0,0,0
28.9815,225.0000,0.0000,100.0000,255.0000,25.8839,0.0000,0.2607,0.3009,0.0000,0,0,0,0,0,0,0,0
29.0013,225.0000,0.0000,100.0000,255.0000,25.7516,0.0000,0.2601,0.3004,0.0000,0,0,0,0,0,0,0,0
29.0202,225.0000,0.0000,100.0000,255.0000,25.7200,0.0000,0.2605,0.3009,0.0000,0,0,0,0,0,0,0,0
29.0415,225.0000,0.0000,100.0000,255.0000,25.9301,0.0000,0.2608,0.3010,0.0000,0,0,0,0,0,0,0,0
29.0656,225.0000,0.0000,100.0000,255.0000,25.8672,0.0000,0.2612,0.3013,0.0000,0,0,0,0,0,0,0,0
29.0840,225.0000,0.0000,100.0000,255.0000,25.8140,0.0000,0.2607,0.3009,0.0000,0,0,0,0,0,0,0,0
29.1035,225.0000,0.0000,100.0000,255.0000,26.0745,0.0000,0.2614,0.3014,0.0000,0,0,0,0,0,0,0,0
29.1264,225.0000,0.0000,100.0000,255.0000,26.0962,0.0000,0.2614,0.3014,0.0000,0,0,0,0,0,0,0,0
29.1468,225.0000,0.0000,100.0000,255.0000,26.0261,0.0000,0.2615,0.3015,0.0000,0,0,0,0,0,0,0,0
29.2427,225.0000,0.0000,100.0000,255.0000,25.7566,0.0000,0.2604,0.3006,0.0000,0,0,0,0,0,0,0,0
29.2643,225.0000,0.0000,100.0000,255.0000,25.8796,0.0000,0.2608,0.3009,0.0000,0,0,0,0,0,0,0,0
29.2836,225.0000,0.0000,100.0000,255.0000,25.8026,0.0000,0.2600,0.3003,0.0000,0,0,0,0,0,0,0,0
29.3031,225.0000,0.0000,100.0000,255.0000,25.7100,0.0000,0.2604,0.3007,0.0000,0,0,0,0,0,0,0,0
29.3236,225.0000,0.0000,100.0000,255.0000,25.9077,0.0000,0.2607,0.3008,0.0000,0,0,0,0,0,0,0,0
29.3433,225.0000,0.0000,100.0000,255.0000,25.8206,0.0000,0.2611,0.3013,0.0000,0,0,0,0,0,0,0,0
29.3643,225.0000,0.0000,100.0000,255.0000,25.8026,0.0000,0.2609,0.3011,0.0000,0,0,0,0,0,0,0,0
29.3836,225.0000,0.0000,100.0000,255.0000,26.0543,0.0000,0.2613,0.3012,0.0000,0,0,0,0,0,0,0,0
29.4035,225.0000,0.0000,100.0000,255.0000,26.0570,0.0000,0.2614,0.3013,0.0000,0,0,0,0,0,0,0,0
29.4267,225.0000,0.0000,100.0000,255.0000,26.0421,0.0000,0.2613,0.3012,0.0000,0,0,0,0,0,0,0,0
29.4461,225.0000,0.0000,100.0000,255.0000,26.0760,0.0000,0.2613,0.3013,0.0000,0,0,0,0,0,0,0,0
29.4674,225.0000,0.0000,100.0000,255.0000,25.8896,0.0000,0.2610,0.3012,0.0000,0,0,0,0,0,0,0,0
29.4865,225.0000,0.0000,100.0000,255.0000,25.8534,0.0000,0.2607,0.3008,0.0000,0,0,0,0,0,0,0,0
29.5081,225.0000,0.0000,100.0000,255.0000,25.8593,0.0000,0.2610,0.3011,0.0000,0,0,0,0,0,0,0,0
29.5312,225.0000,0.0000,100.0000,255.0000,25.8573,0.0000,0.2611,0.3013,0.0000,0,0,0,0,0,0,0,0
29.5506,225.0000,0.0000,100.0000,255.0000,25.9034,0.0000,0.2607,0.3008,0.0000,0,0,0,0,0,0,0,0
29.5702,225.0000,0.0000,100.0000,255.0000,25.8159,0.0000,0.2604,0.3005,0.0000,0,0,0,0,0,0,0,0
29.5920,225.0000,0.0000,100.0000,255.0000,25.7394,0.0000,0.2602,0.3005,0.0000,0,0,0,0,0,0,0,0
29.6152,225.0000,0.0000,100.0000,255.0000,25.8739,0.0000,0.2611,0.3012,0.0000,0,0,0,0,0,0,0,0
29.6347,225.0000,0.0000,100.0000,255.0000,25.8726,0.0000,0.2609,0.3009,0.0000,0,0,0,0,0,0,0,0
29.6537,225.0000,0.0000,100.0000,255.0000,25.8289,0.0000,0.2613,0.3013,0.0000,0,0,0,0,0,0,0,0
29.7508,225.0000,0.0000,100.0000,255.0000,25.8733,0.0000,0.2612,0.3012,0.0000,0,0,0,0,0,0,0,0
29.7695,225.0000,0.0000,100.0000,255.0000,25.8074,0.0000,0.2606,0.3007,0.0000,0,0,0,0,0,0,0,0
29.7867,225.0000,0.0000,100.0000,255.0000,25.8389,0.0000,0.2605,0.3006,0.0000,0,0,0,0,0,0,0,0
29.8091,225.0000,0.0000,100.0000,255.0000,25.7490,0.0000,0.2607,0.3009,0.0000,0,0,0,0,0,0,0,0
29.8316,225.0000,0.0000,100.0000,255.0000,25.8164,0.0000,0.2607,0.3008,0.0000,0,0,0,0,0,0,0,0
29.8502,225.0000,0.0000,100.0000,255.0000,25.7444,0.0000,0.2601,0.3004,0.0000,0,0,0,0,0,0,0,0
29.8720,225.0000,0.0000,100.0000,255.0000,25.6379,0.0000,0.2604,0.3006,0.0000,0,0,0,0,0,0,0,0
29.8914,225.0000,0.0000,100.0000,255.0000,25.8901,0.0000,0.2610,0.3011,0.0000,0,0,0,0,0,0,0,0
29.9150,225.0000,0.0000,100.0000,255.0000,25.8463,0.0000,0.2611,0.3012,0.0000,0,0,0,0,0,0,0,0
29.9332,225.0000,0.0000,100.0000,255.0000,25.8159,0.0000,0.2610,0.3011,0.0000,0,0,0,0,0,0,0,0
29.9538,225.0000,0.0000,100.0000,255.0000,26.0713,0.0000,0.2612,0.3012,0.0000,0,0,0,0,0,0,0,0
29.9744,225.0000,0.0000,100.0000,255.0000,26.0913,0.0000,0.2611,0.3010,0.0000,0,0,0,0,0,0,0,0
29.9973,225.0000,0.0000,100.0000,255.0000,25.9879,0.0000,0.2614,0.3013,0.0000,0,0,0,0,0,0,0,0
30.0175,225.0000,0.0000,100.0000,255.0000,25.9879,0.0000,0.2614,0.3014,0.0000,0,0,0,0,0,0,0,0
30.0389,225.0000,0.0000,100.0000,255.0000,25.8113,0.0000,0.2608,0.3010,0.0000,0,0,0,0,0,0,0,0
30.0581,225.0000,0.0000,100.0000,255.0000,25.7934,0.0000,0.2603,0.3006,0.0000,0,0,0,0,0,0,0,0
30.0813,225.0000,0.0000,100.0000,255.0000,25.7015,0.0000,0.2604,0.3007,0.0000,0,0,0,0,0,0,0,0
30.1002,225.0000,0.0000,100.0000,255.0000,25.8307,0.0000,0.2609,0.3012,0.0000,0,0,0,0,0,0,0,0
30.1202,225.0000,0.0000,100.0000,255.0000,25.7940,0.0000,0.2605,0.3007,0.0000,0,0,0,0,0,0,0,0
30.1431,225.0000,0.0000,100.0000,255.0000,25.6914,0.0000,0.2601,0.3004,0.0000,0,0,0,0,0,0,0,0
30.1646,225.0000,0.0000,100.0000,255.0000,25.8179,0.0000,0.2607,0.3008,0.0000,0,0,0,0,0,0,0,0
30.2652,225.0000,0.0000,100.0000,255.0000,25.9089,0.0000,0.2616,0.3015,0.0000,0,0,0,0,0,0,0,0
30.2850,225.0000,0.0000,100.0000,255.0000,25.8601,0.0000,0.2613,0.3013,0.0000,0,0,0,0,0,0,0,0
30.3042,225.0000,0.0000,100.0000,255.0000,25.8915,0.0000,0.2617,0.3016,0.0000,0,0,0,0,0,0,0,0
30.3233,225.0000,0.0000,100.0000,255.0000,25.7327,0.0000,0.2612,0.3012,0.0000,0,0,0,0,0,0,0,0
30.3456,225.0000,0.0000,100.0000,255.0000,25.6796,0.0000,0.2605,0.3007,0.0000,0,0,0,0,0,0,0,0
30.3675,225.0000,0.0000,100.0000,255.0000,25.6229,0.0000,0.2607,0.3009,0.0000,0,0,0,0,0,0,0,0
30.3867,225.0000,0.0000,100.0000,255.0000,25.7493,0.0000,0.2612,0.3013,0.0000,0,0,0,0,0,0,0,0
30.4095,225.0000,0.0000,100.0000,255.0000,25.7378,0.0000,0.2610,0.3010,0.0000,0,0,0,0,0,0,0,0
30.4320,225.0000,0.0000,100.0000,255.0000,25.5546,0.0000,0.2610,0.3011,0.0000,0,0,0,0,0,0,0,0
30.4510,225.0000,0.0000,100.0000,255.0000,25.7840,0.0000,0.2611,0.3012,0.0000,0,0,0,0,0,0,0,0
30.4705,225.0000,0.0000,100.0000,255.0000,25.7285,0.0000,0.2610,0.3011,0.0000,0,0,0,0,0,0,0,0
30.4939,225.0000,0.0000,100.0000,255.0000,25.7569,0.0000,0.2611,0.3013,0.0000,0,0,0,0,0,0,0,0
30.5142,225.0000,0.0000,100.0000,255.0000,26.0050,0.0000,0.2619,0.3018,0.0000,0,0,0,0,0,0,0,0
30.5340,225.0000,0.0000,100.0000,255.0000,25.9690,0.0000,0.2613,0.3012,0.0000,0,0,0,0,0,0,0,0
30.5541,225.0000,0.0000,100.0000,255.0000,25.9185,0.0000,0.2620,0.3019,0.0000,0,0,0,0,0,0,0,0
30.5743,225.0000,0.0000,100.0000,255.0000,25.9137,0.0000,0.2619,0.3019,0.0000,0,0,0,0,0,0,0,0
30.5975,225.0000,0.0000,100.0000,255.0000,25.7705,0.0000,0.2613,0.3015,0.0000,0,0,0,0,0,0,0,0
30.6184,225.0000,0.0000,100.0000,255.0000,25.7264,0.0000,0.2604,0.3007,0.0000,0,0,0,0,0,0,0,0
30.6367,225.0000,0.0000,100.0000,255.0000,25.7546,0.0000,0.2605,0.3008,0.0000,0,0,0,0,0,0,0,0
30.6572,225.0000,0.0000,100.0000,255.0000,25.7048,0.0000,0.2608,0.3011,0.0000,0,0,0,0,0,0,0,0
30.6757,225.0000,0.0000,100.0000,255.0000,25.8672,0.0000,0.2615,0.3015,0.0000,0,0,0,0,0,0,0,0
30.7758,225.0000,0.0000,100.0000,255.0000,25.7841,0.0000,0.2615,0.3015,0.0000,0,0,0,0,0,0,0,0
30.7979,225.0000,0.0000,100.0000,255.0000,26.0077,0.0000,0.2620,0.3018,0.0000,0,0,0,0,0,0,0,0
30.8162,225.0000,0.0000,100.0000,255.0000,25.9693,0.0000,0.2618,0.3018,0.0000,0,0,0,0,0,0,0,0
30.8363,225.0000,0.0000,100.0000,255.0000,25.9429,0.0000,0.2621,0.3020,0.0000,0,0,0,0,0,0,0,0
30.8532,225.0000,0.0000,100.0000,255.0000,25.9101,0.0000,0.2620,0.3019,0.0000,0,0,0,0,0,0,0,0
30.8758,225.0000,0.0000,100.0000,255.0000,25.9263,0.0000,0.2621,0.3021,0.0000,0,0,0,0,0,0,0,0
30.8983,225.0000,0.0000,100.0000,255.0000,25.7239,0.0000,0.2612,0.3013,0.0000,0,0,0,0,0,0,0,0
30.9172,225.0000,0.0000,100.0000,255.0000,25.7532,0.0000,0.2616,0.3015,0.0000,0,0,0,0,0,0,0,0
30.9372,225.0000,0.0000,100.0000,255.0000,25.6561,0.0000,0.2613,0.3014,0.0000,0,0,0,0,0,0,0,0
30.9596,225.0000,0.0000,100.0000,255.0000,25.7887,0.0000,0.2619,0.3018,0.0000,0,0,0,0,0,0,0,0
30.9807,225.0000,0.0000,100.0000,255.0000,25.6422,0.0000,0.2615,0.3016,0.0000,0,0,0,0,0,0,0,0
31.0004,225.0000,0.0000,100.0000,255.0000,25.5452,0.0000,0.2615,0.3016,0.0000,0,0,0,0,0,0,0,0
31.0183,225.0000,0.0000,100.0000,255.0000,25.8294,0.0000,0.2616,0.3015,0.0000,0,0,0,0,0,0,0,0
31.0370,225.0000,0.0000,100.0000,255.0000,25.7540,0.0000,0.2619,0.3019,0.0000,0,0,0,0,0,0,0,0
31.0601,225.0000,0.0000,100.0000,255.0000,25.8481,0.0000,0.2616,0.3016,0.0000,0,0,0,0,0,0,0,0
31.0806,225.0000,0.0000,100.0000,255.0000,26.0371,0.0000,0.2623,0.3021,0.0000,0,0,0,0,0,0,0,0
31.0995,225.0000,0.0000,100.0000,255.0000,26.0197,0.0000,0.2622,0.3019,0.0000,0,0,0,0,0,0,0,0
31.1200,225.0000,0.0000,100.0000,255.0000,25.9297,0.0000,0.2621,0.3020,0.0000,0,0,0,0,0,0,0,0
31.1416,225.0000,0.0000,100.0000,255.0000,25.9175,0.0000,0.2622,0.3021,0.0000,0,0,0,0,0,0,0,0
31.1648,225.0000,0.0000,100.0000,255.0000,25.8319,0.0000,0.2621,0.3021,0.0000,0,0,0,0,0,0,0,0
31.1834,225.0000,0.0000,100.0000,255.0000,25.7854,0.0000,0.2610,0.3013,0.0000,0,0,0,0,0,0,0,0
31.2823,225.0000,0.0000,100.0000,255.0000,25.5904,0.0000,0.2614,0.3016,0.0000,0,0,0,0,0,0,0,0
31.3035,225.0000,0.0000,100.0000,255.0000,25.8554,0.0000,0.2618,0.3017,0.0000,0,0,0,0,0,0,0,0
31.3239,225.0000,0.0000,100.0000,255.0000,25.7406,0.0000,0.2619,0.3018,0.0000,0,0,0,0,0,0,0,0
31.3459,225.0000,0.0000,100.0000,255.0000,25.7856,0.0000,0.2616,0.3017,0.0000,0,0,0,0,0,0,0,0
31.3669,225.0000,0.0000,100.0000,255.0000,26.0682,0.0000,0.2623,0.3021,0.0000,0,0,0,0,0,0,0,0
31.3870,225.0000,0.0000,100.0000,255.0000,26.0223,0.0000,0.2625,0.3023,0.0000,0,0,0,0,0,0,0,0
31.4103,225.0000,0.0000,100.0000,255.0000,25.9602,0.0000,0.2626,0.3024,0.0000,0,0,0,0,0,0,0,0
31.4330,225.0000,0.0000,100.0000,255.0000,25.9792,0.0000,0.2624,0.3022,0.0000,0,0,0,0,0,0,0,0
31.4559,225.0000,0.0000,100.0000,255.0000,25.8148,0.0000,0.2620,0.3021,0.0000,0,0,0,0,0,0,0,0
31.4740,225.0000,0.0000,100.0000,255.0000,25.7533,0.0000,0.2612,0.3013,0.0000,0,0,0,0,0,0,0,0
31.4981,225.0000,0.0000,100.0000,255.0000,25.7337,0.0000,0.2613,0.3015,0.0000,0,0,0,0,0,0,0,0
31.5170,225.0000,0.0000,100.0000,255.0000,25.8772,0.0000,0.2621,0.3020,0.0000,0,0,0,0,0,0,0,0
31.5363,225.0000,0.0000,100.0000,255.0000,25.7981,0.0000,0.2621,0.3021,0.0000,0,0,0,0,0,0,0,0
31.5538,225.0000,0.0000,100.0000,255.0000,25.6739,0.0000,0.2617,0.3020,0.0000,0,0,0,0,0,0,0,0
31.5745,225.0000,0.0000,100.0000,255.0000,25.5962,0.0000,0.2613,0.3016,0.0000,0,0,0,0,0,0,0,0
31.5962,225.0000,0.0000,100.0000,255.0000,25.7532,0.0000,0.2614,0.3016,0.0000,0,0,0,0,0,0,0,0
31.6168,225.0000,0.0000,100.0000,255.0000,25.8461,0.0000,0.2618,0.3020,0.0000,0,0,0,0,0,0,0,0
31.6367,225.0000,0.0000,100.0000,255.0000,25.8090,0.0000,0.2620,0.3020,0.0000,0,0,0,0,0,0,0,0
31.6569,225.0000,0.0000,100.0000,255.0000,26.0789,0.0000,0.2622,0.3020,0.0000,0,0,0,0,0,0,0,0
31.6772,225.0000,0.0000,100.0000,255.0000,26.0252,0.0000,0.2624,0.3022,0.0000,0,0,0,0,0,0,0,0
31.6955,225.0000,0.0000,100.0000,255.0000,25.9509,0.0000,0.2619,0.3019,0.0000,0,0,0,0,0,0,0,0
31.7927,225.0000,0.0000,100.0000,255.0000,25.7026,0.0000,0.2612,0.3016,0.0000,0,0,0,0,0,0,0,0
31.8144,225.0000,0.0000,100.0000,255.0000,25.7554,0.0000,0.2614,0.3016,0.0000,0,0,0,0,0,0,0,0
31.8334,225.0000,0.0000,100.0000,255.0000,25.6512,0.0000,0.2606,0.3010,0.0000,0,0,0,0,0,0,0,0
31.8536,225.0000,0.0000,100.0000,255.0000,25.5910,0.0000,0.2612,0.3014,0.0000,0,0,0,0,0,0,0,0
31.8760,225.0000,0.0000,100.0000,255.0000,25.7884,0.0000,0.2611,0.3012,0.0000,0,0,0,0,0,0,0,0
31.8967,225.0000,0.0000,100.0000,255.0000,25.7597,0.0000,0.2614,0.3017,0.0000,0,0,0,0,0,0,0,0
31.9170,225.0000,0.0000,100.0000,255.0000,25.7474,0.0000,0.2613,0.3017,0.0000,0,0,0,0,0,0,0,0
31.9368,225.0000,0.0000,100.0000,255.0000,26.0090,0.0000,0.2618,0.3018,0.0000,0,0,0,0,0,0,0,0
31.9597,225.0000,0.0000,100.0000,255.0000,26.0166,0.0000,0.2619,0.3019,0.0000,0,0,0,0,0,0,0,0
31.9820,225.0000,0.0000,100.0000,255.0000,25.9319,0.0000,0.2613,0.3014,0.0000,0,0,0,0,0,0,0,0
32.0000,225.0000,0.0000,100.0000,255.0000,25.9326,0.0000,0.2615,0.3016,0.0000,0,0,0,0,0,0,0,0
32.0199,225.0000,0.0000,100.0000,255.0000,25.7809,0.0000,0.2614,0.3016,0.0000,0,0,0,0,0,0,0,0
32.0419,225.0000,0.0000,100.0000,255.0000,25.7469,0.0000,0.2612,0.3015,0.0000,0,0,0,0,0,0,0,0
32.0649,225.0000,0.0000,100.0000,255.0000,25.7312,0.0000,0.2610,0.3012,0.0000,0,0,0,0,0,0,0,0
32.0835,225.0000,0.0000,100.0000,255.0000,25.8490,0.0000,0.2616,0.3018,0.0000,0,0,0,0,0,0,0,0
32.1037,225.0000,0.0000,100.0000,255.0000,25.8107,0.0000,0.2613,0.3014,0.0000,0,0,0,0,0,0,0,0
32.1245,225.0000,0.0000,100.0000,255.0000,25.6818,0.0000,0.2606,0.3007,0.0000,0,0,0,0,0,0,0,0
32.1476,225.0000,0.0000,100.0000,255.0000,25.9055,0.0000,0.2613,0.3013,0.0000,0,0,0,0,0,0,0,0
32.1671,225.0000,0.0000,100.0000,255.0000,25.8088,0.0000,0.2611,0.3012,0.0000,0,0,0,0,0,0,0,0
32.1878,225.0000,0.0000,100.0000,255.0000,25.8532,0.0000,0.2617,0.3017,0.0000,0,0,0,0,0,0,0,0
32.2089,225.0000,0.0000,100.0000,255.0000,25.7840,0.0000,0.2614,0.3016,0.0000,0,0,0,0,0,0,0,0
32.3087,225.0000,0.0000,100.0000,255.0000,25.9084,0.0000,0.2616,0.3015,0.0000,0,0,0,0,0,0,0,0
32.3320,225.0000,0.0000,100.0000,255.0000,25.8561,0.0000,0.2610,0.3011,0.0000,0,0,0,0,0,0,0,0
32.3496,225.0000,0.0000,100.0000,255.0000,25.8101,0.0000,0.2611,0.3012,0.0000,0,0,0,0,0,0,0,0
32.3717,225.0000,0.0000,100.0000,255.0000,25.9147,0.0000,0.2614,0.3014,0.0000,0,0,0,0,0,0,0,0
32.3926,225.0000,0.0000,100.0000,255.0000,25.8584,0.0000,0.2619,0.3019,0.0000,0,0,0,0,0,0,0,0
32.4150,225.0000,0.0000,100.0000,255.0000,25.7392,0.0000,0.2610,0.3012,0.0000,0,0,0,0,0,0,0,0
32.4337,225.0000,0.0000,100.0000,255.0000,25.9824,0.0000,0.2614,0.3015,0.0000,0,0,0,0,0,0,0,0
32.4544,225.0000,0.0000,100.0000,255.0000,25.9074,0.0000,0.2615,0.3016,0.0000,0,0,0,0,0,0,0,0
32.4752,225.0000,0.0000,100.0000,255.0000,25.9763,0.0000,0.2612,0.3014,0.0000,0,0,0,0,0,0,0,0
32.4975,225.0000,0.0000,100.0000,255.0000,26.1939,0.0000,0.2620,0.3018,0.0000,0,0,0,0,0,0,0,0
32.5170,225.0000,0.0000,100.0000,255.0000,26.1580,0.0000,0.2621,0.3019,0.0000,0,0,0,0,0,0,0,0
32.5372,225.0000,0.0000,100.0000,255.0000,26.1091,0.0000,0.2620,0.3018,0.0000,0,0,0,0,0,0,0,0
32.5581,225.0000,0.0000,100.0000,255.0000,26.0852,0.0000,0.2614,0.3014,0.0000,0,0,0,0,0,0,0,0
32.5814,225.0000,0.0000,100.0000,255.0000,25.9503,0.0000,0.2615,0.3016,0.0000,0,0,0,0,0,0,0,0
32.6004,225.0000,0.0000,100.0000,255.0000,25.9143,0.0000,0.2606,0.3007,0.0000,0,0,0,0,0,0,0,0
32.6181,225.0000,0.0000,100.0000,255.0000,25.9342,0.0000,0.2609,0.3010,0.0000,0,0,0,0,0,0,0,0
32.6375,225.0000,0.0000,100.0000,255.0000,25.8967,0.0000,0.2605,0.3007,0.0000,0,0,0,0,0,0,0,0
32.6594,225.0000,0.0000,100.0000,255.0000,26.0308,0.0000,0.2613,0.3014,0.0000,0,0,0,0,0,0,0,0
32.6815,225.0000,0.0000,100.0000,255.0000,25.8260,0.0000,0.2609,0.3013,0.0000,0,0,0,0,0,0,0,0
32.7010,225.0000,0.0000,100.0000,255.0000,25.7689,0.0000,0.2607,0.3010,0.0000,0,0,0,0,0,0,0,0
32.7197,225.0000,0.0000,100.0000,255.0000,26.0336,0.0000,0.2612,0.3012,0.0000,0,0,0,0,0,0,0,0
32.8136,225.0000,0.0000,100.0000,255.0000,26.1002,0.0000,0.2617,0.3016,0.0000,0,0,0,0,0,0,0,0
32.8344,225.0000,0.0000,100.0000,255.0000,26.0977,0.0000,0.2620,0.3020,0.0000,0,0,0,0,0,0,0,0
32.8535,225.0000,0.0000,100.0000,255.0000,26.1427,0.0000,0.2619,0.3018,0.0000,0,0,0,0,0,0,0,0
32.8740,225.0000,0.0000,100.0000,255.0000,26.0133,0.0000,0.2616,0.3017,0.0000,0,0,0,0,0,0,0,0
32.8982,225.0000,0.0000,100.0000,255.0000,25.9745,0.0000,0.2607,0.3009,0.0000,0,0,0,0,0,0,0,0
32.9159,225.0000,0.0000,100.0000,255.0000,25.9389,0.0000,0.2609,0.3010,0.0000,0,0,0,0,0,0,0,0
32.9372,225.0000,0.0000,100.0000,255.0000,26.0322,0.0000,0.2616,0.3018,0.0000,0,0,0,0,0,0,0,0
32.9565,225.0000,0.0000,100.0000,255.0000,25.9801,0.0000,0.2615,0.3016,0.0000,0,0,0,0,0,0,0,0
32.9732,225.0000,0.0000,100.0000,255.0000,25.8958,0.0000,0.2610,0.3012,0.0000,0,0,0,0,0,0,0,0
32.9917,225.0000,0.0000,100.0000,255.0000,25.8379,0.0000,0.2606,0.3009,0.0000,0,0,0,0,0,0,0,0
33.0155,225.0000,0.0000,100.0000,255.0000,26.0008,0.0000,0.2615,0.3017,0.0000,0,0,0,0,0,0,0,0
33.0374,225.0000,0.0000,100.0000,255.0000,26.0281,0.0000,0.2615,0.3017,0.0000,0,0,0,0,0,0,0,0
33.0582,225.0000,0.0000,100.0000,255.0000,25.9682,0.0000,0.2615,0.3016,0.0000,0,0,0,0,0,0,0,0
33.0809,225.0000,0.0000,100.0000,255.0000,26.2178,0.0000,0.2619,0.3018,0.0000,0,0,0,0,0,0,0,0
33.0991,225.0000,0.0000,100.0000,255.0000,26.2016,0.0000,0.2620,0.3019,0.0000,0,0,0,0,0,0,0,0
33.1197,225.0000,0.0000,100.0000,255.0000,26.1858,0.0000,0.2619,0.3020,0.0000,0,0,0,0,0,0,0,0
33.1424,225.0000,0.0000,100.0000,255.0000,26.2214,0.0000,0.2617,0.3016,0.0000,0,0,0,0,0,0,0,0
33.1650,225.0000,0.0000,100.0000,255.0000,26.0035,0.0000,0.2611,0.3012,0.0000,0,0,0,0,0,0,0,0
33.1842,225.0000,0.0000,100.0000,255.0000,26.0307,0.0000,0.2611,0.3011,0.0000,0,0,0,0,0,0,0,0
33.2047,225.0000,0.0000,100.0000,255.0000,25.9423,0.0000,0.2611,0.3012,0.0000,0,0,0,0,0,0,0,0
33.2246,225.0000,0.0000,100.0000,255.0000,26.0719,0.0000,0.2619,0.3020,0.0000,0,0,0,0,0,0,0,0
33.3208,225.0000,0.0000,100.0000,255.0000,26.0458,0.0000,0.2617,0.3018,0.0000,0,0,0,0,0,0,0,0
33.3409,225.0000,0.0000,100.0000,255.0000,25.9519,0.0000,0.2616,0.3018,0.0000,0,0,0,0,0,0,0,0
33.3646,225.0000,0.0000,100.0000,255.0000,26.1872,0.0000,0.2618,0.3018,0.0000,0,0,0,0,0,0,0,0
33.3838,225.0000,0.0000,100.0000,255.0000,26.1566,0.0000,0.2619,0.3019,0.0000,0,0,0,0,0,0,0,0
33.4037,225.0000,0.0000,100.0000,255.0000,26.1541,0.0000,0.2619,0.3018,0.0000,0,0,0,0,0,0,0,0
33.4257,225.0000,0.0000,100.0000,255.0000,26.1905,0.0000,0.2619,0.3019,0.0000,0,0,0,0,0,0,0,0
33.4452,225.0000,0.0000,100.0000,255.0000,25.9877,0.0000,0.2613,0.3014,0.0000,0,0,0,0,0,0,0,0
33.4668,225.0000,0.0000,100.0000,255.0000,26.0125,0.0000,0.2611,0.3012,0.0000,0,0,0,0,0,0,0,0
33.4864,225.0000,0.0000,100.0000,255.0000,25.8987,0.0000,0.2611,0.3013,0.0000,0,0,0,0,0,0,0,0
33.5095,225.0000,0.0000,100.0000,255.0000,26.0215,0.0000,0.2618,0.3018,0.0000,0,0,0,0,0,0,0,0
33.5311,225.0000,0.0000,100.0000,255.0000,25.9280,0.0000,0.2612,0.3013,0.0000,0,0,0,0,0,0,0,0
33.5501,225.0000,0.0000,100.0000,255.0000,25.8505,0.0000,0.2607,0.3011,0.0000,0,0,0,0,0,0,0,0
33.5722,225.0000,0.0000,100.0000,255.0000,26.1010,0.0000,0.2613,0.3013,0.0000,0,0,0,0,0,0,0,0
33.5910,225.0000,0.0000,100.0000,255.0000,26.0052,0.0000,0.2613,0.3014,0.0000,0,0,0,0,0,0,0,0
33.6139,225.0000,0.0000,100.0000,255.0000,25.9208,0.0000,0.2615,0.3016,0.0000,0,0,0,0,0,0,0,0
33.6334,225.0000,0.0000,100.0000,255.0000,26.1994,0.0000,0.2615,0.3016,0.0000,0,0,0,0,0,0,0,0
33.6532,225.0000,0.0000,100.0000,255.0000,26.1731,0.0000,0.2616,0.3015,0.0000,0,0,0,0,0,0,0,0
33.6756,225.0000,0.0000,100.0000,255.0000,26.1938,0.0000,0.2620,0.3020,0.0000,0,0,0,0,0,0,0,0
33.6977,225.0000,0.0000,100.0000,255.0000,26.2217,0.0000,0.2620,0.3020,0.0000,0,0,0,0,0,0,0,0
33.7166,225.0000,0.0000,100.0000,255.0000,26.0470,0.0000,0.2615,0.3017,0.0000,0,0,0,0,0,0,0,0
33.7367,225.0000,0.0000,100.0000,255.0000,26.0034,0.0000,0.2612,0.3013,0.0000,0,0,0,0,0,0,0,0
33.8334,225.0000,0.0000,100.0000,255.0000,25.8295,0.0000,0.2604,0.3010,0.0000,0,0,0,0,0,0,0,0
33.8532,225.0000,0.0000,100.0000,255.0000,26.1116,0.0000,0.2613,0.3013,0.0000,0,0,0,0,0,0,0,0
33.8757,225.0000,0.0000,100.0000,255.0000,26.0056,0.0000,0.2608,0.3011,0.0000,0,0,0,0,0,0,0,0
33.8974,225.0000,0.0000,100.0000,255.0000,25.9529,0.0000,0.2609,0.3012,0.0000,0,0,0,0,0,0,0,0
33.9173,225.0000,0.0000,100.0000,255.0000,26.1790,0.0000,0.2614,0.3015,0.0000,0,0,0,0,0,0,0,0
33.9374,225.0000,0.0000,100.0000,255.0000,26.1562,0.0000,0.2614,0.3016,0.0000,0,0,0,0,0,0,0,0
33.9590,225.0000,0.0000,100.0000,255.0000,26.1453,0.0000,0.2611,0.3013,0.0000,0,0,0,0,0,0,0,0
33.9815,225.0000,0.0000,100.0000,255.0000,26.1871,0.0000,0.2609,0.3010,0.0000,0,0,0,0,0,0,0,0
34.0003,225.0000,0.0000,100.0000,255.0000,26.0142,0.0000,0.2606,0.3009,0.0000,0,0,0,0,0,0,0,0
34.0203,225.0000,0.0000,100.0000,255.0000,25.9616,0.0000,0.2610,0.3013,0.0000,0,0,0,0,0,0,0,0
34.0417,225.0000,0.0000,100.0000,255.0000,25.9253,0.0000,0.2608,0.3012,0.0000,0,0,0,0,0,0,0,0
34.0644,225.0000,0.0000,100.0000,255.0000,26.0084,0.0000,0.2605,0.3008,0.0000,0,0,0,0,0,0,0,0
34.0840,225.0000,0.0000,100.0000,255.0000,25.9448,0.0000,0.2606,0.3010,0.0000,0,0,0,0,0,0,0,0
34.1039,225.0000,0.0000,100.0000,255.0000,25.8456,0.0000,0.2606,0.3010,0.0000,0,0,0,0,0,0,0,0
34.1264,225.0000,0.0000,100.0000,255.0000,25.8080,0.0000,0.2603,0.3010,0.0000,0,0,0,0,0,0,0,0
34.1474,225.0000,0.0000,100.0000,255.0000,25.9845,0.0000,0.2609,0.3012,0.0000,0,0,0,0,0,0,0,0
34.1667,225.0000,0.0000,100.0000,255.0000,25.9812,0.0000,0.2607,0.3009,0.0000,0,0,0,0,0,0,0,0
34.1868,225.0000,0.0000,100.0000,255.0000,25.9479,0.0000,0.2605,0.3008,0.0000,0,0,0,0,0,0,0,0
34.2066,225.0000,0.0000,100.0000,255.0000,26.1669,0.0000,0.2613,0.3012,0.0000,0,0,0,0,0,0,0,0
34.2252,225.0000,0.0000,100.0000,255.0000,26.1322,0.0000,0.2615,0.3016,0.0000,0,0,0,0,0,0,0,0
34.2495,225.0000,0.0000,100.0000,255.0000,26.0875,0.0000,0.2610,0.3010,0.0000,0,0,0,0,0,0,0,0
34.3496,225.0000,0.0000,100.0000,255.0000,25.9222,0.0000,0.2608,0.3008,0.0000,0,0,0,0,0,0,0,0
34.3708,225.0000,0.0000,100.0000,255.0000,25.9160,0.0000,0.2611,0.3012,0.0000,0,0,0,0,0,0,0,0
34.3930,225.0000,0.0000,100.0000,255.0000,25.8166,0.0000,0.2609,0.3011,0.0000,0,0,0,0,0,0,0,0
34.4133,225.0000,0.0000,100.0000,255.0000,26.0083,0.0000,0.2614,0.3015,0.0000,0,0,0,0,0,0,0,0
34.4336,225.0000,0.0000,100.0000,255.0000,25.9728,0.0000,0.2614,0.3014,0.0000,0,0,0,0,0,0,0,0
34.4542,225.0000,0.0000,100.0000,255.0000,26.0121,0.0000,0.2615,0.3014,0.0000,0,0,0,0,0,0,0,0
34.4734,225.0000,0.0000,100.0000,255.0000,25.9452,0.0000,0.2611,0.3013,0.0000,0,0,0,0,0,0,0,0
34.4923,225.0000,0.0000,100.0000,255.0000,26.2684,0.0000,0.2614,0.3013,0.0000,0,0,0,0,0,0,0,0
34.5148,225.0000,0.0000,100.0000,255.0000,26.1684,0.0000,0.2619,0.3019,0.0000,0,0,0,0,0,0,0,0
34.5337,225.0000,0.0000,100.0000,255.0000,26.1959,0.0000,0.2620,0.3021,0.0000,0,0,0,0,0,0,0,0
34.5530,225.0000,0.0000,100.0000,255.0000,26.2737,0.0000,0.2620,0.3019,0.0000,0,0,0,0,0,0,0,0
34.5761,225.0000,0.0000,100.0000,255.0000,26.1032,0.0000,0.2615,0.3016,0.0000,0,0,0,0,0,0,0,0
34.5964,225.0000,0.0000,100.0000,255.0000,26.0657,0.0000,0.2612,0.3013,0.0000,0,0,0,0,0,0,0,0
34.6163,225.0000,0.0000,100.0000,255.0000,26.0041,0.0000,0.2610,0.3012,0.0000,0,0,0,0,0,0,0,0
34.6344,225.0000,0.0000,100.0000,255.0000,26.2149,0.0000,0.2608,0.3010,0.0000,0,0,0,0,0,0,0,0
34.6536,225.0000,0.0000,100.0000,255.0000,26.3299,0.0000,0.2616,0.3017,0.0000,0,0,0,0,0,0,0,0
34.6768,225.0000,0.0000,100.0000,255.0000,26.4915,0.0000,0.2620,0.3020,0.0000,0,0,0,0,0,0,0,0
34.6986,225.0000,0.0000,100.0000,255.0000,26.8178,0.0000,0.2626,0.3022,0.0000,0,0,0,0,0,0,0,0
34.7203,225.0000,0.0000,100.0000,255.0000,26.8743,0.0000,0.2628,0.3024,0.0000,0,0,0,0,0,0,0,0
34.7426,225.0000,0.0000,100.0000,255.0000,26.9872,0.0000,0.2633,0.3027,0.0000,0,0,0,0,0,0,0,0
34.7648,225.0000,0.0000,100.0000,255.0000,27.1296,0.0000,0.2637,0.3032,0.0000,0,0,0,0,0,0,0,0
34.8596,225.0000,0.0000,100.0000,255.0000,26.6810,0.0000,0.2622,0.3021,0.0000,0,0,0,0,0,0,0,0
34.8812,225.0000,0.0000,100.0000,255.0000,26.3453,0.0000,0.2620,0.3019,0.0000,0,0,0,0,0,0,0,0
34.8998,225.0000,0.0000,100.0000,255.0000,26.0996,0.0000,0.2613,0.3015,0.0000,0,0,0,0,0,0,0,0
34.9198,225.0000,0.0000,100.0000,255.0000,26.1329,0.0000,0.2611,0.3012,0.0000,0,0,0,0,0,0,0,0
34.9411,225.0000,0.0000,100.0000,255.0000,26.0714,0.0000,0.2618,0.3019,0.0000,0,0,0,0,0,0,0,0
34.9627,225.0000,0.0000,100.0000,255.0000,25.8750,0.0000,0.2612,0.3015,0.0000,0,0,0,0,0,0,0,0
34.9835,225.0000,0.0000,100.0000,255.0000,26.1188,0.0000,0.2615,0.3016,0.0000,0,0,0,0,0,0,0,0
35.0040,225.0000,0.0000,100.0000,255.0000,26.0346,0.0000,0.2613,0.3015,0.0000,0,0,0,0,0,0,0,0
35.0252,225.0000,0.0000,100.0000,255.0000,26.0877,0.0000,0.2616,0.3017,0.0000,0,0,0,0,0,0,0,0
35.0478,225.0000,0.0000,100.0000,255.0000,26.2659,0.0000,0.2623,0.3024,0.0000,0,0,0,0,0,0,0,0
35.0662,225.0000,0.0000,100.0000,255.0000,26.1969,0.0000,0.2615,0.3014,0.0000,0,0,0,0,0,0,0,0
35.0875,225.0000,0.0000,100.0000,255.0000,26.1589,0.0000,0.2619,0.3019,0.0000,0,0,0,0,0,0,0,0
35.1084,225.0000,0.0000,100.0000,255.0000,26.1938,0.0000,0.2620,0.3020,0.0000,0,0,0,0,0,0,0,0
35.1298,225.0000,0.0000,100.0000,255.0000,26.0286,0.0000,0.2618,0.3019,0.0000,0,0,0,0,0,0,0,0
35.1499,225.0000,0.0000,100.0000,255.0000,25.9572,0.0000,0.2611,0.3013,0.0000,0,0,0,0,0,0,0,0
35.1704,225.0000,0.0000,100.0000,255.0000,25.9832,0.0000,0.2614,0.3015,0.0000,0,0,0,0,0,0,0,0
35.1919,225.0000,0.0000,100.0000,255.0000,25.8735,0.0000,0.2613,0.3016,0.0000,0,0,0,0,0,0,0,0
35.2143,225.0000,0.0000,100.0000,255.0000,26.0230,0.0000,0.2616,0.3017,0.0000,0,0,0,0,0,0,0,0
35.2334,225.0000,0.0000,100.0000,255.0000,25.9134,0.0000,0.2613,0.3014,0.0000,0,0,0,0,0,0,0,0
35.2527,225.0000,0.0000,100.0000,255.0000,25.8076,0.0000,0.2611,0.3014,0.0000,0,0,0,0,0,0,0,0
35.2757,225.0000,0.0000,100.0000,255.0000,26.0725,0.0000,0.2620,0.3021,0.0000,0,0,0,0,0,0,0,0
35.3771,225.0000,0.0000,100.0000,255.0000,26.1048,0.0000,0.2622,0.3023,0.0000,0,0,0,0,0,0,0,0
35.3985,225.0000,0.0000,100.0000,255.0000,26.1623,0.0000,0.2617,0.3017,0.0000,0,0,0,0,0,0,0,0
35.4169,225.0000,0.0000,100.0000,255.0000,25.9730,0.0000,0.2616,0.3018,0.0000,0,0,0,0,0,0,0,0
35.4370,225.0000,0.0000,100.0000,255.0000,25.9113,0.0000,0.2618,0.3020,0.0000,0,0,0,0,0,0,0,0
35.4572,225.0000,0.0000,100.0000,255.0000,25.8909,0.0000,0.2617,0.3019,0.0000,0,0,0,0,0,0,0,0
35.4822,225.0000,0.0000,100.0000,255.0000,25.9416,0.0000,0.2616,0.3019,0.0000,0,0,0,0,0,0,0,0
35.5033,225.0000,0.0000,100.0000,255.0000,25.9368,0.0000,0.2617,0.3019,0.0000,0,0,0,0,0,0,0,0
