t,speed,g,ab,hud_lum,cam_mean,dark_level_cam,cam_red,cam_red_edge,dark_level,strafe_lat,strafe_long,strafe_vert,roll,pitch,yaw,boost,view
0.0230,0.0000,0.0000,100.0000,255.0000,5.1370,0.0515,0.1178,0.0836,nan,0,0,0,0,0,0,0,0
0.1167,0.0000,0.0000,100.0000,255.0000,5.2151,0.0371,0.1168,0.0829,nan,0,0,0,0,0,0,0,0
0.1349,0.0000,0.0000,100.0000,255.0000,5.2523,0.0302,0.1175,0.0833,nan,0,0,0,0,0,0,0,0
0.1544,0.0000,0.0000,100.0000,255.0000,5.2634,0.0282,0.1178,0.0835,nan,0,0,0,0,0,0,0,0
0.1710,0.0000,0.0000,100.0000,255.0000,5.2567,0.0294,0.1176,0.0833,nan,0,0,0,0,0,0,0,0
0.1888,0.0000,0.0000,100.0000,255.0000,5.2478,0.0310,0.1172,0.0838,nan,0,0,0,0,0,0,0,0
0.2060,0.0000,0.0000,100.0000,255.0000,5.2460,0.0314,0.1169,0.0838,nan,0,0,0,0,0,0,0,0
0.2250,0.0000,0.0000,100.0000,255.0000,5.2499,0.0307,0.1166,0.0839,nan,0,0,0,0,0,0,0,0
0.2415,0.0000,0.0000,100.0000,255.0000,5.2654,0.0278,0.1168,0.0837,nan,0,0,0,0,0,0,0,0
0.2595,0.0000,0.0000,100.0000,255.0000,5.2949,0.0223,0.1170,0.0840,nan,0,0,0,0,0,0,0,0
0.2813,0.0000,0.0000,100.0000,255.0000,5.3236,0.0171,0.1172,0.0835,nan,0,0,0,0,0,0,0,0
0.3014,0.0000,0.0000,100.0000,255.0000,5.3332,0.0153,0.1170,0.0832,nan,0,0,0,0,0,0,0,0
0.3200,0.0000,0.0000,100.0000,255.0000,5.3343,0.0151,0.1166,0.0835,nan,0,0,0,0,0,0,0,0
0.3375,0.0000,0.0000,100.0000,255.0000,5.3362,0.0147,0.1159,0.0833,nan,0,0,0,0,0,0,0,0
0.3574,0.0000,0.0000,100.0000,255.0000,5.3328,0.0154,0.1161,0.0832,nan,0,0,0,0,0,0,0,0
0.3747,0.0000,0.0000,100.0000,255.0000,5.3395,0.0141,0.1163,0.0838,nan,0,0,0,0,0,0,0,0
0.3917,0.0000,0.0000,100.0000,255.0000,5.3349,0.0149,0.1161,0.0836,nan,0,0,0,0,0,0,0,0
0.4088,0.0000,0.0000,100.0000,255.0000,5.3643,0.0095,0.1164,0.0836,nan,0,0,0,0,0,0,0,0
0.4246,nan,0.0000,100.0000,255.0000,5.3906,0.0047,0.1165,0.0837,nan,0,0,0,0,0,0,0,0
0.4465,0.0000,0.0000,100.0000,255.0000,5.4196,0.0000,0.1165,0.0843,nan,0,0,0,0,0,0,0,0
0.4678,nan,0.0000,100.0000,255.0000,5.4167,0.0000,0.1159,0.0840,nan,0,0,0,0,0,0,0,0
0.4879,0.0000,0.0000,100.0000,255.0000,5.3997,0.0030,0.1154,0.0836,nan,0,0,0,0,0,0,0,0
0.5046,nan,0.0000,100.0000,255.0000,5.4111,0.0009,0.1146,0.0832,nan,0,0,0,0,0,0,0,0
0.5248,0.0000,0.0000,100.0000,255.0000,5.4151,0.0001,0.1149,0.0832,nan,0,0,0,0,0,0,0,0
0.6173,nan,0.0000,100.0000,251.0000,5.4269,0.0000,0.1144,0.0827,nan,0,0,0,0,0,0,0,0
0.6385,0.0000,0.0000,100.0000,253.0000,5.4451,0.0000,0.1145,0.0825,nan,0,0,0,0,0,0,0,0
0.6554,0.0000,0.0000,100.0000,255.0000,5.4553,0.0000,0.1147,0.0829,nan,0,0,0,0,0,0,0,0
0.6752,0.0000,0.0000,100.0000,255.0000,5.4691,0.0000,0.1149,0.0830,nan,0,0,0,0,0,0,0,0
0.6963,nan,0.0000,100.0000,255.0000,5.4732,0.0000,0.1149,0.0829,nan,0,0,0,0,0,0,0,0
0.7188,0.0000,0.0000,100.0000,255.0000,5.4957,0.0000,0.1151,0.0837,nan,0,0,0,0,0,0,0,0
0.7378,0.0000,0.0000,100.0000,255.0000,5.5100,0.0000,0.1154,0.0839,nan,0,0,0,0,0,0,0,0
0.7543,0.0000,0.0000,100.0000,255.0000,5.5094,0.0000,0.1154,0.0837,nan,0,0,0,0,0,0,0,0
0.7785,0.0000,0.0000,100.0000,255.0000,5.5028,0.0000,0.1153,0.0838,nan,0,0,0,0,0,0,0,0
0.7966,0.0000,0.0000,100.0000,255.0000,5.4722,0.0000,0.1147,0.0835,nan,0,0,0,0,0,0,0,0
0.8180,0.0000,0.0000,100.0000,255.0000,5.4761,0.0000,0.1148,0.0834,nan,0,0,0,0,0,0,0,0
0.8384,0.0000,0.0000,100.0000,255.0000,5.5087,0.0000,0.1151,0.0835,nan,0,0,0,0,0,0,0,0
0.8586,0.0000,0.0000,100.0000,255.0000,5.5354,0.0000,0.1156,0.0838,nan,0,0,0,0,0,0,0,0
0.8748,0.0000,0.0000,100.0000,255.0000,5.5424,0.0000,0.1156,0.0838,nan,0,0,0,0,0,0,0,0
0.8919,0.0000,0.0000,100.0000,255.0000,5.5405,0.0000,0.1154,0.0839,nan,0,0,0,0,0,0,0,0
0.9087,0.0000,0.0000,100.0000,255.0000,5.5223,0.0000,0.1150,0.0835,nan,0,0,0,0,0,0,0,0
0.9263,0.0000,0.0000,100.0000,255.0000,5.5025,0.0000,0.1148,0.0836,nan,0,0,0,0,0,0,0,0
0.9506,0.0000,0.0000,100.0000,255.0000,5.5128,0.0000,0.1150,0.0835,nan,0,0,0,0,0,0,0,0
0.9713,0.0000,0.0000,100.0000,255.0000,5.5333,0.0000,0.1153,0.0837,nan,0,0,0,0,0,0,0,0
0.9879,0.0000,0.0000,100.0000,255.0000,5.5261,0.0000,0.1151,0.0835,nan,0,0,0,0,0,0,0,0
1.0085,0.0000,0.0000,100.0000,255.0000,5.5144,0.0000,0.1149,0.0833,0.0000,0,0,0,0,0,0,0,0
1.0305,0.0000,0.0000,100.0000,255.0000,5.5182,0.0000,0.1148,0.0835,0.0000,0,1,0,0,0,0,1,0
1.1221,nan,1.1000,100.0000,255.0000,5.5263,0.0000,0.1145,0.0825,0.0000,0,1,0,0,0,0,1,0
1.1427,0.0000,2.2000,100.0000,255.0000,5.5557,0.0000,0.1145,0.0829,0.0000,0,1,0,0,0,0,1,0
1.1639,1.0000,4.5000,99.0000,255.0000,5.5297,0.0000,0.1139,0.0829,0.0000,0,1,0,0,0,0,1,0
1.1845,2.0000,5.8000,99.0000,255.0000,5.5541,0.0000,0.1142,0.0840,0.0000,0,1,0,0,0,0,1,0
1.2047,3.0000,7.0000,99.0000,255.0000,5.5488,0.0000,0.1142,0.0836,0.0000,0,1,0,0,0,0,1,0
1.2252,4.0000,8.3000,99.0000,255.0000,5.5598,0.0000,0.1152,0.0830,0.0000,0,1,0,0,0,0,1,0
1.2416,6.0000,9.7000,99.0000,255.0000,5.5620,0.0000,0.1152,0.0820,0.0000,0,1,0,0,0,0,1,0
1.2640,10.0000,12.5000,99.0000,255.0000,5.6594,0.0000,0.1170,0.0827,0.0000,0,1,0,0,0,0,1,0
1.2845,12.0000,13.9000,99.0000,255.0000,5.6616,0.0000,0.1174,0.0836,0.0000,0,1,0,0,0,0,1,0
1.3042,14.0000,15.4000,99.0000,255.0000,5.6493,0.0000,0.1173,0.0827,0.0000,0,1,0,0,0,0,1,0
1.3208,17.0000,15.6000,99.0000,255.0000,5.6252,0.0000,0.1171,0.0830,0.0000,0,1,0,0,0,0,1,0
1.3455,19.0000,15.8000,99.0000,255.0000,5.6394,0.0000,0.1172,0.0830,0.0000,0,1,0,0,0,0,1,0
1.3650,25.0000,16.2000,99.0000,255.0000,5.6410,0.0000,0.1172,0.0822,0.0000,0,1,0,0,0,0,1,0
1.3845,27.0000,16.4000,99.0000,255.0000,5.6443,0.0000,0.1171,0.0824,0.0000,0,1,0,0,0,0,1,0
1.4047,30.0000,16.7000,99.0000,255.0000,5.6462,0.0000,0.1171,0.0816,0.0000,0,1,0,0,0,0,1,0
1.4208,33.0000,16.9000,99.0000,255.0000,5.6596,0.0000,0.1175,0.0828,0.0000,0,1,0,0,0,0,1,0
1.4379,36.0000,17.1000,99.0000,255.0000,5.6419,0.0000,0.1172,0.0818,0.0000,0,1,0,0,0,0,1,0
1.4584,39.0000,17.3000,99.0000,255.0000,5.6228,0.0000,0.1168,0.0824,0.0000,0,1,0,0,0,0,1,0
1.4752,41.0000,17.5000,99.0000,255.0000,5.5843,0.0000,0.1160,0.0819,0.0000,0,1,0,0,0,0,1,0
1.4919,44.0000,17.7000,99.0000,255.0000,5.5973,0.0000,0.1157,0.0810,0.0000,0,1,0,0,0,0,1,0
1.5115,47.0000,17.9000,99.0000,255.0000,5.6193,0.0000,0.1168,0.0827,0.0000,0,1,0,0,0,0,1,0
1.5316,53.0000,18.3000,99.0000,255.0000,5.6253,0.0000,0.1164,0.0821,0.0000,0,1,0,0,0,0,1,0
1.6223,69.0000,19.4000,98.0000,255.0000,5.6515,0.0000,0.1177,0.0819,0.0000,0,1,0,0,0,0,1,0
1.6474,72.0000,19.6000,98.0000,255.0000,5.6382,0.0000,0.1175,0.0825,0.0000,0,1,0,0,0,0,1,0
1.6684,79.0000,20.0000,98.0000,255.0000,5.6568,0.0000,0.1179,0.0825,0.0000,0,1,0,0,0,0,1,0
1.6877,82.0000,20.2000,98.0000,255.0000,5.6642,0.0000,0.1182,0.0820,0.0000,0,1,0,0,0,0,1,0
1.7043,85.0000,20.4000,98.0000,255.0000,5.6795,0.0000,0.1184,0.0826,0.0000,0,1,0,0,0,0,1,0
1.7208,89.0000,20.6000,98.0000,255.0000,5.6989,0.0000,0.1179,0.0831,0.0000,0,1,0,0,0,0,1,0
1.7420,92.0000,20.9000,98.0000,255.0000,5.6447,0.0000,0.1177,0.0829,0.0000,0,1,0,0,0,0,1,0
1.7586,96.0000,21.1000,98.0000,255.0000,5.6207,0.0000,0.1172,0.0814,0.0000,0,1,0,0,0,0,1,0
1.7828,102.0000,21.3000,98.0000,255.0000,5.6784,0.0000,0.1177,0.0824,0.0000,0,1,0,0,0,0,1,0
1.8014,106.0000,21.3000,98.0000,255.0000,5.6782,0.0000,0.1173,0.0824,0.0000,0,1,0,0,0,0,1,0
1.8212,109.0000,21.3000,98.0000,255.0000,5.6650,0.0000,0.1166,0.0824,0.0000,0,1,0,0,0,0,1,0
1.8380,113.0000,21.3000,97.0000,255.0000,5.6285,0.0000,0.1160,0.0821,0.0000,0,1,0,0,0,0,1,0
1.8544,116.0000,21.3000,97.0000,255.0000,5.6284,0.0000,0.1161,0.0822,0.0000,0,1,0,0,0,0,1,0
1.8748,120.0000,21.3000,97.0000,255.0000,5.6365,0.0000,0.1163,0.0831,0.0000,0,1,0,0,0,0,1,0
1.8917,123.0000,21.3000,97.0000,255.0000,5.6301,0.0000,0.1163,0.0830,0.0000,0,1,0,0,0,0,1,0
1.9084,127.0000,21.3000,97.0000,255.0000,5.6214,0.0000,0.1161,0.0829,0.0000,0,1,0,0,0,0,1,0
1.9282,130.0000,21.3000,97.0000,255.0000,5.6438,0.0000,0.1167,0.0832,0.0000,0,1,0,0,0,0,1,0
1.9477,137.0000,21.3000,97.0000,255.0000,5.6472,0.0000,0.1165,0.0835,0.0000,0,1,0,0,0,0,1,0
1.9691,141.0000,21.3000,97.0000,255.0000,5.6127,0.0000,0.1167,0.0836,0.0000,0,1,0,0,0,0,1,0
1.9877,144.0000,21.3000,97.0000,255.0000,5.5881,0.0000,0.1168,0.0829,0.0000,0,1,0,0,0,0,1,0
2.0044,148.0000,21.3000,97.0000,255.0000,5.6135,0.0000,0.1171,0.0832,0.0000,0,1,0,0,0,0,1,0
2.0208,151.0000,21.3000,97.0000,255.0000,5.5809,0.0000,0.1183,0.0846,0.0000,0,1,0,0,0,0,1,0
2.0415,155.0000,21.3000,96.0000,255.0000,5.5858,0.0000,0.1192,0.0858,0.0000,0,1,0,0,0,0,1,0
2.1328,176.0000,21.3000,96.0000,255.0000,5.5548,0.0000,0.1218,0.0889,0.0000,0,1,0,0,0,0,1,0
2.1520,179.0000,21.3000,96.0000,255.0000,5.5469,0.0000,0.1227,0.0901,0.0000,0,1,0,0,0,0,1,0
2.1711,183.0000,21.3000,96.0000,255.0000,5.5318,0.0000,0.1237,0.0906,0.0000,0,1,0,0,0,0,1,0
2.1916,186.0000,21.3000,96.0000,255.0000,5.5238,0.0000,0.1246,0.0900,0.0000,0,1,0,0,0,0,1,0
2.2085,190.0000,21.3000,96.0000,255.0000,5.5224,0.0000,0.1249,0.0895,0.0000,0,1,0,0,0,0,1,0
2.2255,193.0000,21.3000,96.0000,255.0000,5.4985,0.0000,0.1259,0.0903,0.0000,0,1,0,0,0,0,1,0
2.2471,200.0000,21.3000,95.0000,255.0000,5.4965,0.0000,0.1276,0.0913,0.0000,0,1,0,0,0,0,1,0
2.2670,204.0000,21.3000,95.0000,254.0000,5.4755,0.0000,0.1281,0.0921,0.0000,0,1,0,0,0,0,1,0
2.2836,207.0000,21.3000,95.0000,252.0000,5.4476,0.0000,0.1285,0.0928,0.0000,0,1,0,0,0,0,1,0
2.3014,211.0000,21.3000,95.0000,252.0000,5.4277,0.0000,0.1292,0.0938,0.0000,0,1,0,0,0,0,1,0
2.3208,214.0000,21.3000,95.0000,253.0000,5.4536,0.0000,0.1305,0.0943,0.0000,0,1,0,0,0,0,1,0
2.3375,218.0000,21.3000,95.0000,253.0000,5.4893,0.0000,0.1317,0.0954,0.0000,0,1,0,0,0,0,1,0
2.3540,221.0000,21.3000,95.0000,253.0000,5.4766,0.0000,0.1324,0.0964,0.0000,0,1,0,0,0,0,1,0
2.3715,225.0000,21.3000,95.0000,252.0000,5.4778,0.0000,0.1332,0.0975,0.0000,0,1,0,0,0,0,1,0
2.3917,228.0000,21.3000,95.0000,252.0000,5.4460,0.0000,0.1336,0.0993,0.0000,0,1,0,0,0,0,1,0
2.4080,231.0000,21.3000,95.0000,250.0000,5.4099,0.0011,0.1336,0.1006,0.0000,0,1,0,0,0,0,1,0
2.4242,235.0000,21.3000,95.0000,249.0000,5.4039,0.0022,0.1347,0.1027,0.0000,0,1,0,0,0,0,1,0
2.4422,238.0000,21.3000,94.0000,249.0000,5.4099,0.0011,0.1360,0.1035,0.0000,0,1,0,0,0,0,1,0
2.4641,245.0000,21.2000,94.0000,249.0000,5.4057,0.0019,0.1379,0.1043,0.0000,0,1,0,0,0,0,1,0
2.4844,249.0000,21.2000,94.0000,249.0000,5.3985,0.0032,0.1391,0.1050,0.0000,0,1,0,0,0,0,1,0
2.5038,252.0000,21.1000,94.0000,247.0000,5.3697,0.0085,0.1398,0.1055,0.0015,0,1,0,0,0,0,1,0
2.5219,256.0000,21.1000,94.0000,246.0000,5.3524,0.0117,0.1406,0.1062,0.0036,0,1,0,0,0,0,1,0
2.5428,259.0000,21.0000,94.0000,245.0000,5.3414,0.0138,0.1415,0.1080,0.0057,0,1,0,0,0,0,1,0
2.6385,280.0000,20.6000,93.0000,244.0000,5.3161,0.0184,0.1482,0.1152,0.0089,0,1,0,0,0,0,1,0
2.6577,283.0000,20.5000,93.0000,244.0000,5.3309,0.0157,0.1494,0.1175,0.0097,0,1,0,0,0,0,1,0
2.6758,286.0000,20.5000,93.0000,243.0000,5.2920,0.0229,0.1500,0.1164,0.0130,0,1,0,0,0,0,1,0
2.6963,293.0000,20.3000,93.0000,239.0000,5.2284,0.0346,0.1515,0.1170,0.0198,0,1,0,0,0,0,1,0
2.7179,296.0000,20.1000,93.0000,237.9400,5.2172,0.0367,0.1526,0.1181,0.0246,0,1,0,0,0,0,1,0
2.7352,300.0000,20.0000,93.0000,238.0000,5.2189,0.0364,0.1539,0.1206,0.0274,0,1,0,0,0,0,1,0
2.7539,303.0000,19.9000,93.0000,239.0000,5.2305,0.0342,0.1552,0.1219,0.0282,0,1,0,0,0,0,1,0
2.7712,306.0000,19.8000,93.0000,241.0000,5.2483,0.0310,0.1567,0.1231,0.0274,0,1,0,0,0,0,1,0
2.7913,309.0000,19.7000,93.0000,239.0000,5.2194,0.0363,0.1573,0.1226,0.0291,0,1,0,0,0,0,1,0
2.8112,313.0000,19.5000,93.0000,238.0000,5.2130,0.0375,0.1584,0.1245,0.0305,0,1,0,0,0,0,1,0
2.8305,319.0000,19.3000,92.0000,234.0000,5.1677,0.0458,0.1601,0.1270,0.0348,0,1,0,0,0,0,1,0
2.8506,322.0000,19.1000,92.0000,232.0000,5.1454,0.0499,0.1611,0.1274,0.0390,0,1,0,0,0,0,1,0
2.8714,325.0000,19.0000,92.0000,232.0000,5.1652,0.0463,0.1618,0.1284,0.0400,0,1,0,0,0,0,1,0
2.8937,328.0000,18.8000,92.0000,231.0000,5.1454,0.0499,0.1635,0.1299,0.0421,0,1,0,0,0,0,1,0
2.9153,334.0000,18.5000,92.0000,235.0000,5.1788,0.0438,0.1661,0.1335,0.0409,0,1,0,0,0,0,1,0
2.9347,337.0000,18.3000,92.0000,234.0000,5.1565,0.0479,0.1670,0.1334,0.0418,0,1,0,0,0,0,1,0
2.9546,340.0000,18.2000,92.0000,235.0000,5.1459,0.0499,0.1682,0.1346,0.0431,0,1,0,0,0,0,1,0
2.9756,343.0000,18.0000,92.0000,232.0000,5.1218,0.0543,0.1692,0.1363,0.0457,0,1,0,0,0,0,1,0
3.0002,349.0000,17.7000,92.0000,227.0000,5.0520,0.0672,0.1713,0.1384,0.0525,0,1,0,0,0,0,1,0
3.0189,352.0000,17.5000,92.0000,228.0000,5.0608,0.0656,0.1726,0.1407,0.0559,0,1,0,0,0,0,1,0
3.0380,355.0000,17.3000,91.0000,228.0000,5.0587,0.0660,0.1738,0.1420,0.0581,0,1,0,0,0,0,1,0
3.0548,358.0000,17.1000,91.0000,230.0000,5.0690,0.0641,0.1751,0.1427,0.0586,0,1,0,0,0,0,1,0
3.1522,374.0000,16.0000,91.0000,220.0000,4.9948,0.0778,0.1811,0.1535,0.0644,0,1,0,0,0,0,1,0
3.1703,376.0000,15.8000,91.0000,221.0000,4.9877,0.0791,0.1824,0.1544,0.0685,0,1,0,0,0,0,1,0
3.1885,379.0000,15.6000,91.0000,221.0000,4.9766,0.0811,0.1834,0.1558,0.0717,0,1,0,0,0,0,1,0
3.2082,382.0000,15.5000,91.0000,221.0000,4.9820,0.0801,0.1848,0.1563,0.0733,0,1,0,0,0,0,1,0
3.2254,384.0000,15.3000,91.0000,222.0000,4.9984,0.0771,0.1863,0.1579,0.0730,0,1,0,0,0,0,1,0
3.2468,389.0000,14.9000,90.0000,223.0000,5.0255,0.0721,0.1891,0.1609,0.0708,0,1,0,0,0,0,1,0
3.2694,391.0000,14.7000,90.0000,221.0000,4.9985,0.0771,0.1900,0.1609,0.0715,0,1,0,0,0,0,1,0
3.2875,394.0000,14.5000,90.0000,219.0000,4.9920,0.0783,0.1910,0.1630,0.0724,0,1,0,0,0,0,1,0
3.3041,396.0000,14.3000,90.0000,218.0000,4.9890,0.0788,0.1916,0.1636,0.0731,0,1,0,0,0,0,1,0
3.3263,398.0000,14.1000,90.0000,218.0000,4.9713,0.0821,0.1933,0.1650,0.0749,0,1,0,0,0,0,1,0
3.3482,403.0000,13.7000,90.0000,221.0000,5.0064,0.0756,0.1961,0.1679,0.0734,0,1,0,0,0,0,1,0
3.3679,405.0000,13.5000,90.0000,220.0000,5.0106,0.0748,0.1975,0.1706,0.0721,0,1,0,0,0,0,1,0
3.3879,407.0000,13.3000,90.0000,219.0000,5.0036,0.0761,0.1981,0.1712,0.0719,0,1,0,0,0,0,1,0
3.4041,410.0000,13.1000,90.0000,216.0000,4.9575,0.0846,0.1989,0.1712,0.0752,0,1,0,0,0,0,1,0
3.4214,412.0000,12.9000,90.0000,212.0000,4.9219,0.0912,0.1996,0.1725,0.0798,0,1,0,0,0,0,1,0
3.4386,414.0000,12.7000,89.0000,211.0000,4.9182,0.0919,0.2006,0.1727,0.0828,0,1,0,0,0,0,1,0
3.4585,416.0000,12.5000,89.0000,214.0000,4.9388,0.0881,0.2021,0.1747,0.0831,0,1,0,0,0,0,1,0
3.4742,418.0000,12.3000,89.0000,215.0000,4.9593,0.0843,0.2034,0.1762,0.0818,0,1,0,0,0,0,1,0
3.4966,422.0000,12.0000,89.0000,212.0000,4.9141,0.0927,0.2052,0.1786,0.0844,0,1,0,0,0,0,1,0
3.5173,424.0000,11.8000,89.0000,212.0000,4.9163,0.0922,0.2065,0.1807,0.0857,0,1,0,0,0,0,1,0
3.5396,426.0000,11.6000,89.0000,211.0000,4.9176,0.0920,0.2074,0.1810,0.0864,0,1,0,0,0,0,1,0
3.5581,427.0000,11.4000,89.0000,209.0000,4.9040,0.0945,0.2081,0.1820,0.0879,0,1,0,0,0,0,1,0
3.6487,438.0000,10.3000,88.0000,207.0000,4.9113,0.0932,0.2136,0.1879,0.0882,0,1,0,0,0,0,1,0
3.6680,440.0000,10.1000,88.0000,206.0000,4.8945,0.0963,0.2142,0.1889,0.0897,0,1,0,0,0,0,1,0
3.6876,441.0000,10.0000,88.0000,207.0000,4.9045,0.0944,0.2151,0.1909,0.0898,0,1,0,0,0,0,1,0
3.7034,443.0000,9.8000,88.0000,207.0000,4.9151,0.0925,0.2158,0.1921,0.0891,0,1,0,0,0,0,1,0
3.7248,445.0000,9.6000,88.0000,206.0000,4.9175,0.0920,0.2164,0.1926,0.0885,0,1,0,0,0,0,1,0
3.7412,446.0000,9.4000,88.0000,206.0000,4.9149,0.0925,0.2168,0.1920,0.0883,0,1,0,0,0,0,1,0
3.7582,448.0000,9.3000,88.0000,207.0000,4.9294,0.0898,0.2173,0.1922,0.0871,0,1,0,0,0,0,1,0
3.7748,449.0000,9.1000,88.0000,208.0000,4.9364,0.0885,0.2177,0.1920,0.0859,0,1,0,0,0,0,1,0
3.7914,451.0000,8.9000,88.0000,207.0000,4.9362,0.0886,0.2183,0.1934,0.0852,0,1,0,0,0,0,1,0
3.8135,453.0000,8.6000,88.0000,204.0000,4.9148,0.0925,0.2190,0.1946,0.0863,0,1,0,0,0,0,1,0
3.8328,455.0000,8.5000,87.0000,204.0000,4.9042,0.0945,0.2193,0.1949,0.0878,0,1,0,0,0,0,1,0
3.8510,456.0000,8.3000,87.0000,204.0000,4.9108,0.0933,0.2195,0.1948,0.0882,0,1,0,0,0,0,1,0
3.8710,458.0000,8.1000,87.0000,204.9400,4.9109,0.0932,0.2199,0.1951,0.0884,0,1,0,0,0,0,1,0
3.8878,459.0000,8.0000,87.0000,205.0000,4.9203,0.0915,0.2202,0.1957,0.0879,0,1,0,0,0,0,1,0
3.9043,460.0000,7.8000,87.0000,206.0000,4.9309,0.0895,0.2204,0.1964,0.0867,0,1,0,0,0,0,1,0
3.9250,461.0000,7.7000,87.0000,206.0000,4.9270,0.0903,0.2204,0.1952,0.0864,0,1,0,0,0,0,1,0
3.9415,463.0000,7.5000,87.0000,207.0000,4.9542,0.0852,0.2209,0.1964,0.0841,0,1,0,0,0,0,1,0
3.9631,465.0000,7.3000,87.0000,200.0000,4.9089,0.0936,0.2206,0.1962,0.0861,0,1,0,0,0,0,1,0
3.9849,466.0000,7.1000,87.0000,203.0000,4.9190,0.0917,0.2206,0.1955,0.0866,0,1,0,0,0,0,1,0
4.0046,467.0000,7.0000,87.0000,206.0000,4.9407,0.0877,0.2208,0.1962,0.0852,0,1,0,0,0,0,1,0
4.0245,469.0000,6.8000,87.0000,207.0000,4.9776,0.0809,0.2210,0.1965,0.0817,0,1,0,0,0,0,1,0
4.0424,470.0000,6.7000,86.0000,205.0000,4.9469,0.0866,0.2205,0.1963,0.0819,0,1,0,0,0,0,1,0
4.0630,472.0000,6.4000,86.0000,203.0000,4.9301,0.0897,0.2197,0.1949,0.0832,0,1,0,0,0,0,1,0
4.1603,477.0000,5.8000,86.0000,203.0000,4.9228,0.0910,0.2181,0.1944,0.0845,0,1,0,0,0,0,1,0
4.1798,479.0000,5.6000,86.0000,206.0000,4.9307,0.0896,0.2171,0.1925,0.0848,0,1,0,0,0,0,1,0
4.2014,480.0000,5.5000,86.0000,209.0000,4.9640,0.0834,0.2168,0.1915,0.0824,0,1,0,0,0,0,1,0
4.2208,480.0000,5.4000,86.0000,209.0000,4.9529,0.0855,0.2159,0.1901,0.0818,0,1,0,0,0,0,1,0
4.2374,481.0000,5.2000,85.0000,204.0000,4.9198,0.0916,0.2148,0.1896,0.0840,0,1,0,0,0,0,1,0
4.2546,482.0000,5.1000,85.0000,204.0000,4.9233,0.0910,0.2140,0.1882,0.0850,0,1,0,0,0,0,1,0
4.2713,483.0000,5.0000,85.0000,208.0000,4.9690,0.0825,0.2135,0.1892,0.0822,0,1,0,0,0,0,1,0
4.2882,484.0000,4.9000,85.0000,211.0000,4.9852,0.0795,0.2127,0.1885,0.0793,0,1,0,0,0,0,1,0
4.3081,485.0000,4.8000,85.0000,211.0000,4.9835,0.0798,0.2119,0.1868,0.0777,0,1,0,0,0,0,1,0
4.3249,485.0000,4.7000,85.0000,210.8800,4.9717,0.0820,0.2108,0.1851,0.0776,0,1,0,0,0,0,1,0
4.3412,486.0000,4.6000,85.0000,211.0000,4.9881,0.0790,0.2099,0.1855,0.0763,0,1,0,0,0,0,1,0
4.3584,487.0000,4.5000,85.0000,209.0000,4.9791,0.0806,0.2086,0.1838,0.0763,0,1,0,0,0,0,1,0
4.3751,488.0000,4.4000,85.0000,211.0000,4.9926,0.0782,0.2077,0.1824,0.0752,0,1,0,0,0,0,1,0
4.3927,488.0000,4.3000,85.0000,211.0000,4.9956,0.0776,0.2064,0.1802,0.0743,0,1,0,0,0,0,1,0
4.4131,490.0000,4.1000,85.0000,214.0000,5.0057,0.0757,0.2042,0.1776,0.0731,0,1,0,0,0,0,1,0
4.4329,490.0000,4.1000,84.0000,216.0000,5.0257,0.0720,0.2030,0.1762,0.0708,0,1,0,0,0,0,1,0
4.4512,491.0000,4.0000,84.0000,215.0000,5.0401,0.0694,0.2019,0.1759,0.0684,0,1,0,0,0,0,1,0
4.4704,492.0000,3.9000,84.0000,215.0000,5.0428,0.0689,0.2006,0.1746,0.0668,0,1,0,0,0,0,1,0
4.4870,492.0000,3.8000,84.0000,214.0000,5.0471,0.0681,0.1992,0.1731,0.0655,0,1,0,0,0,0,1,0
4.5044,493.0000,3.7000,84.0000,215.0000,5.0462,0.0683,0.1980,0.1703,0.0647,0,1,0,0,0,0,1,0
4.5256,493.0000,3.6000,84.0000,216.0000,5.0612,0.0655,0.1968,0.1700,0.0632,0,1,0,0,0,0,1,0
4.5471,495.0000,3.5000,84.0000,215.0000,5.0652,0.0648,0.1939,0.1662,0.0620,0,1,0,0,0,0,1,0
4.5671,495.0000,3.4000,84.0000,218.0000,5.0738,0.0632,0.1927,0.1645,0.0606,0,1,0,0,0,0,1,0
4.6587,498.0000,3.0000,83.0000,222.0000,5.1518,0.0488,0.1862,0.1575,0.0540,0,1,0,0,0,0,1,0
4.6798,499.0000,2.9000,83.0000,223.0000,5.1559,0.0480,0.1830,0.1539,0.0497,0,1,0,0,0,0,1,0
4.6998,499.0000,2.8000,83.0000,224.0000,5.1795,0.0437,0.1816,0.1528,0.0454,0,1,0,0,0,0,1,0
4.7171,500.0000,2.8000,83.0000,226.0000,5.1941,0.0410,0.1801,0.1518,0.0417,0,1,0,0,0,0,1,0
4.7345,500.0000,2.7000,83.0000,227.0000,5.2060,0.0388,0.1786,0.1494,0.0386,0,1,0,0,0,0,1,0
4.7544,501.0000,2.7000,83.0000,228.0000,5.2201,0.0362,0.1773,0.1477,0.0357,0,1,0,0,0,0,1,0
4.7749,501.0000,2.6000,83.0000,228.0000,5.2361,0.0332,0.1756,0.1468,0.0328,0,1,0,0,0,0,1,0
4.7921,502.0000,2.5000,83.0000,226.0000,5.2374,0.0330,0.1738,0.1450,0.0310,0,1,0,0,0,0,1,0
4.8164,502.0000,2.4000,83.0000,230.0000,5.2682,0.0273,0.1707,0.1403,0.0276,0,1,0,0,0,0,1,0
4.8331,503.0000,2.4000,82.0000,232.0000,5.3110,0.0194,0.1694,0.1384,0.0224,0,1,0,0,0,0,1,0
4.8515,503.0000,2.3000,82.0000,234.0000,5.3270,0.0164,0.1677,0.1357,0.0180,0,1,0,0,0,0,1,0
4.8709,504.0000,2.3000,82.0000,235.0000,5.3555,0.0111,0.1661,0.1340,0.0133,0,1,0,0,0,0,1,0
4.8874,504.0000,2.2000,82.0000,234.0000,5.3515,0.0119,0.1643,0.1348,0.0108,0,1,0,0,0,0,1,0
4.9076,504.0000,2.2000,82.0000,231.0000,5.3301,0.0158,0.1621,0.1322,0.0109,0,1,0,0,0,0,1,0
4.9250,505.0000,2.1000,82.0000,231.0000,5.3288,0.0161,0.1604,0.1326,0.0110,0,1,0,0,0,0,1,0
4.9463,505.0000,2.0000,82.0000,237.0000,5.3699,0.0085,0.1573,0.1270,0.0080,0,1,0,0,0,0,1,0
4.9674,506.0000,2.0000,82.0000,238.0000,5.3906,0.0047,0.1557,0.1259,0.0048,0,1,0,0,0,0,1,0
4.9875,506.0000,1.9000,82.0000,239.0000,5.3996,0.0030,0.1540,0.1237,0.0029,0,1,0,0,0,0,1,0
5.0078,506.0000,1.9000,82.0000,241.0000,5.3955,0.0038,0.1524,0.1211,0.0017,0,1,0,0,0,0,1,0
5.0274,507.0000,1.8000,82.0000,239.0000,5.3756,0.0074,0.1502,0.1185,0.0021,0,1,0,0,0,0,1,0
5.0462,507.0000,1.7000,81.0000,241.0000,5.3898,0.0048,0.1467,0.1141,0.0012,0,1,0,0,0,0,1,0
5.0676,507.0000,1.7000,81.0000,241.0000,5.3972,0.0034,0.1452,0.1123,0.0007,0,1,0,0,0,0,1,0
5.1550,509.0000,1.5000,81.0000,249.0000,5.5371,0.0000,0.1386,0.1048,0.0004,0,1,0,0,0,0,1,0
5.1758,509.0000,1.5000,81.0000,250.0000,5.5290,0.0000,0.1368,0.1032,0.0003,0,1,0,0,0,0,1,0
5.1979,509.0000,1.4000,81.0000,250.0000,5.5225,0.0000,0.1337,0.1028,0.0002,0,1,0,0,0,0,1,0
5.2194,510.0000,1.4000,81.0000,250.0000,5.5081,0.0000,0.1320,0.1012,0.0001,0,1,0,0,0,0,1,0
5.2371,510.0000,1.3000,80.0000,252.0000,5.5363,0.0000,0.1313,0.0998,0.0001,0,1,0,0,0,0,1,0
5.2542,510.0000,1.3000,80.0000,253.0000,5.5818,0.0000,0.1301,0.0965,0.0000,0,1,0,0,0,0,1,0
5.2705,510.0000,1.3000,80.0000,254.0000,5.5901,0.0000,0.1296,0.0958,0.0000,0,1,0,0,0,0,1,0
5.2943,511.0000,1.3000,80.0000,254.0000,5.5990,0.0000,0.1286,0.0952,0.0000,0,1,0,0,0,0,1,0
5.3117,511.0000,1.2000,80.0000,255.0000,5.6019,0.0000,0.1265,0.0946,0.0000,0,1,0,0,0,0,1,0
5.3298,511.0000,1.2000,80.0000,255.0000,5.5908,0.0000,0.1252,0.0944,0.0000,0,1,0,0,0,0,1,0
5.3508,511.0000,1.1000,80.0000,255.0000,5.5931,0.0000,0.1239,0.0921,0.0000,0,1,0,0,0,0,1,0
5.3713,512.0000,1.1000,80.0000,255.0000,5.6184,0.0000,0.1231,0.0912,0.0000,0,1,0,0,0,0,1,0
5.3878,512.0000,1.1000,80.0000,255.0000,5.6108,0.0000,0.1216,0.0877,0.0000,0,1,0,0,0,0,1,0
5.4049,512.0000,1.1000,80.0000,255.0000,5.6556,0.0000,0.1210,0.0872,0.0000,0,1,0,0,0,0,1,0
5.4206,512.0000,1.0000,80.0000,255.0000,5.7283,0.0000,0.1208,0.0898,0.0000,0,1,0,0,0,0,1,0
5.4416,512.0000,1.0000,79.0000,255.0000,5.7017,0.0000,0.1205,0.0882,0.0000,0,1,0,0,0,0,1,0
5.4585,512.0000,1.0000,79.0000,255.0000,5.7184,0.0000,0.1205,0.0880,0.0000,0,1,0,0,0,0,1,0
5.4804,513.0000,0.9000,79.0000,255.0000,5.6973,0.0000,0.1192,0.0867,0.0000,0,1,0,0,0,0,1,0
5.5006,513.0000,0.9000,79.0000,255.0000,5.6914,0.0000,0.1182,0.0857,0.0000,0,1,0,0,0,0,1,0
5.5207,513.0000,0.9000,79.0000,255.0000,5.7125,0.0000,0.1182,0.0864,0.0000,0,1,0,0,0,0,1,0
5.5375,513.0000,0.9000,79.0000,255.0000,5.7351,0.0000,0.1179,0.0853,0.0000,0,1,0,0,0,0,1,0
5.5535,513.0000,0.8000,79.0000,255.0000,5.7425,0.0000,0.1183,0.0859,0.0000,0,1,0,0,0,0,1,0
5.5745,514.0000,0.8000,79.0000,255.0000,5.7613,0.0000,0.1184,0.0856,0.0000,0,1,0,0,0,0,1,0
5.6655,514.0000,0.7000,78.0000,255.0000,5.6725,0.0000,0.1171,0.0839,0.0000,0,1,0,0,0,0,1,0
5.6848,514.0000,0.7000,78.0000,255.0000,5.6702,0.0000,0.1170,0.0830,0.0000,0,1,0,0,0,0,1,0
5.7060,515.0000,0.7000,78.0000,255.0000,5.6854,0.0000,0.1172,0.0847,0.0000,0,1,0,0,0,0,1,0
5.7266,515.0000,0.7000,78.0000,255.0000,5.6957,0.0000,0.1174,0.0847,0.0000,0,1,0,0,0,0,1,0
5.7474,515.0000,0.6000,78.0000,255.0000,5.7109,0.0000,0.1179,0.0862,0.0000,0,1,0,0,0,0,1,0
5.7683,515.0000,0.6000,78.0000,255.0000,5.7094,0.0000,0.1178,0.0855,0.0000,0,1,0,0,0,0,1,0
5.7881,515.0000,0.6000,78.0000,255.0000,5.6799,0.0000,0.1175,0.0845,0.0000,0,1,0,0,0,0,1,0
5.8046,515.0000,0.6000,78.0000,255.0000,5.6558,0.0000,0.1172,0.0831,0.0000,0,1,0,0,0,0,1,0
5.8219,515.0000,0.6000,78.0000,255.0000,5.6548,0.0000,0.1172,0.0835,0.0000,0,1,0,0,0,0,1,0
5.8420,515.0000,0.5000,77.0000,255.0000,5.6753,0.0000,0.1177,0.0834,0.0000,0,1,0,0,0,0,1,0
5.8633,516.0000,0.5000,77.0000,255.0000,5.7139,0.0000,0.1184,0.0848,0.0000,0,1,0,0,0,0,1,0
5.8852,516.0000,0.5000,77.0000,255.0000,5.7137,0.0000,0.1184,0.0848,0.0000,0,1,0,0,0,0,1,0
5.9037,516.0000,0.5000,77.0000,255.0000,5.6917,0.0000,0.1181,0.0845,0.0000,0,1,0,0,0,0,1,0
5.9203,516.0000,0.5000,77.0000,255.0000,5.6652,0.0000,0.1177,0.0837,0.0000,0,1,0,0,0,0,1,0
5.9377,516.0000,0.5000,77.0000,255.0000,5.6391,0.0000,0.1176,0.0838,0.0000,0,1,0,0,0,0,1,0
5.9583,516.0000,0.5000,77.0000,255.0000,5.6702,0.0000,0.1181,0.0860,0.0000,0,1,0,0,0,0,1,0
5.9748,516.0000,0.4000,77.0000,255.0000,5.6794,0.0000,0.1184,0.0852,0.0000,0,1,0,0,0,0,1,0
5.9972,516.0000,0.4000,77.0000,255.0000,5.6391,0.0000,0.1177,0.0839,0.0000,0,1,0,0,0,0,1,0
6.0182,516.0000,0.4000,77.0000,255.0000,5.6562,0.0000,0.1180,0.0848,0.0000,0,1,0,0,0,0,1,0
6.0373,516.0000,0.4000,76.0000,255.0000,5.6508,0.0000,0.1180,0.0841,0.0000,0,1,0,0,0,0,1,0
6.0545,517.0000,0.4000,76.0000,255.0000,5.6316,0.0000,0.1176,0.0840,0.0000,0,1,0,0,0,0,1,0
6.0750,517.0000,0.4000,76.0000,255.0000,5.6485,0.0000,0.1181,0.0842,0.0000,0,1,0,0,0,0,1,0
6.1689,517.0000,0.3000,76.0000,255.0000,5.6432,0.0000,0.1184,0.0869,0.0000,0,1,0,0,0,0,1,0
6.1867,517.0000,0.3000,76.0000,255.0000,5.6309,0.0000,0.1182,0.0834,0.0000,0,1,0,0,0,0,1,0
6.2043,517.0000,0.3000,76.0000,255.0000,5.6226,0.0000,0.1180,0.0843,0.0000,0,1,0,0,0,0,1,0
6.2213,517.0000,0.3000,76.0000,255.0000,5.6286,0.0000,0.1182,0.0852,0.0000,0,1,0,0,0,0,1,0
6.2380,517.0000,0.3000,75.0000,255.0000,5.6282,0.0000,0.1181,0.0846,0.0000,0,1,0,0,0,0,1,0
6.2547,517.0000,0.3000,75.0000,255.0000,5.6270,0.0000,0.1182,0.0842,0.0000,0,1,0,0,0,0,1,0
6.2715,517.0000,0.3000,75.0000,255.0000,5.6465,0.0000,0.1185,0.0851,0.0000,0,1,0,0,0,0,1,0
6.2917,517.0000,0.3000,75.0000,255.0000,5.6432,0.0000,0.1186,0.0856,0.0000,0,1,0,0,0,0,1,0
6.3141,517.0000,0.3000,75.0000,255.0000,5.5919,0.0000,0.1178,0.0845,0.0000,0,1,0,0,0,0,1,0
6.3342,518.0000,0.2000,75.0000,255.0000,5.6046,0.0000,0.1182,0.0838,0.0000,0,1,0,0,0,0,1,0
6.3539,518.0000,0.2000,75.0000,255.0000,5.6097,0.0000,0.1182,0.0857,0.0000,0,1,0,0,0,0,1,0
6.3704,518.0000,0.2000,75.0000,255.0000,5.6249,0.0000,0.1184,0.0867,0.0000,0,1,0,0,0,0,1,0
6.3938,518.0000,0.2000,75.0000,255.0000,5.6302,0.0000,0.1183,0.0867,0.0000,0,1,0,0,0,0,1,0
6.4130,518.0000,0.2000,75.0000,255.0000,5.6426,0.0000,0.1183,0.0846,0.0000,0,1,0,0,0,0,1,0
6.4341,518.0000,0.2000,74.0000,255.0000,5.6407,0.0000,0.1181,0.0842,0.0000,0,1,0,0,0,0,1,0
6.4542,518.0000,0.2000,74.0000,255.0000,5.6251,0.0000,0.1179,0.0838,0.0000,0,1,0,0,0,0,1,0
6.4758,518.0000,0.2000,74.0000,255.0000,5.6151,0.0000,0.1177,0.0850,0.0000,0,1,0,0,0,0,1,0
6.4923,518.0000,0.2000,74.0000,255.0000,5.6204,0.0000,0.1172,0.0845,0.0000,0,1,0,0,0,0,1,0
6.5091,518.0000,0.2000,74.0000,255.0000,5.6376,0.0000,0.1180,0.0844,0.0000,0,1,0,0,0,0,1,0
6.5294,518.0000,0.2000,74.0000,255.0000,5.6294,0.0000,0.1179,0.0835,0.0000,0,1,0,0,0,0,1,0
6.5511,518.0000,0.2000,74.0000,255.0000,5.6097,0.0000,0.1176,0.0840,0.0000,0,1,0,0,0,0,1,0
6.5698,518.0000,0.2000,74.0000,255.0000,5.6064,0.0000,0.1172,0.0824,0.0000,0,1,0,0,0,0,1,0
6.5883,518.0000,0.2000,74.0000,255.0000,5.6095,0.0000,0.1174,0.0822,0.0000,0,1,0,0,0,0,1,0
6.6805,518.0000,0.1000,73.0000,255.0000,5.6626,0.0000,0.1174,0.0819,0.0000,0,1,0,0,0,0,1,0
6.7017,518.0000,0.1000,73.0000,255.0000,5.7012,0.0000,0.1177,0.0818,0.0000,0,1,0,0,0,0,1,0
6.7207,518.0000,0.1000,73.0000,255.0000,5.6860,0.0000,0.1176,0.0816,0.0000,0,1,0,0,0,0,1,0
6.7371,518.0000,0.1000,73.0000,255.0000,5.6606,0.0000,0.1171,0.0814,0.0000,0,1,0,0,0,0,1,0
6.7588,518.0000,0.1000,73.0000,255.0000,5.6658,0.0000,0.1172,0.0824,0.0000,0,1,0,0,0,0,1,0
6.7794,518.0000,0.1000,73.0000,255.0000,5.7447,0.0000,0.1182,0.0846,0.0000,0,1,0,0,0,0,1,0
6.8012,518.0000,0.1000,73.0000,255.0000,5.7495,0.0000,0.1184,0.0868,0.0000,0,1,0,0,0,0,1,0
6.8202,519.0000,0.1000,73.0000,255.0000,5.7513,0.0000,0.1186,0.0893,0.0000,0,1,0,0,0,0,1,0
6.8373,519.0000,0.1000,72.0000,255.0000,5.7174,0.0000,0.1183,0.0893,0.0000,0,1,0,0,0,0,1,0
6.8536,519.0000,0.1000,72.0000,255.0000,5.6985,0.0000,0.1179,0.0870,0.0000,0,1,0,0,0,0,1,0
6.8750,519.0000,0.1000,72.0000,255.0000,5.6834,0.0000,0.1179,0.0855,0.0000,0,1,0,0,0,0,1,0
6.8954,519.0000,0.1000,72.0000,255.0000,5.6711,0.0000,0.1175,0.0828,0.0000,0,1,0,0,0,0,1,0
6.9120,519.0000,0.1000,72.0000,255.0000,5.6967,0.0000,0.1180,0.0833,0.0000,0,1,0,0,0,0,1,0
6.9363,519.0000,0.1000,72.0000,255.0000,5.7049,0.0000,0.1180,0.0825,0.0000,0,1,0,0,0,0,1,0
6.9541,519.0000,0.1000,72.0000,255.0000,5.7137,0.0000,0.1179,0.0833,0.0000,0,1,0,0,0,0,1,0
6.9763,519.0000,0.1000,72.0000,255.0000,5.7216,0.0000,0.1181,0.0866,0.0000,0,1,0,0,0,0,1,0
6.9955,519.0000,0.1000,72.0000,255.0000,5.7592,0.0000,0.1184,0.0896,0.0000,0,1,0,0,0,0,1,0
7.0145,519.0000,0.1000,72.0000,255.0000,5.7395,0.0000,0.1179,0.0842,0.0000,0,1,0,0,0,0,1,0
7.0340,519.0000,0.1000,71.0000,255.0000,5.7330,0.0000,0.1176,0.0843,0.0000,0,1,0,0,0,0,1,0
7.0541,519.0000,0.1000,71.0000,255.0000,5.7384,0.0000,0.1177,0.0868,0.0000,0,1,0,0,0,0,1,0
7.0710,519.0000,0.1000,71.0000,255.0000,5.7489,0.0000,0.1177,0.0890,0.0000,0,1,0,0,0,0,1,0
7.0886,519.0000,0.1000,71.0000,255.0000,5.7491,0.0000,0.1177,0.0876,0.0000,0,1,0,0,0,0,1,0
7.1815,519.0000,0.0000,71.0000,255.0000,5.6921,0.0000,0.1167,0.0845,0.0000,0,1,0,0,0,0,1,0
7.2008,519.0000,0.0000,71.0000,255.0000,5.7179,0.0000,0.1169,0.0853,0.0000,0,1,0,0,0,0,1,0
7.2181,519.0000,0.0000,71.0000,255.0000,5.7211,0.0000,0.1168,0.0860,0.0000,0,1,0,0,0,0,1,0
7.2374,519.0000,0.0000,70.0000,255.0000,5.7414,0.0000,0.1173,0.0859,0.0000,0,1,0,0,0,0,1,0
7.2592,519.0000,0.0000,70.0000,255.0000,5.7610,0.0000,0.1175,0.0863,0.0000,0,1,0,0,0,0,1,0
7.2803,519.0000,0.0000,70.0000,255.0000,5.7149,0.0000,0.1166,0.0843,0.0000,0,1,0,0,0,0,1,0
7.3009,519.0000,0.0000,70.0000,255.0000,5.7817,0.0000,0.1173,0.0849,0.0000,0,1,0,0,0,0,1,0
7.3213,519.0000,0.0000,70.0000,255.0000,5.8044,0.0000,0.1176,0.0850,0.0000,0,1,0,0,0,0,1,0
7.3384,519.0000,0.0000,70.0000,255.0000,5.8327,0.0000,0.1181,0.0844,0.0000,0,1,0,0,0,0,1,0
7.3588,519.0000,0.0000,70.0000,255.0000,5.8305,0.0000,0.1181,0.0848,0.0000,0,1,0,0,0,0,1,0
7.3790,519.0000,0.0000,70.0000,255.0000,5.8017,0.0000,0.1176,0.0838,0.0000,0,1,0,0,0,0,1,0
7.3971,519.0000,0.0000,70.0000,255.0000,5.7727,0.0000,0.1172,0.0835,0.0000,0,1,0,0,0,0,1,0
7.4183,519.0000,0.0000,70.0000,255.0000,5.7690,0.0000,0.1174,0.0840,0.0000,0,1,0,0,0,0,1,0
7.4375,519.0000,0.0000,69.0000,255.0000,5.8051,0.0000,0.1178,0.0842,0.0000,0,1,0,0,0,0,1,0
7.4542,519.0000,0.0000,69.0000,255.0000,5.8269,0.0000,0.1181,0.0841,0.0000,0,1,0,0,0,0,1,0
7.4711,519.0000,0.0000,69.0000,255.0000,5.8337,0.0000,0.1183,0.0856,0.0000,0,1,0,0,0,0,1,0
7.4876,519.0000,0.0000,69.0000,255.0000,5.8529,0.0000,0.1186,0.0865,0.0000,0,1,0,0,0,0,1,0
7.5097,519.0000,0.0000,69.0000,255.0000,5.8442,0.0000,0.1185,0.0865,0.0000,0,1,0,0,0,0,1,0
7.5321,519.0000,0.0000,69.0000,255.0000,5.8050,0.0000,0.1179,0.0857,0.0000,0,1,0,0,0,0,1,0
7.5506,519.0000,0.0000,69.0000,255.0000,5.7979,0.0000,0.1177,0.0859,0.0000,0,1,0,0,0,0,1,0
7.5732,519.0000,0.0000,69.0000,255.0000,5.8171,0.0000,0.1178,0.0881,0.0000,0,1,0,0,0,0,1,0
7.5919,519.0000,0.0000,69.0000,255.0000,5.7613,0.0000,0.1173,0.0841,0.0000,0,1,0,0,0,0,1,0
7.6851,519.0000,0.0000,68.0000,255.0000,5.8068,0.0000,0.1182,0.0846,0.0000,0,1,0,0,0,0,1,0
7.7042,519.0000,0.0000,68.0000,255.0000,5.7933,0.0000,0.1179,0.0844,0.0000,0,1,0,0,0,0,1,0
7.7255,519.0000,0.0000,68.0000,255.0000,5.7874,0.0000,0.1178,0.0843,0.0000,0,1,0,0,0,0,1,0
7.7492,519.0000,0.0000,68.0000,255.0000,5.8227,0.0000,0.1183,0.0855,0.0000,0,1,0,0,0,0,1,0
7.7683,519.0000,0.0000,68.0000,255.0000,5.8391,0.0000,0.1188,0.0858,0.0000,0,1,0,0,0,0,1,0
7.7872,519.0000,0.0000,68.0000,255.0000,5.8370,0.0000,0.1188,0.0864,0.0000,0,1,0,0,0,0,1,0
7.8041,519.0000,0.0000,68.0000,255.0000,5.8321,0.0000,0.1188,0.0863,0.0000,0,1,0,0,0,0,1,0
7.8210,519.0000,0.0000,68.0000,255.0000,5.7992,0.0000,0.1184,0.0854,0.0000,0,1,0,0,0,0,1,0
7.8373,519.0000,0.0000,67.0000,255.0000,5.7647,0.0000,0.1178,0.0852,0.0000,0,1,0,0,0,0,1,0
7.8583,519.0000,0.0000,67.0000,255.0000,5.7536,0.0000,0.1176,0.0837,0.0000,0,1,0,0,0,0,1,0
7.8800,519.0000,0.0000,67.0000,255.0000,5.7632,0.0000,0.1177,0.0837,0.0000,0,1,0,0,0,0,1,0
7.9001,519.0000,0.0000,67.0000,255.0000,5.7988,0.0000,0.1181,0.0840,0.0000,0,1,0,0,0,0,1,0
7.9178,519.0000,0.0000,67.0000,255.0000,5.8237,0.0000,0.1185,0.0844,0.0000,0,1,0,0,0,0,1,0
7.9376,519.0000,0.0000,67.0000,255.0000,5.8609,0.0000,0.1187,0.0857,0.0000,0,1,0,0,0,0,1,0
7.9575,519.0000,0.0000,67.0000,255.0000,5.8427,0.0000,0.1188,0.0855,0.0000,0,1,0,0,0,0,1,0
7.9748,519.0000,0.0000,67.0000,255.0000,5.8416,0.0000,0.1185,0.0871,0.0000,0,1,0,0,0,0,1,0
7.9968,519.0000,0.0000,67.0000,255.0000,5.7899,0.0000,0.1178,0.0854,0.0000,0,1,0,0,0,0,1,0
8.0174,519.0000,0.0000,67.0000,255.0000,5.8130,0.0000,0.1180,0.0871,0.0000,0,1,0,0,0,0,1,0
8.0373,519.0000,0.0000,66.0000,255.0000,5.8363,0.0000,0.1183,0.0879,0.0000,0,1,0,0,0,0,1,0
8.0541,519.0000,0.0000,66.0000,255.0000,5.8528,0.0000,0.1186,0.0874,0.0000,0,1,0,0,0,0,1,0
8.0753,519.0000,0.0000,66.0000,255.0000,5.8775,0.0000,0.1190,0.0880,0.0000,0,1,0,0,0,0,1,0
8.0972,519.0000,0.0000,66.0000,255.0000,5.7820,0.0000,0.1176,0.0840,0.0000,0,1,0,0,0,0,1,0
8.1880,519.0000,0.0000,66.0000,255.0000,5.8028,0.0000,0.1174,0.0865,0.0000,0,1,0,0,0,0,1,0
8.2083,519.0000,0.0000,66.0000,255.0000,5.7947,0.0000,0.1173,0.0849,0.0000,0,1,0,0,0,0,1,0
8.2295,519.0000,0.0000,65.0000,255.0000,5.8259,0.0000,0.1181,0.0850,0.0000,0,1,0,0,0,0,1,0
8.2508,519.0000,0.0000,65.0000,255.0000,5.8342,0.0000,0.1181,0.0861,0.0000,0,1,0,0,0,0,1,0
8.2702,519.0000,0.0000,65.0000,255.0000,5.8318,0.0000,0.1183,0.0874,0.0000,0,1,0,0,0,0,1,0
8.2870,519.0000,0.0000,65.0000,255.0000,5.8166,0.0000,0.1182,0.0864,0.0000,0,1,0,0,0,0,1,0
8.3042,519.0000,0.0000,65.0000,255.0000,5.8018,0.0000,0.1181,0.0887,0.0000,0,1,0,0,0,0,1,0
8.3255,519.0000,0.0000,65.0000,255.0000,5.7837,0.0000,0.1177,0.0854,0.0000,0,1,0,0,0,0,1,0
8.3466,519.0000,0.0000,65.0000,255.0000,5.8511,0.0000,0.1188,0.0880,0.0000,0,1,0,0,0,0,1,0
8.3667,519.0000,0.0000,65.0000,255.0000,5.8255,0.0000,0.1184,0.0864,0.0000,0,1,0,0,0,0,1,0
8.3875,519.0000,0.0000,65.0000,255.0000,5.8179,0.0000,0.1182,0.0854,0.0000,0,1,0,0,0,0,1,0
8.4082,519.0000,0.0000,65.0000,255.0000,5.7846,0.0000,0.1177,0.0844,0.0000,0,1,0,0,0,0,1,0
8.4292,519.0000,0.0000,64.0000,255.0000,5.7438,0.0000,0.1171,0.0844,0.0000,0,1,0,0,0,0,1,0
8.4521,519.0000,0.0000,64.0000,255.0000,5.7743,0.0000,0.1177,0.0852,0.0000,0,1,0,0,0,0,1,0
8.4707,519.0000,0.0000,64.0000,255.0000,5.8140,0.0000,0.1182,0.0871,0.0000,0,1,0,0,0,0,1,0
8.4917,519.0000,0.0000,64.0000,255.0000,5.7959,0.0000,0.1181,0.0852,0.0000,0,1,0,0,0,0,1,0
8.5136,519.0000,0.0000,64.0000,255.0000,5.7930,0.0000,0.1180,0.0860,0.0000,0,1,0,0,0,0,1,0
8.5340,519.0000,0.0000,64.0000,255.0000,5.7778,0.0000,0.1178,0.0849,0.0000,0,1,0,0,0,0,1,0
8.5539,519.0000,0.0000,64.0000,255.0000,5.7746,0.0000,0.1178,0.0863,0.0000,0,1,0,0,0,0,1,0
8.5703,519.0000,0.0000,64.0000,255.0000,5.7963,0.0000,0.1181,0.0869,0.0000,0,1,0,0,0,0,1,0
8.5952,519.0000,0.0000,64.0000,255.0000,5.7754,0.0000,0.1179,0.0843,0.0000,0,1,0,0,0,0,1,0
8.6137,519.0000,0.0000,64.0000,255.0000,5.7874,0.0000,0.1181,0.0881,0.0000,0,1,0,0,0,0,1,0
8.7042,519.0000,0.0000,63.0000,255.0000,5.7576,0.0000,0.1180,0.0843,0.0000,0,1,0,0,0,0,1,0
8.7211,519.0000,0.0000,63.0000,255.0000,5.7543,0.0000,0.1181,0.0854,0.0000,0,1,0,0,0,0,1,0
8.7419,519.0000,0.0000,63.0000,255.0000,5.7405,0.0000,0.1181,0.0850,0.0000,0,1,0,0,0,0,1,0
8.7632,519.0000,0.0000,63.0000,255.0000,5.7686,0.0000,0.1186,0.0871,0.0000,0,1,0,0,0,0,1,0
8.7842,519.0000,0.0000,63.0000,255.0000,5.7698,0.0000,0.1189,0.0875,0.0000,0,1,0,0,0,0,1,0
8.8036,519.0000,0.0000,63.0000,255.0000,5.7632,0.0000,0.1188,0.0871,0.0000,0,1,0,0,0,0,1,0
8.8215,519.0000,0.0000,63.0000,255.0000,5.7309,0.0000,0.1186,0.0871,0.0000,0,1,0,0,0,0,1,0
8.8424,519.0000,0.0000,62.0000,255.0000,5.7350,0.0000,0.1185,0.0864,0.0000,0,1,0,0,0,0,1,0
8.8626,519.0000,0.0000,62.0000,255.0000,5.7218,0.0000,0.1185,0.0833,0.0000,0,1,0,0,0,0,1,0
8.8848,519.0000,0.0000,62.0000,255.0000,5.7048,0.0000,0.1184,0.0832,0.0000,0,1,0,0,0,0,1,0
8.9042,519.0000,0.0000,62.0000,255.0000,5.7097,0.0000,0.1186,0.0835,0.0000,0,1,0,0,0,0,1,0
8.9246,519.0000,0.0000,62.0000,255.0000,5.7275,0.0000,0.1189,0.0842,0.0000,0,1,0,0,0,0,1,0
8.9418,519.0000,0.0000,62.0000,255.0000,5.7281,0.0000,0.1192,0.0846,0.0000,0,1,0,0,0,0,1,0
8.9656,519.0000,0.0000,62.0000,255.0000,5.6652,0.0000,0.1184,0.0842,0.0000,0,1,0,0,0,0,1,0
8.9834,519.0000,0.0000,62.0000,255.0000,5.6651,0.0000,0.1182,0.0843,0.0000,0,1,0,0,0,0,1,0
9.0066,519.0000,0.0000,62.0000,255.0000,5.6949,0.0000,0.1187,0.0842,0.0000,0,1,0,0,0,0,1,0
9.0252,519.0000,0.0000,62.0000,255.0000,5.7050,0.0000,0.1189,0.0842,0.0000,1,1,0,0,0,0,0,0
9.0465,519.0000,0.0000,61.0000,255.0000,5.6821,0.0000,0.1186,0.0841,0.0000,1,1,0,0,0,0,0,0
9.0689,519.0000,0.0000,61.0000,255.0000,5.6804,0.0000,0.1187,0.0855,0.0000,1,1,0,0,0,0,0,0
9.0860,519.0000,0.0000,61.0000,255.0000,5.6758,0.0000,0.1188,0.0858,0.0000,1,1,0,0,0,0,0,0
9.1024,519.0000,1.0000,61.0000,255.0000,5.6564,0.0000,0.1182,0.0859,0.0000,1,1,0,0,0,0,0,0
9.1199,519.0000,2.1000,61.0000,255.0000,5.6530,0.0000,0.1183,0.0849,0.0000,1,1,0,0,0,0,0,0
9.2177,518.0000,5.6000,61.0000,255.0000,5.5880,0.0000,0.1178,0.0847,0.0000,1,1,0,0,0,0,0,0
9.2372,517.0000,5.7000,61.0000,255.0000,5.5491,0.0000,0.1173,0.0828,0.0000,1,1,0,0,0,0,0,0
9.2535,516.0000,5.8000,61.0000,255.0000,5.5717,0.0000,0.1177,0.0843,0.0000,1,1,0,0,0,0,0,0
9.2750,516.0000,6.0000,61.0000,255.0000,5.6056,0.0000,0.1182,0.0866,0.0000,1,1,0,0,0,0,0,0
9.2967,514.0000,6.5000,61.0000,255.0000,5.6095,0.0000,0.1183,0.0879,0.0000,1,1,0,0,0,0,0,0
9.3179,514.0000,6.7000,61.0000,255.0000,5.5962,0.0000,0.1182,0.0876,0.0000,1,1,0,0,0,0,0,0
9.3367,513.0000,6.8000,61.0000,255.0000,5.5839,0.0000,0.1183,0.0889,0.0000,1,1,0,0,0,0,0,0
9.3537,512.0000,6.9000,61.0000,255.0000,5.5636,0.0000,0.1182,0.0877,0.0000,1,1,0,0,0,0,0,0
9.3700,511.0000,7.1000,60.0000,255.0000,5.5136,0.0000,0.1172,0.0823,0.0000,1,1,0,0,0,0,0,0
9.3915,510.0000,7.2000,60.0000,255.0000,5.5305,0.0000,0.1178,0.0833,0.0000,1,1,0,0,0,0,0,0
9.4085,509.0000,7.4000,60.0000,255.0000,5.5217,0.0000,0.1202,0.0841,0.0000,1,1,0,0,0,0,0,0
9.4298,502.0000,19.3000,60.0000,255.0000,5.5686,0.0000,0.1211,0.0852,0.0000,1,1,0,0,0,0,0,0
9.4510,499.0000,18.9000,60.0000,255.0000,5.5811,0.0000,0.1210,0.0863,0.0000,1,1,0,0,0,0,0,0
9.4710,496.0000,18.5000,60.0000,255.0000,5.5651,0.0000,0.1205,0.0856,0.0000,1,1,0,0,0,0,0,0
9.4927,493.0000,18.0000,60.0000,255.0000,5.5482,0.0000,0.1202,0.0843,0.0000,1,1,0,0,0,0,0,0
9.5122,488.0000,17.3000,60.0000,255.0000,5.5345,0.0000,0.1197,0.0831,0.0000,1,1,0,0,0,0,0,0
9.5366,485.0000,16.9000,60.0000,255.0000,5.5524,0.0000,0.1197,0.0852,0.0000,1,1,0,0,0,0,0,0
9.5541,482.0000,16.5000,60.0000,255.0000,5.5649,0.0000,0.1195,0.0884,0.0000,1,1,0,0,0,0,0,0
9.5750,480.0000,16.2000,60.0000,255.0000,5.5592,0.0000,0.1193,0.0869,0.0000,1,1,0,0,0,0,0,0
9.5964,474.0000,15.5000,61.0000,255.0000,5.5535,0.0000,0.1185,0.0856,0.0000,1,1,0,0,0,0,0,0
9.6162,472.0000,15.2000,61.0000,255.0000,5.5538,0.0000,0.1185,0.0854,0.0000,1,1,0,0,0,0,0,0
9.6343,469.0000,14.9000,61.0000,255.0000,5.5371,0.0000,0.1185,0.0844,0.0000,1,1,0,0,0,0,0,0
9.7261,458.0000,13.5000,61.0000,255.0000,5.5080,0.0000,0.1181,0.0835,0.0000,1,1,0,0,0,0,0,0
9.7476,454.0000,13.0000,61.0000,255.0000,5.5140,0.0000,0.1186,0.0833,0.0000,1,1,0,0,0,0,0,0
9.7664,451.0000,12.8000,61.0000,255.0000,5.4987,0.0000,0.1182,0.0831,0.0000,1,1,0,0,0,0,0,0
9.7845,449.0000,12.5000,61.0000,255.0000,5.4817,0.0000,0.1179,0.0818,0.0000,1,1,0,0,0,0,0,0
9.8037,447.0000,12.3000,61.0000,255.0000,5.4775,0.0000,0.1179,0.0821,0.0000,1,1,0,0,0,0,0,0
9.8210,445.0000,12.1000,61.0000,255.0000,5.5062,0.0000,0.1182,0.0821,0.0000,1,1,0,0,0,0,0,0
9.8413,443.0000,11.9000,61.0000,255.0000,5.5351,0.0000,0.1189,0.0839,0.0000,1,1,0,0,0,0,0,0
9.8586,442.0000,11.7000,61.0000,255.0000,5.5370,0.0000,0.1188,0.0835,0.0000,1,1,0,0,0,0,0,0
9.8812,438.0000,11.3000,62.0000,255.0000,5.5509,0.0000,0.1191,0.0848,0.0000,1,1,0,0,0,0,0,0
9.9017,436.0000,11.1000,62.0000,255.0000,5.5157,0.0000,0.1183,0.0842,0.0000,1,1,0,0,0,0,0,0
9.9210,434.0000,10.9000,62.0000,255.0000,5.5216,0.0000,0.1183,0.0862,0.0000,1,1,0,0,0,0,0,0
9.9428,432.0000,10.7000,62.0000,255.0000,5.5128,0.0000,0.1181,0.0839,0.0000,1,1,0,0,0,0,0,0
9.9651,429.0000,10.3000,62.0000,255.0000,5.5503,0.0000,0.1187,0.0847,0.0000,1,1,0,0,0,0,0,0
9.9837,427.0000,10.2000,62.0000,255.0000,5.5335,0.0000,0.1181,0.0821,0.0000,1,1,0,0,0,0,0,0
10.0042,426.0000,10.0000,62.0000,255.0000,5.5402,0.0000,0.1183,0.0828,0.0000,1,1,0,0,0,0,0,0
10.0244,424.0000,9.8000,62.0000,255.0000,5.5269,0.0000,0.1178,0.0841,0.0000,1,1,0,0,0,0,0,0
10.0416,423.0000,9.7000,62.0000,255.0000,5.5013,0.0000,0.1171,0.0822,0.0000,1,1,0,0,0,0,0,0
10.0631,419.0000,9.4000,62.0000,255.0000,5.5067,0.0000,0.1170,0.0834,0.0000,1,1,0,0,0,0,0,0
10.0842,418.0000,9.2000,62.0000,255.0000,5.5094,0.0000,0.1169,0.0835,0.0000,1,1,0,0,0,0,0,0
10.1033,416.0000,9.1000,62.0000,255.0000,5.5049,0.0000,0.1165,0.0831,0.0000,1,1,0,0,0,0,0,0
10.1199,415.0000,8.9000,62.0000,255.0000,5.5300,0.0000,0.1168,0.0847,0.0000,1,1,0,0,0,0,0,0
10.1455,413.0000,8.8000,63.0000,255.0000,5.5733,0.0000,0.1174,0.0853,0.0000,1,1,0,0,0,0,0,0
10.2375,405.0000,8.2000,63.0000,255.0000,5.5753,0.0000,0.1166,0.0837,0.0000,1,1,0,0,0,0,0,0
10.2590,404.0000,8.1000,63.0000,255.0000,5.5887,0.0000,0.1171,0.0843,0.0000,1,1,0,0,0,0,0,0
10.2795,401.0000,7.9000,63.0000,255.0000,5.5989,0.0000,0.1173,0.0857,0.0000,1,1,0,0,0,0,0,0
10.3002,400.0000,7.8000,63.0000,255.0000,5.5982,0.0000,0.1176,0.0875,0.0000,1,1,0,0,0,0,0,0
10.3182,399.0000,nan,63.0000,255.0000,5.5682,0.0000,0.1174,0.0858,0.0000,1,1,0,0,0,0,0,0
10.3370,397.0000,7.6000,63.0000,255.0000,5.5594,0.0000,0.1167,0.0878,0.0000,1,1,0,0,0,0,0,0
10.3534,396.0000,7.6000,63.0000,255.0000,5.5603,0.0000,0.1173,0.0882,0.0000,1,1,0,0,0,0,0,0
10.3751,395.0000,7.5000,63.0000,255.0000,5.5363,0.0000,0.1168,0.0856,0.0000,1,1,0,0,0,0,0,0
10.3964,393.0000,7.3000,64.0000,255.0000,5.5461,0.0000,0.1168,0.0851,0.0000,1,1,0,0,0,0,0,0
10.4175,391.0000,7.2000,64.0000,255.0000,5.5668,0.0000,0.1171,0.0859,0.0000,1,1,0,0,0,0,0,0
10.4413,390.0000,7.2000,64.0000,255.0000,5.6044,0.0000,0.1172,0.0866,0.0000,1,1,0,0,0,0,0,0
10.4632,388.0000,7.0000,64.0000,255.0000,5.5804,0.0000,0.1175,0.0850,0.0000,1,1,0,0,0,0,0,0
10.4851,387.0000,6.9000,64.0000,255.0000,5.5503,0.0000,0.1168,0.0838,0.0000,1,1,0,0,0,0,0,0
10.5059,386.0000,6.9000,64.0000,255.0000,5.5503,0.0000,0.1168,0.0840,0.0000,1,1,0,0,0,0,0,0
10.5244,385.0000,6.8000,64.0000,255.0000,5.5634,0.0000,0.1169,0.0849,0.0000,1,1,0,0,0,0,0,0
10.5414,383.0000,6.7000,64.0000,255.0000,5.5549,0.0000,0.1166,0.0829,0.0000,1,1,0,0,0,0,0,0
10.5588,382.0000,6.7000,64.0000,255.0000,5.5865,0.0000,0.1171,0.0832,0.0000,1,1,0,0,0,0,0,0
10.5797,380.0000,6.6000,64.0000,255.0000,5.6162,0.0000,0.1175,0.0854,0.0000,1,1,0,0,0,0,0,0
10.6017,379.0000,6.5000,64.0000,255.0000,5.5695,0.0000,0.1165,0.0849,0.0000,1,1,0,0,0,0,0,0
10.6205,378.0000,6.4000,64.0000,255.0000,5.5678,0.0000,0.1157,0.0843,0.0000,1,1,0,0,0,0,0,0
10.6379,377.0000,6.4000,64.0000,255.0000,5.5460,0.0000,0.1158,0.0841,0.0000,1,1,0,0,0,0,0,0
10.6596,376.0000,6.3000,64.0000,255.0000,5.5646,0.0000,0.1162,0.0842,0.0000,1,1,0,0,0,0,0,0
10.7511,370.0000,6.0000,65.0000,255.0000,5.6299,0.0000,0.1170,0.0884,0.0000,1,1,0,0,0,0,0,0
10.7702,369.0000,6.0000,65.0000,255.0000,5.6357,0.0000,0.1173,0.0881,0.0000,1,1,0,0,0,0,0,0
10.7871,368.0000,5.9000,65.0000,255.0000,5.6115,0.0000,0.1169,0.0873,0.0000,1,1,0,0,0,0,0,0
10.8084,367.0000,5.9000,65.0000,255.0000,5.5711,0.0000,0.1162,0.0851,0.0000,1,1,0,0,0,0,0,0
10.8309,366.0000,5.8000,65.0000,255.0000,5.6103,0.0000,0.1169,0.0851,0.0000,1,1,0,0,0,0,0,0
10.8508,365.0000,5.7000,65.0000,255.0000,5.6531,0.0000,0.1164,0.0838,0.0000,1,1,0,0,0,0,0,0
10.8703,364.0000,5.7000,65.0000,255.0000,5.6192,0.0000,0.1170,0.0841,0.0000,1,1,0,0,0,0,0,0
10.8873,363.0000,5.7000,65.0000,255.0000,5.6136,0.0000,0.1169,0.0845,0.0000,1,1,0,0,0,0,0,0
10.9091,362.0000,5.6000,65.0000,255.0000,5.6079,0.0000,0.1168,0.0862,0.0000,1,1,0,0,0,0,0,0
10.9315,360.0000,5.5000,66.0000,255.0000,5.5720,0.0000,0.1164,0.0854,0.0000,1,1,0,0,0,0,0,0
10.9516,359.0000,5.5000,66.0000,255.0000,5.5959,0.0000,0.1166,0.0868,0.0000,1,1,0,0,0,0,0,0
10.9706,359.0000,5.5000,66.0000,255.0000,5.6152,0.0000,0.1170,0.0870,0.0000,1,1,0,0,0,0,0,0
10.9907,358.0000,5.4000,66.0000,255.0000,5.6263,0.0000,0.1172,0.0877,0.0000,1,1,0,0,0,0,0,0
11.0072,357.0000,5.4000,66.0000,255.0000,5.5973,0.0000,0.1166,0.0859,0.0000,1,1,0,0,0,0,0,0
11.0246,356.0000,5.4000,66.0000,255.0000,5.5977,0.0000,0.1166,0.0841,0.0000,1,1,0,0,0,0,0,0
11.0417,355.0000,5.3000,66.0000,255.0000,5.5955,0.0000,0.1165,0.0841,0.0000,1,1,0,0,0,0,0,0
11.0629,354.0000,5.3000,66.0000,255.0000,5.6100,0.0000,0.1168,0.0866,0.0000,1,1,0,0,0,0,0,0
11.0844,353.0000,5.2000,66.0000,255.0000,5.6068,0.0000,0.1168,0.0865,0.0000,1,1,0,0,0,0,0,0
11.1017,352.0000,5.2000,66.0000,255.0000,5.6088,0.0000,0.1169,0.0863,0.0000,1,1,0,0,0,0,0,0
11.1201,351.0000,5.2000,66.0000,255.0000,5.6074,0.0000,0.1168,0.0856,0.0000,1,1,0,0,0,0,0,0
11.1377,351.0000,5.1000,66.0000,255.0000,5.5951,0.0000,0.1164,0.0865,0.0000,1,1,0,0,0,0,0,0
11.1548,350.0000,5.1000,66.0000,255.0000,5.5872,0.0000,0.1164,0.0861,0.0000,1,1,0,0,0,0,0,0
11.1759,349.0000,5.1000,66.0000,255.0000,5.5728,0.0000,0.1161,0.0853,0.0000,1,1,0,0,0,0,0,0
11.2707,345.0000,4.9000,67.0000,255.0000,5.6063,0.0000,0.1162,0.0859,0.0000,1,1,0,0,0,0,0,0
11.2915,344.0000,4.9000,67.0000,255.0000,5.6123,0.0000,0.1162,0.0864,0.0000,1,1,0,0,0,0,0,0
11.3087,343.0000,4.9000,67.0000,255.0000,5.5990,0.0000,0.1162,0.0862,0.0000,1,1,0,0,0,0,0,0
11.3246,342.0000,4.9000,67.0000,255.0000,5.5814,0.0000,0.1161,0.0863,0.0000,1,1,0,0,0,0,0,0
11.3471,341.0000,4.8000,67.0000,255.0000,5.5568,0.0000,0.1157,0.0854,0.0000,1,1,0,0,0,0,0,0
11.3669,340.0000,4.8000,67.0000,255.0000,5.5747,0.0000,0.1159,0.0858,0.0000,1,1,0,0,0,0,0,0
11.3874,340.0000,4.8000,67.0000,255.0000,5.5789,0.0000,0.1161,0.0853,0.0000,1,1,0,0,0,0,0,0
11.4089,339.0000,4.7000,67.0000,255.0000,5.5617,0.0000,0.1159,0.0835,0.0000,1,1,0,0,0,0,0,0
11.4318,338.0000,4.7000,67.0000,255.0000,5.5894,0.0000,0.1168,0.0843,0.0000,1,1,0,0,0,0,0,0
11.4512,337.0000,4.7000,67.0000,255.0000,5.5600,0.0000,0.1162,0.0833,0.0000,1,1,0,0,0,0,0,0
11.4710,336.0000,4.7000,68.0000,255.0000,5.5590,0.0000,0.1164,0.0847,0.0000,1,1,0,0,0,0,0,0
11.4884,336.0000,4.6000,68.0000,255.0000,5.5491,0.0000,0.1164,0.0852,0.0000,1,1,0,0,0,0,0,0
11.5072,335.0000,4.6000,68.0000,255.0000,5.5702,0.0000,0.1166,0.0853,0.0000,1,1,0,0,0,0,0,0
11.5279,335.0000,4.6000,68.0000,255.0000,5.5768,0.0000,0.1165,0.0852,0.0000,1,1,0,0,0,0,0,0
11.5464,333.0000,4.6000,68.0000,255.0000,5.5396,0.0000,0.1161,0.0852,0.0000,1,1,0,0,0,0,0,0
11.5664,333.0000,4.6000,68.0000,255.0000,5.5399,0.0000,0.1159,0.0844,0.0000,1,1,0,0,0,0,0,0
11.5845,332.0000,4.5000,68.0000,255.0000,5.5211,0.0000,0.1160,0.0844,0.0000,1,1,0,0,0,0,0,0
11.6061,331.0000,4.5000,68.0000,255.0000,5.5155,0.0000,0.1156,0.0840,0.0000,1,1,0,0,0,0,0,0
11.6255,331.0000,4.5000,68.0000,255.0000,5.5266,0.0000,0.1158,0.0849,0.0000,1,1,0,0,0,0,0,0
11.6462,330.0000,4.5000,68.0000,255.0000,5.5464,0.0000,0.1160,0.0840,0.0000,1,1,0,0,0,0,0,0
11.6678,329.0000,4.5000,68.0000,255.0000,5.5481,0.0000,0.1161,0.0841,0.0000,1,1,0,0,0,0,0,0
11.6873,328.0000,4.4000,68.0000,255.0000,5.5557,0.0000,0.1163,0.0836,0.0000,1,1,0,0,0,0,0,0
11.7845,325.0000,4.4000,69.0000,255.0000,5.5582,0.0000,0.1165,0.0854,0.0000,1,1,0,0,0,0,0,0
11.8042,325.0000,4.3000,69.0000,255.0000,5.5476,0.0000,0.1165,0.0858,0.0000,1,1,0,0,0,0,0,0
11.8212,324.0000,4.3000,69.0000,255.0000,5.5403,0.0000,0.1165,0.0858,0.0000,1,1,0,0,0,0,0,0
11.8416,323.0000,4.3000,69.0000,255.0000,5.5437,0.0000,0.1165,0.0865,0.0000,1,1,0,0,0,0,0,0
11.8635,322.0000,4.3000,69.0000,255.0000,5.5518,0.0000,0.1161,0.0868,0.0000,1,1,0,0,0,0,0,0
11.8859,322.0000,4.3000,69.0000,255.0000,5.5405,0.0000,0.1163,0.0864,0.0000,1,1,0,0,0,0,0,0
11.9027,321.0000,4.3000,69.0000,255.0000,5.5226,0.0000,0.1160,0.0852,0.0000,1,1,0,0,0,0,0,0
11.9190,321.0000,4.3000,69.0000,255.0000,5.5317,0.0000,0.1159,0.0834,0.0000,1,1,0,0,0,0,0,0
11.9370,320.0000,4.3000,69.0000,255.0000,5.5455,0.0000,0.1165,0.0838,0.0000,1,1,0,0,0,0,0,0
11.9580,320.0000,4.3000,69.0000,255.0000,5.5439,0.0000,0.1164,0.0836,0.0000,1,1,0,0,0,0,0,0
11.9790,319.0000,4.3000,69.0000,255.0000,5.5144,0.0000,0.1163,0.0840,0.0000,1,1,0,0,0,0,0,0
12.0004,318.0000,4.3000,70.0000,255.0000,5.5060,0.0000,0.1167,0.0844,0.0000,1,1,0,0,0,0,0,0
12.0203,318.0000,4.3000,70.0000,255.0000,5.5037,0.0000,0.1168,0.0853,0.0000,1,1,0,0,0,0,0,0
12.0422,317.0000,4.3000,70.0000,255.0000,5.4961,0.0000,0.1165,0.0857,0.0000,1,1,0,0,0,0,0,0
12.0626,316.0000,4.2000,70.0000,255.0000,5.5296,0.0000,0.1167,0.0876,0.0000,1,1,0,0,0,0,0,0
12.0867,316.0000,4.2000,70.0000,255.0000,5.5279,0.0000,0.1168,0.0843,0.0000,1,1,0,0,0,0,0,0
12.1042,315.0000,4.2000,70.0000,255.0000,5.5240,0.0000,0.1166,0.0851,0.0000,1,1,0,0,0,0,0,0
12.1256,315.0000,4.2000,70.0000,255.0000,5.5333,0.0000,0.1170,0.0858,0.0000,1,1,0,0,0,0,0,0
12.1456,314.0000,4.2000,70.0000,255.0000,5.5194,0.0000,0.1167,0.0838,0.0000,1,1,0,0,0,0,0,0
12.1685,313.0000,4.2000,70.0000,255.0000,5.4985,0.0000,0.1168,0.0839,0.0000,1,1,0,0,0,0,0,0
12.1869,313.0000,4.2000,70.0000,255.0000,5.4944,0.0000,0.1165,0.0829,0.0000,1,1,0,0,0,0,0,0
12.2038,312.0000,4.2000,70.0000,255.0000,5.5029,0.0000,0.1168,0.0839,0.0000,1,1,0,0,0,0,0,0
12.2917,310.0000,4.2000,71.0000,255.0000,5.4997,0.0000,0.1165,0.0860,0.0000,1,1,0,0,0,0,0,0
12.3151,309.0000,4.2000,71.0000,255.0000,5.5433,0.0000,0.1173,0.0864,0.0000,1,1,0,0,0,0,0,0
12.3345,308.0000,4.2000,71.0000,255.0000,5.5494,0.0000,0.1170,0.0836,0.0000,1,1,0,0,0,0,0,0
12.3538,308.0000,4.2000,71.0000,255.0000,5.5659,0.0000,0.1168,0.0830,0.0000,1,1,0,0,0,0,0,0
12.3740,307.0000,4.2000,71.0000,255.0000,5.5324,0.0000,0.1171,0.0828,0.0000,1,1,0,0,0,0,0,0
12.3919,307.0000,4.2000,71.0000,255.0000,5.5046,0.0000,0.1168,0.0828,0.0000,1,1,0,0,0,0,0,0
12.4085,306.0000,4.2000,71.0000,255.0000,5.4905,0.0000,0.1166,0.0832,0.0000,1,1,0,0,0,0,0,0
12.4290,306.0000,4.2000,71.0000,255.0000,5.4988,0.0000,0.1169,0.0851,0.0000,1,1,0,0,0,0,0,0
12.4516,305.0000,4.2000,71.0000,255.0000,5.5158,0.0000,0.1170,0.0850,0.0000,1,1,0,0,0,0,0,0
12.4701,305.0000,4.2000,71.0000,255.0000,5.4932,0.0000,0.1168,0.0833,0.0000,1,1,0,0,0,0,0,0
12.4868,304.0000,4.2000,71.0000,255.0000,5.4995,0.0000,0.1170,0.0842,0.0000,1,1,0,0,0,0,0,0
12.5030,304.0000,4.2000,71.0000,255.0000,5.4900,0.0000,0.1168,0.0845,0.0000,1,1,0,0,0,0,0,0
12.5252,303.0000,4.2000,71.0000,255.0000,5.4689,0.0000,0.1165,0.0849,0.0000,1,1,0,0,0,0,0,0
12.5470,302.0000,4.2000,72.0000,255.0000,5.4636,0.0000,0.1166,0.0853,0.0000,1,1,0,0,0,0,0,0
12.5671,302.0000,4.2000,72.0000,255.0000,5.4617,0.0000,0.1165,0.0857,0.0000,1,1,0,0,0,0,0,0
12.5867,301.0000,4.2000,72.0000,255.0000,5.4589,0.0000,0.1165,0.0859,0.0000,1,1,0,0,0,0,0,0
12.6036,301.0000,4.2000,72.0000,255.0000,5.4619,0.0000,0.1162,0.0863,0.0000,1,1,0,0,0,0,0,0
12.6204,300.0000,4.2000,72.0000,255.0000,5.4739,0.0000,0.1164,0.0841,0.0000,1,1,0,0,0,0,0,0
12.6381,300.0000,4.2000,72.0000,255.0000,5.4970,0.0000,0.1171,0.0849,0.0000,1,1,0,0,0,0,0,0
12.6594,299.0000,4.2000,72.0000,255.0000,5.5285,0.0000,0.1176,0.0863,0.0000,1,1,0,0,0,0,0,0
12.6815,298.0000,4.2000,72.0000,255.0000,5.4753,0.0000,0.1172,0.0848,0.0000,1,1,0,0,0,0,0,0
12.7021,298.0000,4.2000,72.0000,255.0000,5.4659,0.0000,0.1172,0.0843,0.0000,1,1,0,0,0,0,0,0
12.7198,298.0000,4.2000,72.0000,255.0000,5.4503,0.0000,0.1171,0.0856,0.0000,1,1,0,0,0,0,0,0
12.8087,295.0000,4.2000,73.0000,255.0000,5.4793,0.0000,0.1174,0.0840,0.0000,1,1,0,0,0,0,0,0
12.8282,294.0000,4.2000,73.0000,255.0000,5.4460,0.0000,0.1169,0.0852,0.0000,1,1,0,0,0,0,0,0
12.8456,294.0000,4.2000,73.0000,255.0000,5.4506,0.0000,0.1170,0.0854,0.0000,1,1,0,0,0,0,0,0
12.8678,293.0000,4.2000,73.0000,255.0000,5.4383,0.0000,0.1168,0.0848,0.0000,1,1,0,0,0,0,0,0
12.8865,293.0000,4.2000,73.0000,255.0000,5.4364,0.0000,0.1167,0.0843,0.0000,1,1,0,0,0,0,0,0
12.9029,293.0000,4.2000,73.0000,255.0000,5.4455,0.0000,0.1171,0.0834,0.0000,1,1,0,0,0,0,0,0
12.9221,292.0000,4.2000,73.0000,255.0000,5.4631,0.0000,0.1173,0.0834,0.0000,1,1,0,0,0,0,0,0
12.9419,292.0000,4.2000,73.0000,255.0000,5.4887,0.0000,0.1170,0.0837,0.0000,1,1,0,0,0,0,0,0
12.9637,291.0000,4.2000,73.0000,255.0000,5.4640,0.0000,0.1170,0.0848,0.0000,1,1,0,0,0,0,0,0
12.9856,290.0000,4.2000,73.0000,255.0000,5.4370,0.0000,0.1168,0.0844,0.0000,1,1,0,0,0,0,0,0
13.0031,290.0000,4.2000,73.0000,255.0000,5.4298,0.0000,0.1167,0.0845,0.0000,1,1,0,0,0,0,0,0
13.0197,289.0000,4.2000,73.0000,255.0000,5.4460,0.0000,0.1169,0.0849,0.0000,1,1,0,0,0,0,0,0
13.0370,289.0000,4.2000,73.0000,255.0000,5.4560,0.0000,0.1170,0.0850,0.0000,1,1,0,0,0,0,0,0
13.0546,289.0000,4.2000,73.0000,255.0000,5.4773,0.0000,0.1174,0.0847,0.0000,1,1,0,0,0,0,0,0
13.0713,288.0000,4.2000,74.0000,255.0000,5.5086,0.0000,0.1178,0.0844,0.0000,1,1,0,0,0,0,0,0
13.0912,288.0000,4.2000,74.0000,255.0000,5.4896,0.0000,0.1176,0.0843,0.0000,1,1,0,0,0,0,0,0
13.1136,287.0000,4.2000,74.0000,255.0000,5.4264,0.0000,0.1166,0.0848,0.0000,1,1,0,0,0,0,0,0
13.1354,286.0000,4.2000,74.0000,255.0000,5.4441,0.0000,0.1168,0.0851,0.0000,1,1,0,0,0,0,0,0
13.1533,286.0000,4.2000,74.0000,255.0000,5.4566,0.0000,0.1171,0.0857,0.0000,1,1,0,0,0,0,0,0
13.1704,286.0000,4.2000,74.0000,255.0000,5.4635,0.0000,0.1171,0.0855,0.0000,1,1,0,0,0,0,0,0
13.1915,285.0000,4.2000,74.0000,255.0000,5.4538,0.0000,0.1169,0.0839,0.0000,1,1,0,0,0,0,0,0
13.2136,284.0000,4.2000,74.0000,255.0000,5.5096,0.0000,0.1169,0.0836,0.0000,1,1,0,0,0,0,0,0
13.2343,284.0000,4.2000,74.0000,255.0000,5.5107,0.0000,0.1173,0.0838,0.0000,1,1,0,0,0,0,0,0
13.3267,282.0000,4.2000,74.0000,255.0000,5.4918,0.0000,0.1168,0.0840,0.0000,1,1,0,0,0,0,0,0
13.3459,281.0000,4.2000,75.0000,255.0000,5.5328,0.0000,0.1172,0.0844,0.0000,1,1,0,0,0,0,0,0
13.3681,280.0000,4.2000,75.0000,255.0000,5.5432,0.0000,0.1175,0.0847,0.0000,1,1,0,0,0,0,0,0
13.3851,280.0000,4.2000,75.0000,255.0000,5.5456,0.0000,0.1176,0.0866,0.0000,1,1,0,0,0,0,0,0
13.4032,280.0000,4.2000,75.0000,255.0000,5.5299,0.0000,0.1170,0.0859,0.0000,1,1,0,0,0,0,0,0
13.4201,279.0000,4.2000,75.0000,255.0000,5.4807,0.0000,0.1164,0.0853,0.0000,1,1,0,0,0,0,0,0
13.4367,279.0000,4.2000,75.0000,255.0000,5.4575,0.0000,0.1158,0.0824,0.0000,1,1,0,0,0,0,0,0
13.4540,278.0000,4.2000,75.0000,255.0000,5.4920,0.0000,0.1159,0.0824,0.0000,1,1,0,0,0,0,0,0
13.4749,278.0000,4.2000,75.0000,255.0000,5.4998,0.0000,0.1166,0.0824,0.0000,1,1,0,0,0,0,0,0
13.4979,277.0000,4.2000,75.0000,255.0000,5.5000,0.0000,0.1163,0.0828,0.0000,1,1,0,0,0,0,0,0
13.5172,277.0000,4.2000,75.0000,255.0000,5.5137,0.0000,0.1163,0.0834,0.0000,1,1,0,0,0,0,0,0
13.5369,276.0000,4.2000,75.0000,255.0000,5.5258,0.0000,0.1166,0.0836,0.0000,1,1,0,0,0,0,0,0
13.5576,276.0000,4.2000,75.0000,255.0000,5.5252,0.0000,0.1165,0.0840,0.0000,1,1,0,0,0,0,0,0
13.5750,275.0000,4.2000,75.0000,255.0000,5.5307,0.0000,0.1167,0.0843,0.0000,1,1,0,0,0,0,0,0
13.5955,275.0000,4.2000,76.0000,255.0000,5.5237,0.0000,0.1161,0.0841,0.0000,1,1,0,0,0,0,0,0
13.6162,274.0000,4.2000,76.0000,255.0000,5.5102,0.0000,0.1164,0.0841,0.0000,1,1,0,0,0,0,0,0
13.6372,274.0000,4.2000,76.0000,255.0000,5.5246,0.0000,0.1164,0.0843,0.0000,1,1,0,0,0,0,0,0
13.6582,273.0000,4.2000,76.0000,255.0000,5.5236,0.0000,0.1161,0.0851,0.0000,1,1,0,0,0,0,0,0
13.6742,273.0000,4.2000,76.0000,255.0000,5.5175,0.0000,0.1156,0.0832,0.0000,1,1,0,0,0,0,0,0
13.6975,272.0000,4.2000,76.0000,255.0000,5.5407,0.0000,0.1159,0.0841,0.0000,1,1,0,0,0,0,0,0
13.7175,272.0000,4.2000,76.0000,255.0000,5.5511,0.0000,0.1155,0.0851,0.0000,1,1,0,0,0,0,0,0
13.7366,271.0000,4.2000,76.0000,255.0000,5.5295,0.0000,0.1156,0.0845,0.0000,1,1,0,0,0,0,0,0
13.8247,269.0000,4.2000,76.0000,255.0000,5.5441,0.0000,0.1156,0.0843,0.0000,1,1,0,0,0,0,0,0
13.8461,269.0000,4.2000,76.0000,255.0000,5.5452,0.0000,0.1157,0.0843,0.0000,1,1,0,0,0,0,0,0
13.8675,268.0000,4.2000,77.0000,255.0000,5.5388,0.0000,0.1156,0.0839,0.0000,1,1,0,0,0,0,0,0
13.8849,268.0000,4.2000,77.0000,255.0000,5.5540,0.0000,0.1155,0.0843,0.0000,1,1,0,0,0,0,0,0
13.9017,268.0000,4.2000,77.0000,255.0000,5.5678,0.0000,0.1157,0.0846,0.0000,1,1,0,0,0,0,0,0
13.9199,267.0000,4.2000,77.0000,255.0000,5.5615,0.0000,0.1156,0.0846,0.0000,1,1,0,0,0,0,0,0
13.9368,267.0000,4.2000,77.0000,255.0000,5.5656,0.0000,0.1159,0.0850,0.0000,1,1,0,0,0,0,0,0
13.9533,266.0000,4.2000,77.0000,255.0000,5.5484,0.0000,0.1156,0.0838,0.0000,1,1,0,0,0,0,0,0
13.9749,266.0000,4.2000,77.0000,255.0000,5.5215,0.0000,0.1152,0.0834,0.0000,1,1,0,0,0,0,0,0
13.9955,265.0000,4.2000,77.0000,255.0000,5.5539,0.0000,0.1158,0.0839,0.0000,1,1,0,0,0,0,0,0
14.0172,265.0000,4.2000,77.0000,255.0000,5.5822,0.0000,0.1159,0.0838,0.0000,1,1,0,0,0,0,0,0
14.0369,265.0000,4.2000,77.0000,255.0000,5.5719,0.0000,0.1160,0.0863,0.0000,1,1,0,0,0,0,0,0
14.0575,264.0000,4.2000,77.0000,255.0000,5.5763,0.0000,0.1160,0.0868,0.0000,1,1,0,0,0,0,0,0
14.0735,264.0000,4.2000,77.0000,255.0000,5.5680,0.0000,0.1161,0.0869,0.0000,1,1,0,0,0,0,0,0
14.0971,263.0000,4.2000,77.0000,255.0000,5.5396,0.0000,0.1155,0.0835,0.0000,1,1,0,0,0,0,0,0
14.1172,263.0000,4.2000,77.0000,255.0000,5.5465,0.0000,0.1158,0.0843,0.0000,1,1,0,0,0,0,0,0
14.1364,262.0000,4.2000,78.0000,255.0000,5.5684,0.0000,0.1160,0.0843,0.0000,1,1,0,0,0,0,0,0
14.1530,262.0000,4.2000,78.0000,255.0000,5.5700,0.0000,0.1160,0.0855,0.0000,1,1,0,0,0,0,0,0
14.1731,262.0000,4.2000,78.0000,255.0000,5.5718,0.0000,0.1161,0.0878,0.0000,1,1,0,0,0,0,0,0
14.1910,261.0000,4.2000,78.0000,255.0000,5.5827,0.0000,0.1163,0.0883,0.0000,1,1,0,0,0,0,0,0
14.2115,261.0000,4.2000,78.0000,255.0000,5.5949,0.0000,0.1165,0.0887,0.0000,1,1,0,0,0,0,0,0
14.2283,260.0000,4.2000,78.0000,255.0000,5.5808,0.0000,0.1153,0.0859,0.0000,1,1,0,0,0,0,0,0
14.2494,260.0000,4.2000,78.0000,255.0000,5.5519,0.0000,0.1154,0.0853,0.0000,1,1,0,0,0,0,0,0
14.3435,258.0000,4.2000,78.0000,255.0000,5.5616,0.0000,0.1165,0.0857,0.0000,1,1,0,0,0,0,0,0
14.3643,257.0000,4.2000,78.0000,255.0000,5.5550,0.0000,0.1157,0.0854,0.0000,1,1,0,0,0,0,0,0
14.3831,257.0000,4.2000,79.0000,255.0000,5.5756,0.0000,0.1159,0.0859,0.0000,1,1,0,0,0,0,0,0
14.3997,257.0000,4.2000,79.0000,255.0000,5.5759,0.0000,0.1158,0.0852,0.0000,1,1,0,0,0,0,0,0
14.4212,256.0000,4.2000,79.0000,255.0000,5.6031,0.0000,0.1163,0.0851,0.0000,1,1,0,0,0,0,0,0
14.4402,256.0000,4.2000,79.0000,255.0000,5.6094,0.0000,0.1165,0.0847,0.0000,1,1,0,0,0,0,0,0
14.4578,256.0000,4.2000,79.0000,255.0000,5.6085,0.0000,0.1166,0.0849,0.0000,1,1,0,0,0,0,0,0
14.4796,255.0000,4.2000,79.0000,255.0000,5.5826,0.0000,0.1156,0.0851,0.0000,1,1,0,0,0,0,0,0
14.5003,255.0000,4.2000,79.0000,255.0000,5.5661,0.0000,0.1157,0.0851,0.0000,1,1,0,0,0,0,0,0
14.5204,254.0000,4.2000,79.0000,255.0000,5.5705,0.0000,0.1159,0.0856,0.0000,1,1,0,0,0,0,0,0
14.5411,254.0000,4.2000,79.0000,255.0000,5.5752,0.0000,0.1159,0.0862,0.0000,1,1,0,0,0,0,0,0
14.5624,253.0000,4.2000,79.0000,255.0000,5.5698,0.0000,0.1157,0.0873,0.0000,1,1,0,0,0,0,0,0
14.5836,253.0000,4.2000,79.0000,255.0000,5.5588,0.0000,0.1156,0.0850,0.0000,1,1,0,0,0,0,0,0
14.6034,253.0000,4.2000,79.0000,255.0000,5.5681,0.0000,0.1156,0.0851,0.0000,1,1,0,0,0,0,0,0
14.6203,252.0000,4.2000,79.0000,255.0000,5.5533,0.0000,0.1157,0.0849,0.0000,1,1,0,0,0,0,0,0
14.6366,252.0000,4.2000,79.0000,255.0000,5.5457,0.0000,0.1157,0.0843,0.0000,1,1,0,0,0,0,0,0
14.6535,252.0000,4.2000,79.0000,255.0000,5.5484,0.0000,0.1159,0.0843,0.0000,1,1,0,0,0,0,0,0
14.6708,251.0000,4.2000,80.0000,255.0000,5.5511,0.0000,0.1160,0.0839,0.0000,1,1,0,0,0,0,0,0
14.6880,251.0000,4.2000,80.0000,255.0000,5.5500,0.0000,0.1160,0.0842,0.0000,1,1,0,0,0,0,0,0
14.7081,251.0000,4.2000,80.0000,255.0000,5.5585,0.0000,0.1161,0.0846,0.0000,1,1,0,0,0,0,0,0
14.7283,250.0000,4.2000,80.0000,255.0000,5.5838,0.0000,0.1160,0.0846,0.0000,1,1,0,0,0,0,0,0
14.7458,250.0000,4.2000,80.0000,255.0000,5.5771,0.0000,0.1163,0.0853,0.0000,1,1,0,0,0,0,0,0
14.7676,250.0000,4.2000,80.0000,255.0000,5.5594,0.0000,0.1160,0.0846,0.0000,1,1,0,0,0,0,0,0
14.8581,248.0000,4.2000,80.0000,255.0000,5.5830,0.0000,0.1167,0.0854,0.0000,1,1,0,0,0,0,0,0
14.8801,247.0000,4.2000,80.0000,255.0000,5.5285,0.0000,0.1161,0.0839,0.0000,1,1,0,0,0,0,0,0
14.9003,247.0000,4.2000,80.0000,255.0000,5.5118,0.0000,0.1157,0.0842,0.0000,1,1,0,0,0,0,0,0
14.9200,247.0000,4.2000,80.0000,255.0000,5.4984,0.0000,0.1160,0.0845,0.0000,1,1,0,0,0,0,0,0
14.9366,247.0000,4.2000,81.0000,255.0000,5.4970,0.0000,0.1160,0.0848,0.0000,1,1,0,0,0,0,0,0
14.9576,246.0000,4.2000,81.0000,255.0000,5.5152,0.0000,0.1164,0.0845,0.0000,1,1,0,0,0,0,0,0
14.9781,246.0000,4.2000,81.0000,255.0000,5.5210,0.0000,0.1168,0.0846,0.0000,1,1,0,0,0,0,0,0
14.9980,245.0000,4.2000,81.0000,255.0000,5.5041,0.0000,0.1167,0.0839,0.0000,1,1,0,0,0,0,0,0
15.0166,245.0000,4.2000,81.0000,255.0000,5.4889,0.0000,0.1165,0.0844,0.0000,1,1,0,0,0,0,0,0
15.0370,245.0000,4.2000,81.0000,255.0000,5.4781,0.0000,0.1166,0.0844,0.0000,1,1,0,0,0,0,0,0
15.0539,245.0000,4.2000,81.0000,255.0000,5.4861,0.0000,0.1166,0.0847,0.0000,1,1,0,0,0,0,0,0
15.0709,244.0000,4.2000,81.0000,255.0000,5.5048,0.0000,0.1161,0.0850,0.0000,1,1,0,0,0,0,0,0
15.0922,244.0000,4.2000,81.0000,255.0000,5.4905,0.0000,0.1162,0.0851,0.0000,1,1,0,0,0,0,0,0
15.1124,243.0000,4.2000,81.0000,255.0000,5.4739,0.0000,0.1163,0.0846,0.0000,1,1,0,0,0,0,0,0
15.1334,243.0000,4.2000,81.0000,255.0000,5.5134,0.0000,0.1169,0.0848,0.0000,1,1,0,0,0,0,0,0
15.1516,243.0000,4.2000,81.0000,255.0000,5.5306,0.0000,0.1176,0.0850,0.0000,1,1,0,0,0,0,0,0
15.1698,243.0000,4.2000,81.0000,255.0000,5.5131,0.0000,0.1174,0.0855,0.0000,1,1,0,0,0,0,0,0
15.1867,242.0000,4.2000,81.0000,255.0000,5.4922,0.0000,0.1170,0.0857,0.0000,1,1,0,0,0,0,0,0
15.2035,242.0000,4.2000,82.0000,255.0000,5.5002,0.0000,0.1166,0.0864,0.0000,1,1,0,0,0,0,0,0
15.2242,242.0000,4.2000,82.0000,255.0000,5.4777,0.0000,0.1167,0.0858,0.0000,1,1,0,0,0,0,0,0
15.2409,242.0000,4.2000,82.0000,255.0000,5.4854,0.0000,0.1170,0.0847,0.0000,1,1,0,0,0,0,0,0
15.2633,241.0000,4.2000,82.0000,255.0000,5.5042,0.0000,0.1173,0.0839,0.0000,1,1,0,0,0,0,0,0
15.2837,241.0000,4.2000,82.0000,255.0000,5.4787,0.0000,0.1173,0.0836,0.0000,1,1,0,0,0,0,0,0
15.3763,239.0000,4.2000,82.0000,255.0000,5.4170,0.0000,0.1172,0.0832,0.0000,1,1,0,0,0,0,0,0
15.3962,239.0000,4.2000,82.0000,255.0000,5.4427,0.0000,0.1173,0.0828,0.0000,1,1,0,0,0,0,0,0
15.4159,239.0000,4.2000,82.0000,255.0000,5.4628,0.0000,0.1178,0.0834,0.0000,1,1,0,0,0,0,0,0
15.4374,238.0000,4.2000,82.0000,255.0000,5.4784,0.0000,0.1178,0.0831,0.0000,1,1,0,0,0,0,0,0
15.4532,238.0000,4.2000,83.0000,255.0000,5.4786,0.0000,0.1178,0.0837,0.0000,1,1,0,0,0,0,0,0
15.4739,238.0000,4.2000,83.0000,255.0000,5.4707,0.0000,0.1177,0.0840,0.0000,1,1,0,0,0,0,0,0
15.4909,238.0000,4.2000,83.0000,255.0000,5.4405,0.0000,0.1173,0.0833,0.0000,1,1,0,0,0,0,0,0
15.5128,237.0000,4.2000,83.0000,255.0000,5.4319,0.0000,0.1172,0.0832,0.0000,1,1,0,0,0,0,0,0
15.5345,237.0000,4.2000,83.0000,255.0000,5.4323,0.0000,0.1173,0.0838,0.0000,1,1,0,0,0,0,0,0
15.5542,237.0000,4.2000,83.0000,255.0000,5.4587,0.0000,0.1178,0.0836,0.0000,1,1,0,0,0,0,0,0
15.5751,237.0000,4.2000,83.0000,255.0000,5.4921,0.0000,0.1179,0.0842,0.0000,1,1,0,0,0,0,0,0
15.5968,236.0000,4.2000,83.0000,255.0000,5.4367,0.0000,0.1176,0.0843,0.0000,1,1,0,0,0,0,0,0
15.6165,236.0000,4.2000,83.0000,255.0000,5.4191,0.0000,0.1174,0.0833,0.0000,1,1,0,0,0,0,0,0
15.6367,236.0000,4.2000,83.0000,255.0000,5.4283,0.0000,0.1178,0.0831,0.0000,1,1,0,0,0,0,0,0
15.6569,235.0000,4.2000,83.0000,255.0000,5.4195,0.0000,0.1177,0.0834,0.0000,1,1,0,0,0,0,0,0
15.6738,235.0000,4.2000,83.0000,255.0000,5.4065,0.0017,0.1176,0.0847,0.0000,1,1,0,0,0,0,0,0
15.6908,235.0000,4.2000,83.0000,255.0000,5.4010,0.0028,0.1176,0.0850,0.0000,1,1,0,0,0,0,0,0
15.7076,235.0000,4.2000,83.0000,255.0000,5.3910,0.0046,0.1175,0.0830,0.0000,1,1,0,0,0,0,0,0
15.7249,235.0000,4.2000,83.0000,255.0000,5.3989,0.0031,0.1177,0.0823,0.0000,1,1,0,0,0,0,0,0
15.7463,234.0000,4.2000,84.0000,255.0000,5.4117,0.0008,0.1180,0.0828,0.0000,1,1,0,0,0,0,0,0
15.7673,234.0000,4.2000,84.0000,255.0000,5.4105,0.0010,0.1177,0.0824,0.0000,1,1,0,0,0,0,0,0
15.7868,234.0000,4.2000,84.0000,255.0000,5.3959,0.0037,0.1176,0.0825,0.0000,1,1,0,0,0,0,0,0
15.8843,233.0000,4.2000,84.0000,255.0000,5.4618,0.0000,0.1186,0.0835,0.0000,1,1,0,0,0,0,0,0
15.9016,232.0000,4.2000,84.0000,255.0000,5.4575,0.0000,0.1182,0.0832,0.0000,1,1,0,0,0,0,0,0
15.9186,232.0000,4.2000,84.0000,255.0000,5.4212,0.0000,0.1175,0.0831,0.0000,1,1,0,0,0,0,0,0
15.9361,232.0000,4.2000,84.0000,255.0000,5.4199,0.0000,0.1172,0.0835,0.0000,1,1,0,0,0,0,0,0
15.9531,232.0000,4.2000,84.0000,255.0000,5.4461,0.0000,0.1177,0.0839,0.0000,1,1,0,0,0,0,0,0
15.9699,232.0000,4.2000,84.0000,255.0000,5.4644,0.0000,0.1178,0.0845,0.0000,1,1,0,0,0,0,0,0
15.9862,231.0000,4.2000,84.0000,255.0000,5.4627,0.0000,0.1175,0.0849,0.0000,1,1,0,0,0,0,0,0
16.0108,231.0000,4.2000,85.0000,255.0000,5.4716,0.0000,0.1171,0.0851,0.0000,1,1,0,0,0,0,0,0
16.0297,231.0000,4.2000,85.0000,255.0000,5.4709,0.0000,0.1172,0.0852,0.0000,1,1,0,0,0,0,0,0
16.0504,231.0000,4.2000,85.0000,255.0000,5.4753,0.0000,0.1169,0.0850,0.0000,1,1,0,0,0,0,0,0
16.0692,231.0000,4.2000,85.0000,255.0000,5.4834,0.0000,0.1172,0.0849,0.0000,1,1,0,0,0,0,0,0
16.0862,230.0000,4.2000,85.0000,255.0000,5.4991,0.0000,0.1170,0.0839,0.0000,1,1,0,0,0,0,0,0
16.1033,230.0000,4.2000,85.0000,255.0000,5.4996,0.0000,0.1172,0.0828,0.0000,1,1,0,0,0,0,0,0
16.1247,230.0000,4.2000,85.0000,255.0000,5.5039,0.0000,0.1171,0.0832,0.0000,1,1,0,0,0,0,0,0
16.1459,230.0000,4.2000,85.0000,255.0000,5.5138,0.0000,0.1165,0.0840,0.0000,1,1,0,0,0,0,0,0
16.1673,230.0000,4.2000,85.0000,255.0000,5.4971,0.0000,0.1165,0.0830,0.0000,1,1,0,0,0,0,0,0
16.1864,229.0000,4.2000,85.0000,255.0000,5.5230,0.0000,0.1169,0.0838,0.0000,1,1,0,0,0,0,0,0
16.2032,229.0000,4.2000,85.0000,255.0000,5.5413,0.0000,0.1173,0.0855,0.0000,1,1,0,0,0,0,0,0
16.2202,229.0000,4.2000,85.0000,255.0000,5.5318,0.0000,0.1170,0.0839,0.0000,1,1,0,0,0,0,0,0
16.2377,229.0000,4.2000,85.0000,255.0000,5.5004,0.0000,0.1165,0.0822,0.0000,1,1,0,0,0,0,0,0
16.2573,229.0000,4.2000,85.0000,255.0000,5.5094,0.0000,0.1167,0.0834,0.0000,1,1,0,0,0,0,0,0
16.2743,229.0000,4.2000,86.0000,255.0000,5.5233,0.0000,0.1169,0.0840,0.0000,1,1,0,0,0,0,0,0
16.2952,228.0000,4.2000,86.0000,255.0000,5.5283,0.0000,0.1171,0.0857,0.0000,1,1,0,0,0,0,0,0
16.3882,228.0000,4.2000,86.0000,255.0000,5.5213,0.0000,0.1171,0.0843,0.0000,1,1,0,0,0,0,0,0
16.4080,228.0000,4.2000,86.0000,255.0000,5.5487,0.0000,0.1169,0.0848,0.0000,1,1,0,0,0,0,0,0
16.4294,227.0000,4.2000,86.0000,255.0000,5.5606,0.0000,0.1166,0.0861,0.0000,1,1,0,0,0,0,0,0
16.4509,227.0000,4.2000,86.0000,255.0000,5.5333,0.0000,0.1163,0.0849,0.0000,1,1,0,0,0,0,0,0
16.4733,227.0000,4.2000,86.0000,255.0000,5.5026,0.0000,0.1155,0.0830,0.0000,1,1,0,0,0,0,0,0
16.4904,227.0000,4.2000,86.0000,255.0000,5.5277,0.0000,0.1150,0.0831,0.0000,1,1,0,0,0,0,0,0
16.5077,227.0000,4.2000,86.0000,255.0000,5.5695,0.0000,0.1157,0.0845,0.0000,1,1,0,0,0,0,0,0
16.5285,227.0000,4.2000,87.0000,255.0000,5.5283,0.0000,0.1152,0.0833,0.0000,1,1,0,0,0,0,0,0
16.5506,227.0000,4.2000,87.0000,255.0000,5.5234,0.0000,0.1154,0.0837,0.0000,1,1,0,0,0,0,0,0
16.5713,226.0000,4.2000,87.0000,255.0000,5.5358,0.0000,0.1153,0.0832,0.0000,1,1,0,0,0,0,0,0
16.5904,226.0000,4.2000,87.0000,255.0000,5.5299,0.0000,0.1154,0.0839,0.0000,1,1,0,0,0,0,0,0
16.6069,226.0000,4.2000,87.0000,255.0000,5.5369,0.0000,0.1155,0.0843,0.0000,1,1,0,0,0,0,0,0
16.6243,226.0000,4.2000,87.0000,255.0000,5.5451,0.0000,0.1156,0.0842,0.0000,1,1,0,0,0,0,0,0
16.6455,226.0000,4.2000,87.0000,255.0000,5.5659,0.0000,0.1157,0.0834,0.0000,1,1,0,0,0,0,0,0
16.6675,226.0000,4.2000,87.0000,255.0000,5.5653,0.0000,0.1157,0.0828,0.0000,1,1,0,0,0,0,0,0
16.6865,226.0000,4.2000,87.0000,255.0000,5.5898,0.0000,0.1158,0.0828,0.0000,1,1,0,0,0,0,0,0
16.7034,226.0000,4.2000,87.0000,255.0000,5.5925,0.0000,0.1164,0.0836,0.0000,1,1,0,0,0,0,0,0
16.7204,225.0000,4.1000,87.0000,255.0000,5.5854,0.0000,0.1162,0.0828,0.0000,1,1,0,0,0,0,0,0
16.7374,226.0000,0.0000,87.0000,255.0000,5.5920,0.0000,0.1162,0.0854,0.0000,1,1,0,0,0,0,0,0
16.7584,226.0000,2.6000,87.0000,255.0000,5.5669,0.0000,0.1160,0.0849,0.0000,1,1,0,0,0,0,0,0
16.7804,226.0000,2.5000,87.0000,255.0000,5.6131,0.0000,0.1169,0.0870,0.0000,1,1,0,0,0,0,0,0
16.8011,225.0000,2.5000,88.0000,255.0000,5.6124,0.0000,0.1170,0.0870,0.0000,1,1,0,0,0,0,0,0
16.8910,226.0000,2.4000,88.0000,255.0000,5.5843,0.0000,0.1165,0.0876,0.0000,1,1,0,0,0,0,0,0
16.9112,225.0000,2.4000,88.0000,255.0000,5.5651,0.0000,0.1164,0.0861,0.0000,1,1,0,0,0,0,0,0
16.9280,226.0000,2.4000,88.0000,255.0000,5.5744,0.0000,0.1165,0.0853,0.0000,1,1,0,0,0,0,0,0
16.9456,226.0000,2.3000,88.0000,255.0000,5.5816,0.0000,0.1166,0.0846,0.0000,1,1,0,0,0,0,0,0
16.9673,225.0000,2.0000,88.0000,255.0000,5.5688,0.0000,0.1165,0.0847,0.0000,1,1,0,0,0,0,0,0
16.9868,225.0000,1.8000,88.0000,255.0000,5.5751,0.0000,0.1157,0.0844,0.0000,1,1,0,0,0,0,0,0
17.0081,225.0000,2.3000,88.0000,255.0000,5.5534,0.0000,0.1164,0.0837,0.0000,1,1,0,0,0,0,0,0
17.0293,225.0000,2.3000,88.0000,255.0000,5.5557,0.0000,0.1166,0.0840,0.0000,1,1,0,0,0,0,0,0
17.0505,225.0000,2.3000,88.0000,255.0000,5.5405,0.0000,0.1163,0.0843,0.0000,1,1,0,0,0,0,0,0
17.0696,225.0000,2.1000,89.0000,255.0000,5.5422,0.0000,0.1146,0.0832,0.0000,1,1,0,0,0,0,0,0
17.0866,226.0000,2.3000,89.0000,255.0000,5.5728,0.0000,0.1152,0.0843,0.0000,1,1,0,0,0,0,0,0
17.1029,226.0000,2.3000,89.0000,255.0000,5.5911,0.0000,0.1145,0.0836,0.0000,1,1,0,0,0,0,0,0
17.1198,225.0000,2.3000,89.0000,255.0000,5.5687,0.0000,0.1149,0.0839,0.0000,1,1,0,0,0,0,0,0
17.1404,226.0000,2.3000,89.0000,255.0000,5.6037,0.0000,0.1145,0.0846,0.0000,1,1,0,0,0,0,0,0
17.1570,226.0000,2.3000,89.0000,255.0000,5.5905,0.0000,0.1154,0.0859,0.0000,1,1,0,0,0,0,0,0
17.1794,225.0000,2.3000,89.0000,255.0000,5.5851,0.0000,0.1149,0.0851,0.0000,1,1,0,0,0,0,0,0
17.2007,226.0000,2.2000,89.0000,255.0000,5.5935,0.0000,0.1151,0.0846,0.0000,1,1,0,0,0,0,0,0
17.2199,226.0000,2.2000,89.0000,255.0000,5.5951,0.0000,0.1151,0.0844,0.0000,1,1,0,0,0,0,0,0
17.2364,226.0000,2.2000,89.0000,255.0000,5.6085,0.0000,0.1150,0.0852,0.0000,1,1,0,0,0,0,0,0
17.2621,225.0000,2.2000,89.0000,255.0000,5.6203,0.0000,0.1153,0.0861,0.0000,1,1,0,0,0,0,0,0
17.2833,225.0000,2.1000,89.0000,255.0000,5.5790,0.0000,0.1146,0.0843,0.0000,1,1,0,0,0,0,0,0
17.3028,226.0000,2.1000,89.0000,255.0000,5.5724,0.0000,0.1144,0.0842,0.0000,1,1,0,0,0,0,0,0
17.3910,226.0000,2.0000,90.0000,255.0000,5.6057,0.0000,0.1154,0.0878,0.0000,1,1,0,0,0,0,0,0
17.4122,225.0000,2.1000,90.0000,255.0000,5.5478,0.0000,0.1145,0.0854,0.0000,1,1,0,0,0,0,0,0
17.4331,226.0000,2.0000,90.0000,255.0000,5.5697,0.0000,0.1149,0.0853,0.0000,1,1,0,0,0,0,0,0
17.4528,225.0000,4.3000,90.0000,255.0000,5.5753,0.0000,0.1150,0.0832,0.0000,1,1,0,0,0,0,0,0
17.4698,225.0000,3.9000,90.0000,255.0000,5.5881,0.0000,0.1152,0.0839,0.0000,1,1,0,0,0,0,0,0
17.4868,226.0000,2.1000,90.0000,255.0000,5.5740,0.0000,0.1149,0.0825,0.0000,1,1,0,0,0,0,0,0
17.5041,225.0000,2.1000,90.0000,255.0000,5.5726,0.0000,0.1149,0.0829,0.0000,1,1,0,0,0,0,0,0
17.5244,225.0000,4.0000,90.0000,255.0000,5.5764,0.0000,0.1148,0.0837,0.0000,1,1,0,0,0,0,0,0
17.5452,226.0000,2.1000,90.0000,255.0000,5.5777,0.0000,0.1143,0.0835,0.0000,1,1,0,0,0,0,0,0
17.5671,225.0000,4.0000,90.0000,255.0000,5.5770,0.0000,0.1142,0.0834,0.0000,1,1,0,0,0,0,0,0
17.5866,225.0000,2.1000,90.0000,255.0000,5.5630,0.0000,0.1142,0.0822,0.0000,1,1,0,0,0,0,0,0
17.6085,225.0000,2.1000,91.0000,255.0000,5.5451,0.0000,0.1135,0.0820,0.0000,1,1,0,0,0,0,0,0
17.6296,225.0000,4.2000,91.0000,255.0000,5.5783,0.0000,0.1146,0.0843,0.0000,1,1,0,0,0,0,0,0
17.6503,226.0000,2.1000,91.0000,255.0000,5.5969,0.0000,0.1149,0.0839,0.0000,1,1,0,0,0,0,0,0
17.6701,225.0000,2.0000,91.0000,255.0000,5.5880,0.0000,0.1149,0.0847,0.0000,1,1,0,0,0,0,0,0
17.6907,225.0000,4.2000,91.0000,255.0000,5.5622,0.0000,0.1147,0.0852,0.0000,1,1,0,0,0,0,0,0
17.7071,225.0000,3.8000,91.0000,255.0000,5.5451,0.0000,0.1145,0.0855,0.0000,1,1,0,0,0,0,0,0
17.7288,225.0000,2.1000,91.0000,255.0000,5.5352,0.0000,0.1161,0.0860,0.0000,1,1,0,0,0,0,0,0
17.7506,225.0000,3.8000,91.0000,255.0000,5.5665,0.0000,0.1169,0.0873,0.0000,1,1,0,0,0,0,0,0
17.7694,226.0000,2.1000,91.0000,255.0000,5.5677,0.0000,0.1170,0.0848,0.0000,1,1,0,0,0,0,0,0
17.7863,226.0000,2.1000,91.0000,255.0000,5.5460,0.0000,0.1168,0.0824,0.0000,1,1,0,0,0,0,0,0
17.8030,225.0000,3.9000,91.0000,255.0000,5.5499,0.0000,0.1169,0.0837,0.0000,1,1,0,0,0,0,0,0
17.8972,225.0000,2.1000,92.0000,255.0000,5.4995,0.0000,0.1170,0.0841,0.0000,1,1,0,0,0,0,0,0
17.9159,226.0000,2.1000,92.0000,255.0000,5.5340,0.0000,0.1173,0.0845,0.0000,1,1,0,0,0,0,0,0
17.9394,225.0000,3.9000,92.0000,255.0000,5.5550,0.0000,0.1179,0.0865,0.0000,1,1,0,0,0,0,0,0
17.9584,225.0000,3.5000,92.0000,255.0000,5.5456,0.0000,0.1179,0.0858,0.0000,1,1,0,0,0,0,0,0
17.9793,225.0000,2.1000,92.0000,255.0000,5.4845,0.0000,0.1167,0.0820,0.0000,1,1,0,0,0,0,0,0
18.0002,225.0000,2.1000,92.0000,255.0000,5.4689,0.0000,0.1166,0.0820,0.0000,1,1,0,0,0,0,0,0
18.0199,226.0000,2.1000,92.0000,255.0000,5.4777,0.0000,0.1169,0.0836,0.0000,1,1,0,0,0,0,0,0
18.0444,226.0000,2.1000,92.0000,255.0000,5.4866,0.0000,0.1171,0.0822,0.0000,1,1,0,0,0,0,0,0
18.0608,225.0000,4.4000,92.0000,255.0000,5.5397,0.0000,0.1179,0.0834,0.0000,1,1,0,0,0,0,0,0
18.0789,225.0000,4.0000,92.0000,255.0000,5.5359,0.0000,0.1177,0.0835,0.0000,1,1,0,0,0,0,0,0
18.1003,225.0000,2.1000,92.0000,255.0000,5.4928,0.0000,0.1168,0.0820,0.0000,1,1,0,0,0,0,0,0
18.1197,225.0000,2.1000,92.0000,255.0000,5.4704,0.0000,0.1165,0.0815,0.0000,1,1,0,0,0,0,0,0
18.1363,225.0000,2.1000,93.0000,255.0000,5.4784,0.0000,0.1167,0.0823,0.0000,1,1,0,0,0,0,0,0
18.1588,226.0000,2.0000,93.0000,255.0000,5.5114,0.0000,0.1174,0.0844,0.0000,1,1,0,0,0,0,0,0
18.1782,225.0000,4.0000,93.0000,255.0000,5.5149,0.0000,0.1174,0.0866,0.0000,1,1,0,0,0,0,0,0
18.2010,226.0000,2.1000,93.0000,255.0000,5.5232,0.0000,0.1177,0.0867,0.0000,1,1,0,0,0,0,0,0
18.2197,226.0000,2.1000,93.0000,255.0000,5.5147,0.0000,0.1177,0.0842,0.0000,1,1,0,0,0,0,0,0
18.2370,225.0000,4.0000,93.0000,255.0000,5.5233,0.0000,0.1180,0.0862,0.0000,1,1,0,0,0,0,0,0
18.2541,225.0000,3.6000,93.0000,255.0000,5.5138,0.0000,0.1179,0.0863,0.0000,1,1,0,0,0,0,0,0
18.2705,225.0000,2.1000,93.0000,255.0000,5.5009,0.0000,0.1176,0.0833,0.0000,1,1,0,0,0,0,0,0
18.2901,226.0000,2.1000,93.0000,255.0000,5.4988,0.0000,0.1178,0.0832,0.0000,1,1,0,0,0,0,0,0
18.3071,225.0000,3.7000,93.0000,255.0000,5.4770,0.0000,0.1175,0.0834,0.0000,1,1,0,0,0,0,0,0
18.4007,225.0000,4.3000,94.0000,255.0000,5.4876,0.0000,0.1183,0.0828,0.0000,1,1,0,0,0,0,0,0
18.4197,226.0000,2.1000,94.0000,255.0000,5.4547,0.0000,0.1179,0.0814,0.0000,1,1,0,0,0,0,0,0
18.4364,226.0000,2.0000,94.0000,255.0000,5.4616,0.0000,0.1181,0.0829,0.0000,1,1,0,0,0,0,0,0
18.4576,225.0000,2.0000,94.0000,255.0000,5.4973,0.0000,0.1181,0.0837,0.0000,1,1,0,0,0,0,0,0
18.4831,225.0000,4.1000,94.0000,255.0000,5.5121,0.0000,0.1184,0.0827,0.0000,1,1,0,0,0,0,0,0
18.5030,226.0000,2.1000,94.0000,255.0000,5.4980,0.0000,0.1181,0.0821,0.0000,1,1,0,0,0,0,0,0
18.5197,226.0000,2.1000,94.0000,255.0000,5.4939,0.0000,0.1181,0.0821,0.0000,1,1,0,0,0,0,0,0
18.5405,225.0000,2.0000,94.0000,255.0000,5.4851,0.0000,0.1181,0.0857,0.0000,1,1,0,0,0,0,0,0
18.5638,226.0000,2.0000,94.0000,255.0000,5.4415,0.0000,0.1180,0.0826,0.0000,1,1,0,0,0,0,0,0
18.5838,225.0000,4.4000,94.0000,255.0000,5.4505,0.0000,0.1180,0.0826,0.0000,1,1,0,0,0,0,0,0
18.6023,225.0000,2.0000,94.0000,255.0000,5.4776,0.0000,0.1178,0.0831,0.0000,1,1,0,0,0,0,0,0
18.6195,226.0000,2.0000,94.0000,255.0000,5.4731,0.0000,0.1177,0.0828,0.0000,1,1,0,0,0,0,0,0
18.6359,225.0000,2.0000,94.0000,255.0000,5.4539,0.0000,0.1183,0.0834,0.0000,1,1,0,0,0,0,0,0
18.6573,225.0000,4.4000,94.0000,255.0000,5.4394,0.0000,0.1181,0.0821,0.0000,1,1,0,0,0,0,0,0
18.6790,225.0000,2.0000,95.0000,255.0000,5.4500,0.0000,0.1182,0.0828,0.0000,1,1,0,0,0,0,0,0
18.7004,226.0000,1.9000,95.0000,255.0000,5.4611,0.0000,0.1182,0.0832,0.0000,1,1,0,0,0,0,0,0
18.7197,225.0000,4.4000,95.0000,255.0000,5.4757,0.0000,0.1175,0.0827,0.0000,1,1,0,0,0,0,0,0
18.7367,225.0000,4.4000,95.0000,255.0000,5.4521,0.0000,0.1180,0.0836,0.0000,1,1,0,0,0,0,0,0
18.7573,226.0000,2.0000,95.0000,255.0000,5.4748,0.0000,0.1182,0.0843,0.0000,1,1,0,0,0,0,0,0
18.7795,225.0000,4.4000,95.0000,255.0000,5.4864,0.0000,0.1184,0.0851,0.0000,1,1,0,0,0,0,0,0
18.8005,225.0000,2.0000,95.0000,255.0000,5.4748,0.0000,0.1178,0.0848,0.0000,1,1,0,0,0,0,0,0
18.8195,226.0000,2.0000,95.0000,255.0000,5.4573,0.0000,0.1178,0.0840,0.0000,1,1,0,0,0,0,0,0
18.9075,225.0000,2.0000,95.0000,255.0000,5.4703,0.0000,0.1177,0.0833,0.0000,1,1,0,0,0,0,0,0
18.9299,225.0000,3.9000,96.0000,255.0000,5.4813,0.0000,0.1180,0.0825,0.0000,1,1,0,0,0,0,0,0
18.9504,225.0000,2.1000,96.0000,255.0000,5.4518,0.0000,0.1174,0.0806,0.0000,1,1,0,0,0,0,0,0
18.9699,226.0000,2.1000,96.0000,255.0000,5.4351,0.0000,0.1172,0.0808,0.0000,1,1,0,0,0,0,0,0
18.9913,226.0000,2.1000,96.0000,255.0000,5.4320,0.0000,0.1172,0.0813,0.0000,1,1,0,0,0,0,0,0
19.0129,225.0000,2.1000,96.0000,255.0000,5.4760,0.0000,0.1179,0.0820,0.0000,1,1,0,0,0,0,0,0
19.0333,226.0000,2.1000,96.0000,255.0000,5.4655,0.0000,0.1178,0.0818,0.0000,1,1,0,0,0,0,0,0
19.0532,225.0000,4.1000,96.0000,255.0000,5.4483,0.0000,0.1177,0.0822,0.0000,1,1,0,0,0,0,0,0
19.0699,226.0000,2.1000,96.0000,255.0000,5.4489,0.0000,0.1176,0.0825,0.0000,1,1,0,0,0,0,0,0
19.0868,225.0000,2.1000,96.0000,255.0000,5.4484,0.0000,0.1176,0.0827,0.0000,1,1,0,0,0,0,0,0
19.1031,225.0000,4.1000,96.0000,255.0000,5.4557,0.0000,0.1177,0.0828,0.0000,1,1,0,0,0,0,0,0
19.1198,226.0000,2.1000,96.0000,255.0000,5.4533,0.0000,0.1173,0.0827,0.0000,1,1,0,0,0,0,0,0
19.1364,226.0000,2.1000,96.0000,255.0000,5.4537,0.0000,0.1173,0.0820,0.0000,1,1,0,0,0,0,0,0
19.1574,225.0000,4.1000,96.0000,255.0000,5.4495,0.0000,0.1174,0.0810,0.0000,1,1,0,0,0,0,0,0
19.1790,226.0000,2.1000,96.0000,255.0000,5.4699,0.0000,0.1177,0.0812,0.0000,1,1,0,0,0,0,0,0
19.2027,225.0000,4.2000,97.0000,255.0000,5.4823,0.0000,0.1179,0.0823,0.0000,1,1,0,0,0,0,0,0
19.2202,226.0000,2.1000,97.0000,255.0000,5.4886,0.0000,0.1175,0.0811,0.0000,1,1,0,0,0,0,0,0
19.2408,225.0000,2.1000,97.0000,255.0000,5.4474,0.0000,0.1172,0.0811,0.0000,1,1,0,0,0,0,0,0
19.2629,225.0000,2.0000,97.0000,255.0000,5.4575,0.0000,0.1177,0.0829,0.0000,1,1,0,0,0,0,0,0
19.2852,225.0000,2.0000,97.0000,255.0000,5.4869,0.0000,0.1180,0.0839,0.0000,1,1,0,0,0,0,0,0
19.3028,225.0000,2.0000,97.0000,255.0000,5.4861,0.0000,0.1180,0.0838,0.0000,1,1,0,0,0,0,0,0
19.3198,226.0000,1.9000,97.0000,255.0000,5.4816,0.0000,0.1179,0.0840,0.0000,1,1,0,0,0,0,0,0
19.4132,225.0000,1.9000,97.0000,255.0000,5.4746,0.0000,0.1185,0.0841,0.0000,1,1,0,0,0,0,0,0
19.4335,226.0000,1.9000,97.0000,255.0000,5.4999,0.0000,0.1189,0.0856,0.0000,1,1,0,0,0,0,0,0
19.4528,226.0000,1.9000,97.0000,255.0000,5.5036,0.0000,0.1188,0.0874,0.0000,1,1,0,0,0,0,0,0
19.4692,225.0000,1.9000,98.0000,255.0000,5.5002,0.0000,0.1187,0.0874,0.0000,1,1,0,0,0,0,0,0
19.4865,225.0000,4.4000,98.0000,255.0000,5.4995,0.0000,0.1189,0.0874,0.0000,1,1,0,0,0,0,0,0
19.5033,225.0000,4.4000,98.0000,255.0000,5.4972,0.0000,0.1189,0.0865,0.0000,1,1,0,0,0,0,0,0
19.5201,225.0000,2.0000,98.0000,255.0000,5.4991,0.0000,0.1186,0.0891,0.0000,1,1,0,0,0,0,0,0
19.5369,226.0000,1.9000,98.0000,255.0000,5.4950,0.0000,0.1185,0.0886,0.0000,1,1,0,0,0,0,0,0
19.5573,225.0000,1.9000,98.0000,255.0000,5.4708,0.0000,0.1183,0.0867,0.0000,1,1,0,0,0,0,0,0
19.5783,225.0000,4.4000,98.0000,255.0000,5.4745,0.0000,0.1182,0.0838,0.0000,1,1,0,0,0,0,0,0
19.6007,226.0000,2.0000,98.0000,255.0000,5.4746,0.0000,0.1181,0.0835,0.0000,1,1,0,0,0,0,0,0
19.6199,226.0000,2.0000,98.0000,255.0000,5.4730,0.0000,0.1182,0.0838,0.0000,1,1,0,0,0,0,0,0
19.6415,226.0000,1.9000,98.0000,255.0000,5.4719,0.0000,0.1180,0.0846,0.0000,1,1,0,0,0,0,0,0
19.6645,225.0000,4.4000,98.0000,255.0000,5.4843,0.0000,0.1179,0.0840,0.0000,1,1,0,0,0,0,0,0
19.6835,225.0000,4.4000,98.0000,255.0000,5.4982,0.0000,0.1180,0.0858,0.0000,1,1,0,0,0,0,0,0
19.7028,226.0000,2.0000,98.0000,255.0000,5.5315,0.0000,0.1177,0.0860,0.0000,1,1,0,0,0,0,0,0
19.7193,226.0000,2.0000,98.0000,255.0000,5.5181,0.0000,0.1180,0.0860,0.0000,1,1,0,0,0,0,0,0
19.7398,226.0000,2.0000,99.0000,255.0000,5.5114,0.0000,0.1177,0.0831,0.0000,1,1,0,0,0,0,0,0
19.7604,225.0000,4.4000,99.0000,255.0000,5.5048,0.0000,0.1175,0.0829,0.0000,1,1,0,0,0,0,0,0
19.7777,226.0000,2.0000,99.0000,255.0000,5.4909,0.0000,0.1174,0.0835,0.0000,1,1,0,0,0,0,0,0
19.7951,225.0000,4.4000,99.0000,255.0000,5.4922,0.0000,0.1173,0.0833,0.0000,1,1,0,0,0,0,0,0
19.8172,225.0000,4.4000,99.0000,255.0000,5.5168,0.0000,0.1176,0.0836,0.0000,1,1,0,0,0,0,0,0
19.8363,226.0000,2.0000,99.0000,255.0000,5.5344,0.0000,0.1181,0.0836,0.0000,1,1,0,0,0,0,0,0
19.9246,225.0000,2.1000,99.0000,255.0000,5.5085,0.0000,0.1167,0.0855,0.0000,1,1,0,0,0,0,0,0
19.9446,226.0000,2.0000,99.0000,255.0000,5.5301,0.0000,0.1178,0.0829,0.0000,1,1,0,0,0,0,0,0
19.9672,226.0000,2.0000,99.0000,255.0000,5.5401,0.0000,0.1178,0.0830,0.0000,1,1,0,0,0,0,0,0
19.9860,226.0000,2.0000,99.0000,255.0000,5.5469,0.0000,0.1180,0.0841,0.0000,1,1,0,0,0,0,0,0
20.0028,225.0000,4.4000,100.0000,255.0000,5.5458,0.0000,0.1181,0.0836,0.0000,1,1,0,0,0,0,0,0
20.0240,225.0000,4.4000,100.0000,255.0000,5.5184,0.0000,0.1175,0.0848,0.0000,1,1,0,0,0,0,0,0
20.0458,225.0000,2.0000,100.0000,255.0000,5.5069,0.0000,0.1171,0.0847,0.0000,1,1,0,0,0,0,0,0
20.0667,225.0000,2.0000,100.0000,255.0000,5.4992,0.0000,0.1169,0.0841,0.0000,1,1,0,0,0,0,0,0
20.0859,225.0000,2.0000,100.0000,255.0000,5.4797,0.0000,0.1165,0.0830,0.0000,1,1,0,0,0,0,0,0
20.1031,226.0000,2.0000,100.0000,255.0000,5.4720,0.0000,0.1164,0.0832,0.0000,1,1,0,0,0,0,0,0
20.1242,226.0000,1.9000,100.0000,255.0000,5.4894,0.0000,0.1164,0.0831,0.0000,1,1,0,0,0,0,0,0
20.1453,225.0000,4.4000,100.0000,255.0000,5.5656,0.0000,0.1175,0.0835,0.0000,1,1,0,0,0,0,0,0
20.1671,226.0000,2.0000,100.0000,255.0000,5.5503,0.0000,0.1172,0.0833,0.0000,1,1,0,0,0,0,0,0
20.1867,226.0000,2.0000,100.0000,255.0000,5.5297,0.0000,0.1168,0.0830,0.0000,1,1,0,0,0,0,0,0
20.2067,225.0000,4.4000,100.0000,255.0000,5.5308,0.0000,0.1167,0.0826,0.0000,1,1,0,0,0,0,0,0
20.2234,226.0000,2.0000,100.0000,255.0000,5.5302,0.0000,0.1165,0.0831,0.0000,1,1,0,0,0,0,0,0
20.2410,226.0000,2.0000,100.0000,255.0000,5.5589,0.0000,0.1165,0.0836,0.0000,1,1,0,0,0,0,0,0
20.2631,226.0000,1.9000,100.0000,255.0000,5.6211,0.0000,0.1173,0.0847,0.0000,1,1,0,0,0,0,0,0
20.2840,225.0000,1.9000,100.0000,255.0000,5.6237,0.0000,0.1171,0.0849,0.0000,1,1,0,0,0,0,0,0
20.3027,225.0000,1.9000,100.0000,255.0000,5.6293,0.0000,0.1170,0.0870,0.0000,1,1,0,0,0,0,0,0
20.3198,226.0000,1.9000,100.0000,255.0000,5.6326,0.0000,0.1169,0.0880,0.0000,1,1,0,0,0,0,0,0
20.3361,225.0000,1.8000,100.0000,255.0000,5.6067,0.0000,0.1165,0.0876,0.0000,1,1,0,0,0,0,0,0
20.3561,225.0000,4.4000,100.0000,255.0000,5.5922,0.0000,0.1162,0.0846,0.0000,1,1,0,0,0,0,0,0
20.4456,225.0000,4.4000,100.0000,255.0000,5.6933,0.0000,0.1168,0.0875,0.0000,1,1,0,0,0,0,0,0
20.4681,225.0000,4.4000,100.0000,255.0000,5.6645,0.0000,0.1170,0.0885,0.0000,1,1,0,0,0,0,0,0
20.4859,226.0000,1.9000,100.0000,255.0000,5.6180,0.0000,0.1163,0.0861,0.0000,1,1,0,0,0,0,0,0
20.5025,225.0000,1.8000,100.0000,255.0000,5.5934,0.0000,0.1165,0.0861,0.0000,1,1,0,0,0,0,0,0
20.5248,225.0000,4.4000,100.0000,255.0000,5.6022,0.0000,0.1165,0.0832,0.0000,1,1,0,0,0,0,0,0
20.5463,226.0000,1.9000,100.0000,255.0000,5.6260,0.0000,0.1169,0.0853,0.0000,1,1,0,0,0,0,0,0
20.5669,225.0000,4.4000,100.0000,255.0000,5.6402,0.0000,0.1172,0.0852,0.0000,1,1,0,0,0,0,0,0
20.5860,226.0000,1.9000,100.0000,255.0000,5.6368,0.0000,0.1170,0.0859,0.0000,1,1,0,0,0,0,0,0
20.6034,226.0000,1.9000,100.0000,255.0000,5.5958,0.0000,0.1161,0.0854,0.0000,1,1,0,0,0,0,0,0
20.6244,226.0000,1.8000,100.0000,255.0000,5.5784,0.0000,0.1159,0.0863,0.0000,1,1,0,0,0,0,0,0
20.6453,225.0000,4.4000,100.0000,255.0000,5.5878,0.0000,0.1162,0.0843,0.0000,1,1,0,0,0,0,0,0
20.6667,225.0000,1.9000,100.0000,255.0000,5.6003,0.0000,0.1162,0.0873,0.0000,1,1,0,0,0,0,0,0
20.6869,226.0000,1.8000,100.0000,255.0000,5.6119,0.0000,0.1166,0.0880,0.0000,1,1,0,0,0,0,0,0
20.7071,225.0000,1.8000,100.0000,255.0000,5.6132,0.0000,0.1166,0.0878,0.0000,1,1,0,0,0,0,0,0
20.7279,225.0000,4.4000,100.0000,255.0000,5.6388,0.0000,0.1170,0.0846,0.0000,1,1,0,0,0,0,0,0
20.7517,226.0000,1.8000,100.0000,255.0000,5.6590,0.0000,0.1172,0.0861,0.0000,1,1,0,0,0,0,0,0
20.7694,226.0000,1.8000,100.0000,255.0000,5.6542,0.0000,0.1171,0.0883,0.0000,1,1,0,0,0,0,0,0
20.7863,225.0000,4.4000,100.0000,255.0000,5.5960,0.0000,0.1167,0.0848,0.0000,1,1,0,0,0,0,0,0
20.8075,226.0000,1.8000,100.0000,255.0000,5.6063,0.0000,0.1160,0.0856,0.0000,1,1,0,0,0,0,0,0
20.8291,225.0000,4.4000,100.0000,255.0000,5.6187,0.0000,0.1169,0.0849,0.0000,1,1,0,0,0,0,0,0
20.8508,225.0000,1.8000,100.0000,255.0000,5.6499,0.0000,0.1173,0.0864,0.0000,1,1,0,0,0,0,0,0
20.8694,225.0000,1.8000,100.0000,255.0000,5.6607,0.0000,0.1168,0.0853,0.0000,1,1,0,0,0,0,0,0
20.9682,225.0000,1.8000,100.0000,255.0000,5.6354,0.0000,0.1173,0.0882,0.0000,1,1,0,0,0,0,0,0
20.9864,225.0000,1.8000,100.0000,255.0000,5.6261,0.0000,0.1171,0.0873,0.0000,1,1,0,0,0,0,0,0
21.0069,225.0000,1.8000,100.0000,255.0000,5.6167,0.0000,0.1172,0.0880,0.0000,1,1,0,0,0,0,0,0
21.0236,226.0000,1.8000,100.0000,255.0000,5.6136,0.0000,0.1175,0.0884,0.0000,1,1,0,0,0,0,0,0
21.0402,225.0000,4.4000,100.0000,255.0000,5.6045,0.0000,0.1172,0.0883,0.0000,1,1,0,0,0,0,0,0
21.0571,225.0000,4.4000,100.0000,255.0000,5.5827,0.0000,0.1171,0.0878,0.0000,1,1,0,0,0,0,0,0
21.0779,226.0000,1.8000,100.0000,255.0000,5.5851,0.0000,0.1171,0.0852,0.0000,1,1,0,0,0,0,0,0
21.1009,225.0000,4.4000,100.0000,255.0000,5.5943,0.0000,0.1173,0.0849,0.0000,1,1,0,0,0,0,0,0
21.1193,225.0000,4.4000,100.0000,255.0000,5.5952,0.0000,0.1173,0.0845,0.0000,1,1,0,0,0,0,0,0
21.1361,226.0000,1.9000,100.0000,255.0000,5.5981,0.0000,0.1172,0.0850,0.0000,1,1,0,0,0,0,0,0
21.1525,226.0000,1.9000,100.0000,255.0000,5.5795,0.0000,0.1170,0.0850,0.0000,1,1,0,0,0,0,0,0
21.1740,226.0000,1.9000,100.0000,255.0000,5.5718,0.0000,0.1168,0.0866,0.0000,1,1,0,0,0,0,0,0
21.1903,225.0000,4.4000,100.0000,255.0000,5.5787,0.0000,0.1170,0.0861,0.0000,1,1,0,0,0,0,0,0
21.2126,226.0000,2.0000,100.0000,255.0000,5.6116,0.0000,0.1175,0.0869,0.0000,1,1,0,0,0,0,0,0
21.2334,226.0000,1.9000,100.0000,255.0000,5.5999,0.0000,0.1172,0.0852,0.0000,1,1,0,0,0,0,0,0
21.2531,226.0000,1.9000,100.0000,255.0000,5.6075,0.0000,0.1171,0.0849,0.0000,1,1,0,0,0,0,0,0
21.2774,225.0000,4.4000,100.0000,255.0000,5.6313,0.0000,0.1174,0.0846,0.0000,1,1,0,0,0,0,0,0
21.2950,226.0000,2.0000,100.0000,255.0000,5.6316,0.0000,0.1175,0.0854,0.0000,1,1,0,0,0,0,0,0
21.3168,226.0000,2.0000,100.0000,255.0000,5.6085,0.0000,0.1171,0.0854,0.0000,1,1,0,0,0,0,0,0
21.3359,226.0000,1.9000,100.0000,255.0000,5.6103,0.0000,0.1171,0.0861,0.0000,1,1,0,0,0,0,0,0
21.3526,226.0000,1.9000,100.0000,255.0000,5.6199,0.0000,0.1168,0.0852,0.0000,1,1,0,0,0,0,0,0
21.3694,225.0000,4.4000,100.0000,255.0000,5.6256,0.0000,0.1171,0.0846,0.0000,1,1,0,0,0,0,0,0
21.4625,225.0000,2.1000,100.0000,255.0000,5.5845,0.0000,0.1164,0.0867,0.0000,1,1,0,0,0,0,0,0
21.4841,226.0000,2.0000,100.0000,255.0000,5.5834,0.0000,0.1167,0.0866,0.0000,1,1,0,0,0,0,0,0
21.5017,225.0000,4.4000,100.0000,255.0000,5.5824,0.0000,0.1165,0.0850,0.0000,1,1,0,0,0,0,0,0
21.5196,225.0000,4.0000,100.0000,255.0000,5.5927,0.0000,0.1168,0.0850,0.0000,1,1,0,0,0,0,0,0
21.5367,225.0000,2.1000,100.0000,255.0000,5.5713,0.0000,0.1166,0.0837,0.0000,1,1,0,0,0,0,0,0
21.5579,225.0000,2.1000,100.0000,255.0000,5.5764,0.0000,0.1161,0.0835,0.0000,1,1,0,0,0,0,0,0
21.5787,225.0000,2.0000,100.0000,255.0000,5.5689,0.0000,0.1166,0.0839,0.0000,1,1,0,0,0,0,0,0
21.6000,225.0000,4.4000,100.0000,255.0000,5.5674,0.0000,0.1167,0.0825,0.0000,1,1,0,0,0,0,0,0
21.6195,226.0000,2.1000,100.0000,255.0000,5.5682,0.0000,0.1166,0.0850,0.0000,1,1,0,0,0,0,0,0
21.6366,226.0000,2.0000,100.0000,255.0000,5.5463,0.0000,0.1162,0.0837,0.0000,1,1,0,0,0,0,0,0
21.6579,225.0000,4.4000,100.0000,255.0000,5.5436,0.0000,0.1162,0.0838,0.0000,1,1,0,0,0,0,0,0
21.6794,225.0000,2.1000,100.0000,255.0000,5.5328,0.0000,0.1163,0.0825,0.0000,1,1,0,0,0,0,0,0
21.7000,226.0000,2.1000,100.0000,255.0000,5.5613,0.0000,0.1166,0.0825,0.0000,1,1,0,0,0,0,0,0
21.7204,225.0000,4.0000,100.0000,255.0000,5.5787,0.0000,0.1162,0.0840,0.0000,1,1,0,0,0,0,0,0
21.7408,225.0000,3.6000,100.0000,255.0000,5.5245,0.0000,0.1164,0.0837,0.0000,1,1,0,0,0,0,0,0
21.7625,226.0000,2.1000,100.0000,255.0000,5.5205,0.0000,0.1161,0.0822,0.0000,1,1,0,0,0,0,0,0
21.7830,226.0000,2.1000,100.0000,255.0000,5.5401,0.0000,0.1166,0.0828,0.0000,1,1,0,0,0,0,0,0
21.8022,225.0000,3.9000,100.0000,255.0000,5.5368,0.0000,0.1170,0.0844,0.0000,1,1,0,0,0,0,0,0
21.8189,226.0000,2.1000,100.0000,255.0000,5.5374,0.0000,0.1164,0.0831,0.0000,1,1,0,0,0,0,0,0
21.8359,226.0000,2.1000,100.0000,255.0000,5.5050,0.0000,0.1167,0.0824,0.0000,1,1,0,0,0,0,0,0
21.8522,225.0000,3.9000,100.0000,255.0000,5.5164,0.0000,0.1168,0.0842,0.0000,1,1,0,0,0,0,0,0
21.8696,225.0000,3.5000,100.0000,255.0000,5.5216,0.0000,0.1163,0.0830,0.0000,1,1,0,0,0,0,0,0
21.9575,226.0000,2.2000,100.0000,255.0000,5.5494,0.0000,0.1176,0.0831,0.0000,1,1,0,0,0,0,0,0
21.9790,225.0000,2.1000,100.0000,255.0000,5.5323,0.0000,0.1174,0.0829,0.0000,1,1,0,0,0,0,0,0
22.0009,226.0000,2.1000,100.0000,255.0000,5.5314,0.0000,0.1175,0.0838,0.0000,1,1,0,0,0,0,0,0
22.0194,226.0000,2.1000,100.0000,255.0000,5.5319,0.0000,0.1172,0.0830,0.0000,1,1,0,0,0,0,0,0
22.0402,225.0000,2.1000,100.0000,255.0000,5.5301,0.0000,0.1170,0.0825,0.0000,1,1,0,0,0,0,0,0
22.0572,225.0000,4.2000,100.0000,255.0000,5.5325,0.0000,0.1170,0.0841,0.0000,1,1,0,0,0,0,0,0
22.0785,226.0000,2.1000,100.0000,255.0000,5.5550,0.0000,0.1170,0.0830,0.0000,1,1,0,0,0,0,0,0
22.1003,225.0000,4.2000,100.0000,255.0000,5.5489,0.0000,0.1172,0.0834,0.0000,1,1,0,0,0,0,0,0
22.1192,225.0000,3.8000,100.0000,255.0000,5.5729,0.0000,0.1169,0.0853,0.0000,1,1,0,0,0,0,0,0
22.1359,225.0000,2.1000,100.0000,255.0000,5.5150,0.0000,0.1171,0.0828,0.0000,1,1,0,0,0,0,0,0
22.1526,225.0000,2.1000,100.0000,255.0000,5.5048,0.0000,0.1169,0.0825,0.0000,1,1,0,0,0,0,0,0
22.1693,226.0000,2.1000,100.0000,255.0000,5.4990,0.0000,0.1172,0.0831,0.0000,1,1,0,0,0,0,0,0
22.1904,225.0000,2.0000,100.0000,255.0000,5.5035,0.0000,0.1172,0.0849,0.0000,1,1,0,0,0,0,0,0
22.2072,225.0000,2.0000,100.0000,255.0000,5.5134,0.0000,0.1176,0.0848,0.0000,1,1,0,0,0,0,0,0
22.2300,225.0000,4.4000,100.0000,255.0000,5.5131,0.0000,0.1177,0.0854,0.0000,1,1,0,0,0,0,0,0
22.2514,225.0000,2.0000,100.0000,255.0000,5.5162,0.0000,0.1179,0.0851,0.0000,1,1,0,0,0,0,0,0
22.2694,226.0000,2.0000,100.0000,255.0000,5.4889,0.0000,0.1179,0.0848,0.0000,1,1,0,0,0,0,0,0
22.2865,226.0000,2.0000,100.0000,255.0000,5.4652,0.0000,0.1175,0.0832,0.0000,1,1,0,0,0,0,0,0
22.3035,226.0000,2.0000,100.0000,255.0000,5.4565,0.0000,0.1176,0.0831,0.0000,1,1,0,0,0,0,0,0
22.3197,225.0000,4.4000,100.0000,255.0000,5.4805,0.0000,0.1180,0.0828,0.0000,1,1,0,0,0,0,0,0
22.3367,226.0000,2.0000,100.0000,255.0000,5.5183,0.0000,0.1185,0.0835,0.0000,1,1,0,0,0,0,0,0
22.3562,226.0000,2.0000,100.0000,255.0000,5.5189,0.0000,0.1187,0.0839,0.0000,1,1,0,0,0,0,0,0
22.3739,225.0000,4.4000,100.0000,255.0000,5.5169,0.0000,0.1182,0.0833,0.0000,1,1,0,0,0,0,0,0
22.4674,225.0000,1.9000,100.0000,255.0000,5.4970,0.0000,0.1183,0.0854,0.0000,1,1,0,0,0,0,0,0
22.4863,226.0000,1.9000,100.0000,255.0000,5.5016,0.0000,0.1184,0.0846,0.0000,1,1,0,0,0,0,0,0
22.5080,226.0000,1.9000,100.0000,255.0000,5.4858,0.0000,0.1184,0.0845,0.0000,1,1,0,0,0,0,0,0
22.5261,225.0000,1.9000,100.0000,255.0000,5.4592,0.0000,0.1180,0.0844,0.0000,1,1,0,0,0,0,0,0
22.5419,225.0000,4.4000,100.0000,255.0000,5.4510,0.0000,0.1181,0.0835,0.0000,1,1,0,0,0,0,0,0
22.5630,226.0000,2.0000,100.0000,255.0000,5.4612,0.0000,0.1183,0.0841,0.0000,1,1,0,0,0,0,0,0
22.5832,226.0000,1.9000,100.0000,255.0000,5.4439,0.0000,0.1180,0.0841,0.0000,1,1,0,0,0,0,0,0
22.6024,225.0000,1.9000,100.0000,255.0000,5.4372,0.0000,0.1175,0.0839,0.0000,1,1,0,0,0,0,0,0
22.6195,226.0000,1.9000,100.0000,255.0000,5.4571,0.0000,0.1181,0.0836,0.0000,1,1,0,0,0,0,0,0
22.6404,225.0000,4.4000,100.0000,255.0000,5.4962,0.0000,0.1187,0.0843,0.0000,1,1,0,0,0,0,0,0
22.6616,226.0000,2.0000,100.0000,255.0000,5.5222,0.0000,0.1190,0.0864,0.0000,1,1,0,0,0,0,0,0
22.6843,226.0000,1.9000,100.0000,255.0000,5.5027,0.0000,0.1186,0.0863,0.0000,1,1,0,0,0,0,0,0
22.7028,225.0000,4.4000,100.0000,255.0000,5.4660,0.0000,0.1182,0.0829,0.0000,1,1,0,0,0,0,0,0
22.7193,225.0000,4.4000,100.0000,255.0000,5.4594,0.0000,0.1180,0.0838,0.0000,1,1,0,0,0,0,0,0
22.7385,226.0000,2.0000,100.0000,255.0000,5.4681,0.0000,0.1181,0.0843,0.0000,1,1,0,0,0,0,0,0
22.7571,226.0000,2.0000,100.0000,255.0000,5.5060,0.0000,0.1187,0.0859,0.0000,1,1,0,0,0,0,0,0
22.7785,226.0000,2.0000,100.0000,255.0000,5.4971,0.0000,0.1187,0.0828,0.0000,1,1,0,0,0,0,0,0
22.8002,226.0000,2.0000,100.0000,255.0000,5.4814,0.0000,0.1185,0.0831,0.0000,1,1,0,0,0,0,0,0
22.8188,225.0000,4.4000,100.0000,255.0000,5.4618,0.0000,0.1183,0.0828,0.0000,1,1,0,0,0,0,0,0
22.8359,225.0000,4.1000,100.0000,255.0000,5.4382,0.0000,0.1179,0.0817,0.0000,1,1,0,0,0,0,0,0
22.8521,226.0000,2.1000,100.0000,255.0000,5.4513,0.0000,0.1181,0.0819,0.0000,1,1,0,0,0,0,0,0
22.8688,226.0000,2.1000,100.0000,255.0000,5.4464,0.0000,0.1179,0.0819,0.0000,1,1,0,0,0,0,0,0
22.8858,225.0000,4.1000,100.0000,255.0000,5.4394,0.0000,0.1179,0.0824,0.0000,1,1,0,0,0,0,0,0
22.9751,226.0000,2.1000,100.0000,255.0000,5.5154,0.0000,0.1183,0.0818,0.0000,1,1,0,0,0,0,0,0
22.9951,225.0000,2.1000,100.0000,255.0000,5.4884,0.0000,0.1178,0.0827,0.0000,1,1,0,0,0,0,0,0
23.0166,225.0000,4.0000,100.0000,255.0000,5.4964,0.0000,0.1184,0.0846,0.0000,1,1,0,0,0,0,0,0
23.0355,226.0000,2.1000,100.0000,255.0000,5.5075,0.0000,0.1185,0.0836,0.0000,1,1,0,0,0,0,0,0
23.0529,226.0000,2.1000,100.0000,255.0000,5.5342,0.0000,0.1189,0.0876,0.0000,1,1,0,0,0,0,0,0
23.0735,226.0000,2.0000,100.0000,255.0000,5.5578,0.0000,0.1193,0.0883,0.0000,1,1,0,0,0,0,0,0
23.0905,226.0000,2.0000,100.0000,255.0000,5.5351,0.0000,0.1189,0.0862,0.0000,1,1,0,0,0,0,0,0
23.1115,226.0000,2.0000,100.0000,255.0000,5.4686,0.0000,0.1179,0.0855,0.0000,1,1,0,0,0,0,0,0
23.1337,225.0000,4.4000,100.0000,255.0000,5.4787,0.0000,0.1179,0.0848,0.0000,1,1,0,0,0,0,0,0
23.1526,225.0000,4.4000,100.0000,255.0000,5.4885,0.0000,0.1179,0.0851,0.0000,1,1,0,0,0,0,0,0
23.1691,226.0000,2.1000,100.0000,255.0000,5.4925,0.0000,0.1180,0.0836,0.0000,1,1,0,0,0,0,0,0
23.1897,226.0000,2.0000,100.0000,255.0000,5.4977,0.0000,0.1181,0.0871,0.0000,1,1,0,0,0,0,0,0
23.2096,225.0000,2.0000,100.0000,255.0000,5.5103,0.0000,0.1183,0.0876,0.0000,1,1,0,0,0,0,0,0
23.2285,226.0000,2.0000,100.0000,255.0000,5.5616,0.0000,0.1188,0.0867,0.0000,1,1,0,0,0,0,0,0
23.2507,225.0000,2.0000,100.0000,255.0000,5.5721,0.0000,0.1181,0.0850,0.0000,1,1,0,0,0,0,0,0
23.2695,225.0000,4.4000,100.0000,255.0000,5.5550,0.0000,0.1182,0.0844,0.0000,1,1,0,0,0,0,0,0
23.2901,225.0000,2.0000,100.0000,255.0000,5.5420,0.0000,0.1181,0.0856,0.0000,1,1,0,0,0,0,0,0
23.3067,225.0000,2.0000,100.0000,255.0000,5.5408,0.0000,0.1178,0.0855,0.0000,1,1,0,0,0,0,0,0
23.3292,226.0000,2.0000,100.0000,255.0000,5.5642,0.0000,0.1183,0.0861,0.0000,1,1,0,0,0,0,0,0
23.3507,225.0000,4.4000,100.0000,255.0000,5.5822,0.0000,0.1185,0.0864,0.0000,1,1,0,0,0,0,0,0
23.3693,225.0000,2.0000,100.0000,255.0000,5.5901,0.0000,0.1185,0.0870,0.0000,1,1,0,0,0,0,0,0
23.3857,225.0000,2.0000,100.0000,255.0000,5.5954,0.0000,0.1179,0.0842,0.0000,1,1,0,0,0,0,0,0
23.4065,225.0000,4.4000,100.0000,255.0000,5.5648,0.0000,0.1177,0.0845,0.0000,1,1,0,0,0,0,0,0
23.4960,225.0000,1.9000,100.0000,255.0000,5.5480,0.0000,0.1174,0.0839,0.0000,1,1,0,0,0,0,0,0
23.5173,225.0000,4.4000,100.0000,255.0000,5.5667,0.0000,0.1172,0.0832,0.0000,1,1,0,0,0,0,0,0
23.5354,225.0000,2.0000,100.0000,255.0000,5.5390,0.0000,0.1177,0.0837,0.0000,1,1,0,0,0,0,0,0
23.5528,226.0000,2.0000,100.0000,255.0000,5.5395,0.0000,0.1176,0.0844,0.0000,1,1,0,0,0,0,0,0
23.5734,225.0000,1.9000,100.0000,255.0000,5.5400,0.0000,0.1176,0.0850,0.0000,1,1,0,0,0,0,0,0
23.5905,225.0000,4.4000,100.0000,255.0000,5.5583,0.0000,0.1181,0.0860,0.0000,1,1,0,0,0,0,0,0
23.6123,226.0000,2.0000,100.0000,255.0000,5.5720,0.0000,0.1182,0.0851,0.0000,1,1,0,0,0,0,0,0
23.6331,226.0000,2.0000,100.0000,255.0000,5.5677,0.0000,0.1182,0.0839,0.0000,1,1,0,0,0,0,0,0
23.6525,226.0000,2.0000,100.0000,255.0000,5.5447,0.0000,0.1178,0.0840,0.0000,1,1,0,0,0,0,0,0
23.6693,225.0000,4.4000,100.0000,255.0000,5.5324,0.0000,0.1176,0.0833,0.0000,1,1,0,0,0,0,0,0
23.6856,225.0000,4.4000,100.0000,255.0000,5.5659,0.0000,0.1180,0.0833,0.0000,1,1,0,0,0,0,0,0
23.7062,226.0000,2.1000,100.0000,255.0000,5.5875,0.0000,0.1175,0.0829,0.0000,1,1,0,0,0,0,0,0
23.7230,225.0000,2.0000,100.0000,255.0000,5.5794,0.0000,0.1181,0.0856,0.0000,1,1,0,0,0,0,0,0
23.7403,226.0000,2.0000,100.0000,255.0000,5.5874,0.0000,0.1181,0.0873,0.0000,1,1,0,0,0,0,0,0
23.7613,225.0000,4.4000,100.0000,255.0000,5.5753,0.0000,0.1183,0.0861,0.0000,1,1,0,0,0,0,0,0
23.7835,225.0000,4.4000,100.0000,255.0000,5.5713,0.0000,0.1182,0.0856,0.0000,1,1,0,0,0,0,0,0
23.8025,225.0000,2.1000,100.0000,255.0000,5.5747,0.0000,0.1174,0.0841,0.0000,1,1,0,0,0,0,0,0
23.8190,225.0000,2.0000,100.0000,255.0000,5.5439,0.0000,0.1178,0.0861,0.0000,1,1,0,0,0,0,0,0
23.8399,225.0000,4.4000,100.0000,255.0000,5.5503,0.0000,0.1180,0.0883,0.0000,1,1,0,0,0,0,0,0
23.8562,225.0000,2.1000,100.0000,255.0000,5.5336,0.0000,0.1176,0.0869,0.0000,1,1,0,0,0,0,0,0
23.8794,225.0000,4.3000,100.0000,255.0000,5.5211,0.0000,0.1176,0.0866,0.0000,1,1,0,0,0,0,0,0
23.8987,225.0000,2.1000,100.0000,255.0000,5.5174,0.0000,0.1174,0.0851,0.0000,1,1,0,0,0,0,0,0
23.9190,225.0000,2.0000,100.0000,255.0000,5.5117,0.0000,0.1174,0.0842,0.0000,1,1,0,0,0,0,0,0
24.0078,226.0000,2.1000,100.0000,255.0000,5.5125,0.0000,0.1174,0.0839,0.0000,1,1,0,0,0,0,0,0
24.0280,225.0000,2.1000,100.0000,255.0000,5.5160,0.0000,0.1173,0.0831,0.0000,0,0,0,0,0,0,0,0
24.0513,226.0000,2.1000,100.0000,255.0000,5.5315,0.0000,0.1169,0.0832,0.0000,0,0,0,0,0,0,0,0
24.0690,225.0000,4.1000,100.0000,255.0000,5.5066,0.0000,0.1172,0.0827,0.0000,0,0,0,0,0,0,0,0
24.0860,226.0000,2.1000,100.0000,255.0000,5.4797,0.0000,0.1169,0.0831,0.0000,0,0,0,0,0,0,0,0
24.1068,225.0000,1.9000,100.0000,255.0000,5.4866,0.0000,0.1169,0.0856,0.0000,0,0,0,0,0,0,0,0
24.1300,225.0000,1.5000,100.0000,255.0000,5.4920,0.0000,0.1169,0.0861,0.0000,0,0,0,0,0,0,0,0
24.1510,225.0000,4.2000,100.0000,255.0000,5.5165,0.0000,0.1172,0.0858,0.0000,0,0,0,0,0,0,0,0
24.1708,226.0000,3.9000,100.0000,255.0000,5.5299,0.0000,0.1174,0.0871,0.0000,0,0,0,0,0,0,0,0
24.1896,226.0000,1.0000,100.0000,255.0000,5.5232,0.0000,0.1171,0.0862,0.0000,0,0,0,0,0,0,0,0
24.2064,225.0000,4.2000,100.0000,255.0000,5.5454,0.0000,0.1175,0.0860,0.0000,0,0,0,0,0,0,0,0
24.2230,226.0000,4.3000,100.0000,255.0000,5.5451,0.0000,0.1175,0.0882,0.0000,0,0,0,0,0,0,0,0
24.2400,226.0000,0.5000,100.0000,255.0000,5.5229,0.0000,0.1169,0.0888,0.0000,0,0,0,0,0,0,0,0
24.2571,225.0000,4.2000,100.0000,255.0000,5.5137,0.0000,0.1167,0.0887,0.0000,0,0,0,0,0,0,0,0
24.2791,225.0000,0.0000,100.0000,255.0000,5.5427,0.0000,0.1169,0.0853,0.0000,0,0,0,0,0,0,0,0
24.3005,225.0000,0.0000,100.0000,255.0000,5.5734,0.0000,0.1165,0.0855,0.0000,0,0,0,0,0,0,0,0
24.3183,225.0000,0.0000,100.0000,255.0000,5.5763,0.0000,0.1166,0.0857,0.0000,0,0,0,0,0,0,0,0
24.3353,225.0000,0.0000,100.0000,255.0000,5.5674,0.0000,0.1169,0.0857,0.0000,0,0,0,0,0,0,0,0
24.3533,225.0000,0.0000,100.0000,255.0000,5.5771,0.0000,0.1168,0.0862,0.0000,0,0,0,0,0,0,0,0
24.3728,225.0000,0.0000,100.0000,255.0000,5.5734,0.0000,0.1166,0.0869,0.0000,0,0,0,0,0,0,0,0
24.3906,225.0000,0.0000,100.0000,255.0000,5.5666,0.0000,0.1167,0.0854,0.0000,0,0,0,0,0,0,0,0
24.4115,225.0000,0.0000,100.0000,255.0000,5.5816,0.0000,0.1169,0.0865,0.0000,0,0,0,0,0,0,0,0
24.4344,225.0000,0.0000,100.0000,255.0000,5.6085,0.0000,0.1171,0.0863,0.0000,0,0,0,0,0,0,0,0
24.5298,225.0000,0.0000,100.0000,255.0000,5.5890,0.0000,0.1161,0.0857,0.0000,0,0,0,0,0,0,0,0
24.5506,225.0000,0.0000,100.0000,255.0000,5.5892,0.0000,0.1160,0.0854,0.0000,0,0,0,0,0,0,0,0
24.5692,225.0000,0.0000,100.0000,255.0000,5.5694,0.0000,0.1160,0.0835,0.0000,0,0,0,0,0,0,0,0
24.5856,225.0000,0.0000,100.0000,255.0000,5.5951,0.0000,0.1166,0.0855,0.0000,0,0,0,0,0,0,0,0
24.6063,225.0000,0.0000,100.0000,255.0000,5.6164,0.0000,0.1161,0.0862,0.0000,0,0,0,0,0,0,0,0
24.6274,225.0000,0.0000,100.0000,255.0000,5.6006,0.0000,0.1164,0.0862,0.0000,0,0,0,0,0,0,0,0
24.6454,225.0000,0.0000,100.0000,255.0000,5.5919,0.0000,0.1160,0.0859,0.0000,0,0,0,0,0,0,0,0
24.6677,225.0000,0.0000,100.0000,255.0000,5.5926,0.0000,0.1158,0.0870,0.0000,0,0,0,0,0,0,0,0
24.6856,225.0000,0.0000,100.0000,255.0000,5.5693,0.0000,0.1156,0.0855,0.0000,0,0,0,0,0,0,0,0
24.7025,225.0000,0.0000,100.0000,255.0000,5.5774,0.0000,0.1159,0.0857,0.0000,0,0,0,0,0,0,0,0
24.7200,225.0000,0.0000,100.0000,255.0000,5.5864,0.0000,0.1161,0.0869,0.0000,0,0,0,0,0,0,0,0
24.7407,225.0000,0.0000,100.0000,255.0000,5.6003,0.0000,0.1161,0.0868,0.0000,0,0,0,0,0,0,0,0
24.7610,225.0000,0.0000,100.0000,255.0000,5.5904,0.0000,0.1155,0.0851,0.0000,0,0,0,0,0,0,0,0
24.7834,225.0000,0.0000,100.0000,255.0000,5.5567,0.0000,0.1156,0.0848,0.0000,0,0,0,0,0,0,0,0
24.8020,225.0000,0.0000,100.0000,255.0000,5.5570,0.0000,0.1154,0.0842,0.0000,0,0,0,0,0,0,0,0
24.8189,225.0000,0.0000,100.0000,255.0000,5.5831,0.0000,0.1162,0.0845,0.0000,0,0,0,0,0,0,0,0
24.8364,225.0000,0.0000,100.0000,255.0000,5.6103,0.0000,0.1165,0.0853,0.0000,0,0,0,0,0,0,0,0
24.8558,225.0000,0.0000,100.0000,255.0000,5.6217,0.0000,0.1168,0.0855,0.0000,0,0,0,0,0,0,0,0
24.8733,225.0000,0.0000,100.0000,255.0000,5.6310,0.0000,0.1170,0.0866,0.0000,0,0,0,0,0,0,0,0
24.8902,225.0000,0.0000,100.0000,255.0000,5.6128,0.0000,0.1167,0.0864,0.0000,0,0,0,0,0,0,0,0
24.9135,225.0000,0.0000,100.0000,255.0000,5.5646,0.0000,0.1159,0.0859,0.0000,0,0,0,0,0,0,0,0
24.9329,225.0000,0.0000,100.0000,255.0000,5.6020,0.0000,0.1160,0.0872,0.0000,0,0,0,0,0,0,0,0
24.9547,225.0000,0.0000,100.0000,255.0000,5.6168,0.0000,0.1164,0.0876,0.0000,0,0,0,0,0,0,0,0
25.0518,225.0000,0.0000,100.0000,255.0000,5.5546,0.0000,0.1162,0.0856,0.0000,0,0,0,0,0,0,0,0
25.0699,225.0000,0.0000,100.0000,255.0000,5.5509,0.0000,0.1160,0.0860,0.0000,0,0,0,0,0,0,0,0
25.0895,225.0000,0.0000,100.0000,255.0000,5.5150,0.0000,0.1158,0.0843,0.0000,0,0,0,0,0,0,0,0
25.1058,225.0000,0.0000,100.0000,255.0000,5.5104,0.0000,0.1158,0.0840,0.0000,0,0,0,0,0,0,0,0
25.1235,225.0000,0.0000,100.0000,255.0000,5.5209,0.0000,0.1160,0.0834,0.0000,0,0,0,0,0,0,0,0
25.1449,225.0000,0.0000,100.0000,255.0000,5.6011,0.0000,0.1172,0.0847,0.0000,0,0,0,0,0,0,0,0
25.1680,225.0000,0.0000,100.0000,255.0000,5.5994,0.0000,0.1169,0.0857,0.0000,0,0,0,0,0,0,0,0
25.1860,225.0000,0.0000,100.0000,255.0000,5.5880,0.0000,0.1165,0.0859,0.0000,0,0,0,0,0,0,0,0
25.2064,225.0000,0.0000,100.0000,255.0000,5.5641,0.0000,0.1161,0.0846,0.0000,0,0,0,0,0,0,0,0
25.2258,225.0000,0.0000,100.0000,255.0000,5.5597,0.0000,0.1161,0.0856,0.0000,0,0,0,0,0,0,0,0
25.2448,225.0000,0.0000,100.0000,255.0000,5.5851,0.0000,0.1166,0.0846,0.0000,0,0,0,0,0,0,0,0
25.2680,225.0000,0.0000,100.0000,255.0000,5.6090,0.0000,0.1169,0.0843,0.0000,0,0,0,0,0,0,0,0
25.2860,225.0000,0.0000,100.0000,255.0000,5.6070,0.0000,0.1167,0.0864,0.0000,0,0,0,0,0,0,0,0
25.3066,225.0000,0.0000,100.0000,255.0000,5.5914,0.0000,0.1165,0.0848,0.0000,0,0,0,0,0,0,0,0
25.3245,225.0000,0.0000,100.0000,255.0000,5.5764,0.0000,0.1161,0.0848,0.0000,0,0,0,0,0,0,0,0
25.3417,225.0000,0.0000,100.0000,255.0000,5.5564,0.0000,0.1157,0.0845,0.0000,0,0,0,0,0,0,0,0
25.3623,225.0000,0.0000,100.0000,255.0000,5.5554,0.0000,0.1156,0.0842,0.0000,0,0,0,0,0,0,0,0
25.3842,225.0000,0.0000,100.0000,255.0000,5.5721,0.0000,0.1153,0.0846,0.0000,0,0,0,0,0,0,0,0
25.4018,225.0000,0.0000,100.0000,255.0000,5.6041,0.0000,0.1156,0.0841,0.0000,0,0,0,0,0,0,0,0
25.4190,225.0000,0.0000,100.0000,255.0000,5.6070,0.0000,0.1164,0.0867,0.0000,0,0,0,0,0,0,0,0
25.4359,225.0000,0.0000,100.0000,255.0000,5.6200,0.0000,0.1164,0.0863,0.0000,0,0,0,0,0,0,0,0
25.4526,225.0000,0.0000,100.0000,255.0000,5.6089,0.0000,0.1163,0.0846,0.0000,0,0,0,0,0,0,0,0
25.4736,225.0000,0.0000,100.0000,255.0000,5.5925,0.0000,0.1161,0.0843,0.0000,0,0,0,0,0,0,0,0
