t,speed,g,ab,hud_lum,cam_mean,dark_level_cam,cam_red,cam_red_edge,dark_level,strafe_lat,strafe_long,strafe_vert,roll,pitch,yaw,boost,view
0.0251,0.0000,0.0000,100.0000,255.0000,37.3237,0.0000,0.2837,0.2949,nan,0,0,0,0,0,0,0,0
0.1334,0.0000,0.0000,100.0000,255.0000,36.7322,0.0000,0.2835,0.2946,nan,0,0,0,0,0,0,0,0
0.1537,0.0000,0.0000,100.0000,255.0000,36.6647,0.0000,0.2835,0.2945,nan,0,0,0,0,0,0,0,0
0.1698,0.0000,0.0000,100.0000,255.0000,36.6248,0.0000,0.2835,0.2944,nan,0,0,0,0,0,0,0,0
0.1917,0.0000,0.0000,100.0000,255.0000,36.5411,0.0000,0.2834,0.2944,nan,0,0,0,0,0,0,0,0
0.2150,0.0000,0.0000,100.0000,255.0000,36.3889,0.0000,0.2834,0.2943,nan,0,0,0,0,0,0,0,0
0.2339,0.0000,0.0000,100.0000,255.0000,36.3454,0.0000,0.2834,0.2943,nan,0,0,0,0,0,0,0,0
0.2541,0.0000,0.0000,100.0000,255.0000,36.2890,0.0000,0.2834,0.2942,nan,0,0,0,0,0,0,0,0
0.2742,0.0000,0.0000,100.0000,255.0000,36.2622,0.0000,0.2834,0.2942,nan,0,0,0,0,0,0,0,0
0.2918,0.0000,0.0000,100.0000,255.0000,36.2170,0.0000,0.2833,0.2942,nan,0,0,0,0,0,0,0,0
0.3154,0.0000,0.0000,100.0000,255.0000,36.0670,0.0000,0.2833,0.2941,nan,0,0,0,0,0,0,0,0
0.3339,0.0000,0.0000,100.0000,255.0000,36.0076,0.0000,0.2833,0.2941,nan,0,0,0,0,0,0,0,0
0.3539,0.0000,0.0000,100.0000,255.0000,35.9632,0.0000,0.2832,0.2941,nan,0,0,0,0,0,0,0,0
0.3705,0.0000,0.0000,100.0000,255.0000,35.9333,0.0000,0.2832,0.2940,nan,0,0,0,0,0,0,0,0
0.3874,0.0000,0.0000,100.0000,255.0000,35.8995,0.0000,0.2832,0.2940,nan,0,0,0,0,0,0,0,0
0.4071,0.0000,0.0000,100.0000,255.0000,35.8639,0.0000,0.2832,0.2939,nan,0,0,0,0,0,0,0,0
0.4246,0.0000,0.0000,100.0000,255.0000,35.8310,0.0000,0.2832,0.2939,nan,0,0,0,0,0,0,0,0
0.4423,nan,0.0000,100.0000,255.0000,35.8228,0.0000,0.2830,0.2939,nan,0,0,0,0,0,0,0,0
0.4660,0.0000,0.0000,100.0000,255.0000,35.7491,0.0000,0.2831,0.2939,nan,0,0,0,0,0,0,0,0
0.4841,0.0000,0.0000,100.0000,255.0000,35.7152,0.0000,0.2830,0.2938,nan,0,0,0,0,0,0,0,0
0.5030,0.0000,0.0000,100.0000,255.0000,35.6597,0.0000,0.2830,0.2938,nan,0,0,0,0,0,0,0,0
0.5202,0.0000,0.0000,100.0000,255.0000,35.6313,0.0004,0.2830,0.2938,nan,0,0,0,0,0,0,0,0
0.5368,0.0000,0.0000,100.0000,255.0000,35.6063,0.0011,0.2830,0.2937,nan,0,0,0,0,0,0,0,0
0.6330,0.0000,0.0000,100.0000,255.0000,35.4613,0.0052,0.2828,0.2936,nan,0,0,0,0,0,0,0,0
0.6514,0.0000,0.0000,100.0000,255.0000,35.4166,0.0064,0.2828,0.2936,nan,0,0,0,0,0,0,0,0
0.6705,0.0000,0.0000,100.0000,255.0000,35.4138,0.0065,0.2828,0.2935,nan,0,0,0,0,0,0,0,0
0.6909,0.0000,0.0000,100.0000,255.0000,35.4035,0.0068,0.2827,0.2935,nan,0,0,0,0,0,0,0,0
0.7084,0.0000,0.0000,100.0000,255.0000,35.3748,0.0076,0.2828,0.2935,nan,0,0,0,0,0,0,0,0
0.7332,0.0000,0.0000,100.0000,255.0000,35.3302,0.0088,0.2828,0.2935,nan,0,0,0,0,0,0,0,0
0.7548,0.0000,0.0000,100.0000,255.0000,35.2896,0.0100,0.2828,0.2935,nan,0,0,0,0,0,0,0,0
0.7748,0.0000,0.0000,100.0000,255.0000,35.2690,0.0106,0.2828,0.2935,nan,0,0,0,0,0,0,0,0
0.8005,0.0000,0.0000,100.0000,255.0000,35.2422,0.0113,0.2828,0.2935,nan,0,0,0,0,0,0,0,0
0.8212,0.0000,0.0000,100.0000,255.0000,35.2345,0.0115,0.2828,0.2935,nan,0,0,0,0,0,0,0,0
0.8413,0.0000,0.0000,100.0000,255.0000,35.2205,0.0119,0.2828,0.2934,nan,0,0,0,0,0,0,0,0
0.8663,0.0000,0.0000,100.0000,255.0000,35.1558,0.0137,0.2828,0.2934,nan,0,0,0,0,0,0,0,0
0.8846,0.0000,0.0000,100.0000,255.0000,35.1311,0.0144,0.2828,0.2934,nan,0,0,0,0,0,0,0,0
0.9020,0.0000,0.0000,100.0000,255.0000,35.1159,0.0149,0.2828,0.2934,nan,0,0,0,0,0,0,0,0
0.9210,0.0000,0.0000,100.0000,255.0000,35.0962,0.0154,0.2828,0.2934,nan,0,0,0,0,0,0,0,0
0.9409,nan,0.0000,100.0000,255.0000,35.0866,0.0157,0.2828,0.2933,nan,0,0,0,0,0,0,0,0
0.9571,nan,0.0000,100.0000,255.0000,35.0522,0.0166,0.2828,0.2933,nan,0,0,0,0,0,0,0,0
0.9758,nan,0.0000,100.0000,255.0000,35.0578,0.0165,0.2828,0.2933,nan,0,0,0,0,0,0,0,0
0.9994,0.0000,0.0000,100.0000,255.0000,35.0394,0.0170,0.2827,0.2933,nan,0,0,0,0,0,0,0,0
1.0172,0.0000,0.0000,100.0000,255.0000,35.0207,0.0175,0.2828,0.2933,0.0179,0,0,0,0,0,0,0,0
1.0376,0.0000,0.0000,100.0000,255.0000,34.9839,0.0186,0.2828,0.2933,0.0183,0,1,0,0,0,0,1,0
1.1326,0.0000,2.2000,100.0000,255.0000,34.9387,0.0198,0.2826,0.2933,0.0190,0,1,0,0,0,0,1,0
1.1533,0.0000,3.4000,99.0000,255.0000,34.9202,0.0203,0.2825,0.2932,0.0197,0,1,0,0,0,0,1,0
1.1708,1.0000,4.5000,99.0000,255.0000,34.9260,0.0202,0.2826,0.2932,0.0200,0,1,0,0,0,0,1,0
1.1909,2.0000,5.8000,99.0000,255.0000,34.8792,0.0215,0.2826,0.2933,0.0208,0,1,0,0,0,0,1,0
1.2085,3.0000,7.0000,99.0000,255.0000,34.8508,0.0223,0.2826,0.2932,0.0215,0,1,0,0,0,0,1,0
1.2321,6.0000,9.7000,99.0000,255.0000,34.8775,0.0215,0.2827,0.2932,0.0217,0,1,0,0,0,0,1,0
1.2515,nan,11.1000,99.0000,255.0000,34.8626,0.0220,0.2827,0.2932,0.0219,0,1,0,0,0,0,1,0
1.2703,10.0000,12.5000,99.0000,255.0000,34.8971,0.0210,0.2827,0.2932,0.0217,0,1,0,0,0,0,1,0
1.2866,12.0000,13.9000,99.0000,255.0000,34.8576,0.0221,0.2827,0.2933,0.0220,0,1,0,0,0,0,1,0
1.3084,14.0000,15.4000,99.0000,255.0000,34.8429,0.0225,0.2828,0.2932,0.0223,0,1,0,0,0,0,1,0
1.3340,20.0000,15.8000,99.0000,255.0000,34.8206,0.0231,0.2828,0.2932,0.0228,0,1,0,0,0,0,1,0
1.3572,22.0000,16.0000,99.0000,255.0000,34.8333,0.0228,0.2828,0.2932,0.0229,0,1,0,0,0,0,1,0
1.3761,25.0000,16.2000,99.0000,255.0000,34.8409,0.0226,0.2828,0.2932,0.0229,0,1,0,0,0,0,1,0
1.4001,30.0000,16.7000,99.0000,255.0000,34.8146,0.0233,0.2828,0.2932,0.0232,0,1,0,0,0,0,1,0
1.4216,33.0000,16.9000,99.0000,255.0000,34.8132,0.0233,0.2828,0.2932,0.0234,0,1,0,0,0,0,1,0
1.4417,36.0000,17.1000,99.0000,255.0000,34.7809,0.0243,0.2827,0.2932,0.0239,0,1,0,0,0,0,1,0
1.4655,42.0000,17.5000,99.0000,255.0000,34.7319,0.0256,0.2827,0.2932,0.0247,0,1,0,0,0,0,1,0
1.4846,44.0000,17.7000,99.0000,255.0000,34.7455,0.0252,0.2826,0.2932,0.0251,0,1,0,0,0,0,1,0
1.5039,47.0000,17.9000,99.0000,255.0000,34.7774,0.0244,0.2827,0.2932,0.0249,0,1,0,0,0,0,1,0
1.5204,50.0000,18.1000,99.0000,255.0000,34.7840,0.0242,0.2827,0.2932,0.0248,0,1,0,0,0,0,1,0
1.5406,53.0000,18.3000,99.0000,255.0000,34.7861,0.0241,0.2827,0.2932,0.0246,0,1,0,0,0,0,1,0
1.6352,72.0000,19.6000,98.0000,255.0000,34.7817,0.0242,0.2828,0.2932,0.0246,0,1,0,0,0,0,1,0
1.6539,75.0000,19.8000,98.0000,255.0000,34.7586,0.0249,0.2827,0.2932,0.0249,0,1,0,0,0,0,1,0
1.6761,79.0000,20.0000,98.0000,255.0000,34.7485,0.0252,0.2827,0.2932,0.0251,0,1,0,0,0,0,1,0
1.7006,85.0000,20.4000,98.0000,255.0000,34.6966,0.0266,0.2827,0.2932,0.0259,0,1,0,0,0,0,1,0
1.7211,89.0000,20.7000,98.0000,255.0000,34.6894,0.0268,0.2827,0.2932,0.0264,0,1,0,0,0,0,1,0
1.7409,92.0000,20.9000,98.0000,255.0000,34.6799,0.0271,0.2827,0.2931,0.0268,0,1,0,0,0,0,1,0
1.7583,96.0000,21.1000,98.0000,255.0000,34.6648,0.0275,0.2827,0.2931,0.0272,0,1,0,0,0,0,1,0
1.7841,103.0000,21.3000,98.0000,255.0000,34.6333,0.0284,0.2826,0.2931,0.0278,0,1,0,0,0,0,1,0
1.8036,106.0000,21.3000,98.0000,255.0000,34.6261,0.0286,0.2825,0.2931,0.0283,0,1,0,0,0,0,1,0
1.8205,110.0000,21.3000,98.0000,255.0000,34.6061,0.0292,0.2824,0.2931,0.0288,0,1,0,0,0,0,1,0
1.8410,113.0000,21.3000,97.0000,255.0000,34.5966,0.0294,0.2824,0.2931,0.0292,0,1,0,0,0,0,1,0
1.8575,117.0000,21.3000,97.0000,255.0000,34.5775,0.0300,0.2824,0.2931,0.0296,0,1,0,0,0,0,1,0
1.8835,124.0000,21.3000,97.0000,255.0000,34.5819,0.0298,0.2824,0.2931,0.0298,0,1,0,0,0,0,1,0
1.9037,127.0000,21.3000,97.0000,255.0000,34.5762,0.0300,0.2823,0.2931,0.0300,0,1,0,0,0,0,1,0
1.9201,131.0000,21.3000,97.0000,255.0000,34.5897,0.0296,0.2823,0.2931,0.0300,0,1,0,0,0,0,1,0
1.9371,134.0000,21.3000,97.0000,255.0000,34.5960,0.0294,0.2823,0.2931,0.0299,0,1,0,0,0,0,1,0
1.9536,138.0000,21.3000,97.0000,255.0000,34.5961,0.0294,0.2823,0.2930,0.0299,0,1,0,0,0,0,1,0
1.9705,141.0000,21.3000,97.0000,255.0000,34.5821,0.0298,0.2823,0.2930,0.0300,0,1,0,0,0,0,1,0
1.9870,145.0000,21.3000,97.0000,255.0000,34.5513,0.0307,0.2824,0.2931,0.0304,0,1,0,0,0,0,1,0
2.0091,148.0000,21.3000,97.0000,255.0000,34.5495,0.0307,0.2825,0.2931,0.0307,0,1,0,0,0,0,1,0
2.0344,155.0000,21.3000,96.0000,255.0000,34.5775,0.0300,0.2828,0.2934,0.0305,0,1,0,0,0,0,1,0
2.0513,158.0000,21.3000,96.0000,255.0000,34.6346,0.0284,0.2830,0.2937,0.0298,0,1,0,0,0,0,1,0
2.1507,179.0000,21.3000,96.0000,255.0000,34.7070,0.0263,0.2847,0.2951,0.0285,0,1,0,0,0,0,1,0
2.1713,183.0000,21.3000,96.0000,255.0000,34.7525,0.0251,0.2849,0.2953,0.0273,0,1,0,0,0,0,1,0
2.1911,186.0000,21.3000,96.0000,255.0000,34.7730,0.0245,0.2851,0.2955,0.0263,0,1,0,0,0,0,1,0
2.2077,190.0000,21.3000,96.0000,255.0000,34.8040,0.0236,0.2853,0.2957,0.0254,0,1,0,0,0,0,1,0
2.2256,193.0000,21.3000,96.0000,254.0000,34.7990,0.0237,0.2856,0.2959,0.0248,0,1,0,0,0,0,1,0
2.2489,200.0000,21.3000,95.0000,253.0000,34.7954,0.0238,0.2861,0.2963,0.0246,0,1,0,0,0,0,1,0
2.2672,204.0000,21.3000,95.0000,253.0000,34.8454,0.0224,0.2863,0.2965,0.0239,0,1,0,0,0,0,1,0
2.2870,207.0000,21.3000,95.0000,252.0000,34.8472,0.0224,0.2866,0.2967,0.0234,0,1,0,0,0,0,1,0
2.3040,211.0000,21.3000,95.0000,251.0000,34.8379,0.0227,0.2869,0.2969,0.0232,0,1,0,0,0,0,1,0
2.3241,214.0000,21.3000,95.0000,249.0000,34.8406,0.0226,0.2872,0.2971,0.0231,0,1,0,0,0,0,1,0
2.3425,218.0000,21.3000,95.0000,251.0000,34.8740,0.0216,0.2874,0.2974,0.0227,0,1,0,0,0,0,1,0
2.3671,225.0000,21.3000,95.0000,251.0000,34.9519,0.0195,0.2879,0.2978,0.0215,0,1,0,0,0,0,1,0
2.3856,228.0000,21.3000,95.0000,250.0000,34.9449,0.0197,0.2882,0.2981,0.0209,0,1,0,0,0,0,1,0
2.4034,232.0000,21.3000,95.0000,249.0000,34.9308,0.0201,0.2886,0.2983,0.0207,0,1,0,0,0,0,1,0
2.4202,235.0000,21.3000,95.0000,247.0000,34.9041,0.0208,0.2888,0.2985,0.0209,0,1,0,0,0,0,1,0
2.4367,239.0000,21.2000,94.0000,246.0000,34.8997,0.0209,0.2891,0.2988,0.0210,0,1,0,0,0,0,1,0
2.4588,242.0000,21.2000,94.0000,246.0000,34.9179,0.0204,0.2894,0.2990,0.0209,0,1,0,0,0,0,1,0
2.4841,249.0000,21.2000,94.0000,246.0000,34.9791,0.0187,0.2899,0.2995,0.0202,0,1,0,0,0,0,1,0
2.5032,253.0000,21.1000,94.0000,245.0000,34.9525,0.0194,0.2902,0.2998,0.0200,0,1,0,0,0,0,1,0
2.5204,256.0000,21.1000,94.0000,245.0000,34.9841,0.0186,0.2906,0.3000,0.0196,0,1,0,0,0,0,1,0
2.5405,260.0000,21.0000,94.0000,244.0000,34.9778,0.0187,0.2908,0.3003,0.0194,0,1,0,0,0,0,1,0
2.5586,263.0000,21.0000,94.0000,243.0000,34.9539,0.0194,0.2911,0.3005,0.0195,0,1,0,0,0,0,1,0
2.6541,283.0000,20.5000,93.0000,241.0000,34.9826,0.0186,0.2928,0.3019,0.0193,0,1,0,0,0,0,1,0
2.6758,287.0000,20.4000,93.0000,241.0000,35.0108,0.0178,0.2932,0.3022,0.0188,0,1,0,0,0,0,1,0
2.6989,293.0000,20.2000,93.0000,237.0000,34.9731,0.0189,0.2938,0.3027,0.0190,0,1,0,0,0,0,1,0
2.7175,297.0000,20.1000,93.0000,235.0000,34.9552,0.0194,0.2941,0.3029,0.0193,0,1,0,0,0,0,1,0
2.7372,300.0000,20.0000,93.0000,236.0000,35.0022,0.0180,0.2944,0.3032,0.0189,0,1,0,0,0,0,1,0
2.7538,303.0000,19.9000,93.0000,236.0000,35.0083,0.0179,0.2947,0.3034,0.0186,0,1,0,0,0,0,1,0
2.7708,306.0000,19.8000,93.0000,236.0000,35.0114,0.0178,0.2950,0.3037,0.0184,0,1,0,0,0,0,1,0
2.7906,310.0000,19.7000,93.0000,235.0000,35.0417,0.0169,0.2953,0.3040,0.0180,0,1,0,0,0,0,1,0
2.8081,313.0000,19.5000,93.0000,235.0000,35.0408,0.0170,0.2956,0.3042,0.0177,0,1,0,0,0,0,1,0
2.8330,319.0000,19.2000,92.0000,228.0000,35.0087,0.0179,0.2964,0.3047,0.0179,0,1,0,0,0,0,1,0
2.8515,322.0000,19.1000,92.0000,229.0000,35.0153,0.0177,0.2965,0.3050,0.0180,0,1,0,0,0,0,1,0
2.8706,325.0000,19.0000,92.0000,230.0000,35.0214,0.0175,0.2969,0.3052,0.0179,0,1,0,0,0,0,1,0
2.8920,329.0000,18.8000,92.0000,230.0000,35.0577,0.0165,0.2972,0.3055,0.0175,0,1,0,0,0,0,1,0
2.9167,335.0000,18.5000,92.0000,228.0000,35.0416,0.0169,0.2979,0.3060,0.0174,0,1,0,0,0,0,1,0
2.9381,338.0000,18.3000,92.0000,229.0000,35.0788,0.0159,0.2982,0.3063,0.0169,0,1,0,0,0,0,1,0
2.9584,341.0000,18.2000,92.0000,228.0000,35.0687,0.0162,0.2985,0.3065,0.0168,0,1,0,0,0,0,1,0
2.9832,346.0000,17.8000,92.0000,227.0000,35.0881,0.0156,0.2991,0.3071,0.0165,0,1,0,0,0,0,1,0
3.0084,349.0000,17.7000,92.0000,224.0000,35.0611,0.0164,0.2994,0.3073,0.0166,0,1,0,0,0,0,1,0
3.0318,355.0000,17.3000,91.0000,222.0000,35.0700,0.0161,0.3002,0.3079,0.0165,0,1,0,0,0,0,1,0
3.0515,358.0000,17.1000,91.0000,222.0000,35.0964,0.0154,0.3004,0.3081,0.0162,0,1,0,0,0,0,1,0
3.0701,361.0000,16.9000,91.0000,224.0000,35.1332,0.0144,0.3007,0.3084,0.0156,0,1,0,0,0,0,1,0
3.1666,377.0000,15.8000,91.0000,218.0000,35.1421,0.0141,0.3026,0.3099,0.0152,0,1,0,0,0,0,1,0
3.1873,379.0000,15.6000,91.0000,218.0000,35.1693,0.0134,0.3029,0.3102,0.0146,0,1,0,0,0,0,1,0
3.2089,382.0000,15.4000,91.0000,216.0000,35.1647,0.0135,0.3031,0.3104,0.0143,0,1,0,0,0,0,1,0
3.2323,387.0000,15.1000,90.0000,213.0000,35.1472,0.0140,0.3038,0.3110,0.0143,0,1,0,0,0,0,1,0
3.2515,389.0000,14.9000,90.0000,214.0000,35.1593,0.0136,0.3041,0.3112,0.0142,0,1,0,0,0,0,1,0
3.2691,392.0000,14.7000,90.0000,211.0000,35.1622,0.0136,0.3045,0.3115,0.0141,0,1,0,0,0,0,1,0
3.2866,394.0000,14.5000,90.0000,212.0000,35.1786,0.0131,0.3048,0.3117,0.0138,0,1,0,0,0,0,1,0
3.3033,396.0000,14.3000,90.0000,211.0000,35.1458,0.0140,0.3051,0.3120,0.0140,0,1,0,0,0,0,1,0
3.3199,399.0000,14.1000,90.0000,209.0000,35.1709,0.0133,0.3054,0.3122,0.0139,0,1,0,0,0,0,1,0
3.3420,401.0000,13.9000,90.0000,211.0000,35.1996,0.0125,0.3057,0.3125,0.0135,0,1,0,0,0,0,1,0
3.3644,405.0000,13.5000,90.0000,207.0000,35.1582,0.0137,0.3062,0.3129,0.0137,0,1,0,0,0,0,1,0
3.3842,408.0000,13.3000,90.0000,206.0000,35.1668,0.0134,0.3065,0.3131,0.0137,0,1,0,0,0,0,1,0
3.4032,410.0000,13.1000,90.0000,205.0000,35.1780,0.0131,0.3068,0.3133,0.0136,0,1,0,0,0,0,1,0
3.4203,412.0000,12.9000,90.0000,206.0000,35.1629,0.0135,0.3071,0.3135,0.0137,0,1,0,0,0,0,1,0
3.4411,414.0000,12.7000,89.0000,204.0000,35.1654,0.0135,0.3073,0.3138,0.0138,0,1,0,0,0,0,1,0
3.4602,416.0000,12.5000,89.0000,204.0000,35.1897,0.0128,0.3076,0.3139,0.0135,0,1,0,0,0,0,1,0
3.4834,420.0000,12.1000,89.0000,205.0000,35.2162,0.0120,0.3080,0.3143,0.0131,0,1,0,0,0,0,1,0
3.5034,422.0000,11.9000,89.0000,205.0000,35.2032,0.0124,0.3083,0.3145,0.0129,0,1,0,0,0,0,1,0
3.5203,424.0000,11.8000,89.0000,204.0000,35.1804,0.0130,0.3085,0.3147,0.0131,0,1,0,0,0,0,1,0
3.5368,426.0000,11.6000,89.0000,201.0000,35.1892,0.0128,0.3087,0.3149,0.0131,0,1,0,0,0,0,1,0
3.5609,428.0000,11.4000,89.0000,200.0000,35.1559,0.0137,0.3090,0.3151,0.0135,0,1,0,0,0,0,1,0
3.5829,431.0000,11.0000,89.0000,199.0000,35.1440,0.0141,0.3094,0.3154,0.0139,0,1,0,0,0,0,1,0
3.6835,442.0000,9.9000,88.0000,197.0000,35.0595,0.0164,0.3106,0.3162,0.0150,0,1,0,0,0,0,1,0
3.7035,443.0000,9.8000,88.0000,197.0000,35.0477,0.0168,0.3107,0.3163,0.0159,0,1,0,0,0,0,1,0
3.7220,445.0000,9.6000,88.0000,197.0000,35.0648,0.0163,0.3108,0.3164,0.0162,0,1,0,0,0,0,1,0
3.7414,446.0000,9.4000,88.0000,199.0000,35.0752,0.0160,0.3109,0.3165,0.0162,0,1,0,0,0,0,1,0
3.7626,449.0000,9.1000,88.0000,195.0000,35.0228,0.0175,0.3112,0.3167,0.0169,0,1,0,0,0,0,1,0
3.7855,451.0000,8.9000,88.0000,196.0000,35.0122,0.0178,0.3113,0.3168,0.0174,0,1,0,0,0,0,1,0
3.8035,452.0000,8.8000,88.0000,195.0000,34.9771,0.0188,0.3115,0.3169,0.0181,0,1,0,0,0,0,1,0
3.8203,454.0000,8.6000,nan,193.0000,34.9775,0.0187,0.3115,0.3169,0.0185,0,1,0,0,0,0,1,0
3.8408,455.0000,8.4000,nan,193.0000,34.9367,0.0199,0.3116,0.3169,0.0192,0,1,0,0,0,0,1,0
3.8609,456.0000,8.3000,879.0000,193.0000,34.9389,0.0198,0.3117,0.3171,0.0196,0,1,0,0,0,0,1,0
3.8828,459.0000,8.0000,879.0000,193.0000,34.9317,0.0200,0.3118,0.3171,0.0199,0,1,0,0,0,0,1,0
3.9034,460.0000,7.8000,879.0000,196.0000,34.9082,0.0207,0.3119,0.3172,0.0203,0,1,0,0,0,0,1,0
3.9202,462.0000,7.7000,879.0000,197.0000,34.8806,0.0215,0.3119,0.3172,0.0209,0,1,0,0,0,0,1,0
3.9376,463.0000,7.5000,nan,196.0000,34.8780,0.0215,0.3120,0.3172,0.0213,0,1,0,0,0,0,1,0
3.9545,464.0000,7.4000,nan,191.0000,34.8401,0.0226,0.3120,0.3172,0.0220,0,1,0,0,0,0,1,0
3.9744,465.0000,7.2000,nan,190.0000,34.8323,0.0228,0.3120,0.3173,0.0224,0,1,0,0,0,0,1,0
3.9909,466.0000,nan,nan,195.0000,34.8467,0.0224,0.3120,0.3173,0.0226,0,1,0,0,0,0,1,0
4.0151,469.0000,6.8000,nan,197.0000,34.8858,0.0213,0.3120,0.3172,0.0222,0,1,0,0,0,0,1,0
4.0339,470.0000,6.7000,nan,196.0000,34.8808,0.0215,0.3119,0.3172,0.0220,0,1,0,0,0,0,1,0
4.0514,471.0000,6.6000,86.0000,195.0000,34.8890,0.0212,0.3119,0.3171,0.0218,0,1,0,0,0,0,1,0
4.0708,472.0000,6.4000,86.0000,193.0000,34.8822,0.0214,0.3119,0.3171,0.0218,0,1,0,0,0,0,1,0
4.0927,473.0000,6.3000,86.0000,193.0000,34.8630,0.0220,0.3118,0.3171,0.0220,0,1,0,0,0,0,1,0
4.1871,479.0000,5.6000,86.0000,198.0000,34.9138,0.0205,0.3112,0.3166,0.0215,0,1,0,0,0,0,1,0
4.2084,480.0000,5.5000,86.0000,197.0000,34.9228,0.0203,0.3111,0.3164,0.0212,0,1,0,0,0,0,1,0
4.2338,481.0000,5.2000,85.0000,197.0000,34.9157,0.0205,0.3107,0.3162,0.0210,0,1,0,0,0,0,1,0
4.2542,482.0000,5.1000,85.0000,197.0000,34.9369,0.0199,0.3105,0.3161,0.0207,0,1,0,0,0,0,1,0
4.2751,483.0000,5.0000,85.0000,198.0000,34.9527,0.0194,0.3103,0.3160,0.0203,0,1,0,0,0,0,1,0
4.2989,485.0000,4.8000,85.0000,200.0000,34.9925,0.0183,0.3100,0.3157,0.0197,0,1,0,0,0,0,1,0
4.3176,485.0000,4.7000,85.0000,201.0000,35.0033,0.0180,0.3097,0.3155,0.0191,0,1,0,0,0,0,1,0
4.3370,486.0000,4.6000,85.0000,201.0000,35.0239,0.0174,0.3096,0.3154,0.0186,0,1,0,0,0,0,1,0
4.3536,487.0000,4.5000,85.0000,200.0000,35.0094,0.0178,0.3093,0.3152,0.0184,0,1,0,0,0,0,1,0
4.3739,488.0000,4.4000,85.0000,201.0000,35.0685,0.0162,0.3091,0.3150,0.0177,0,1,0,0,0,0,1,0
4.3915,488.0000,4.3000,85.0000,201.0000,35.0730,0.0161,0.3089,0.3148,0.0172,0,1,0,0,0,0,1,0
4.4157,490.0000,4.1000,85.0000,205.0000,35.1144,0.0149,0.3084,0.3144,0.0164,0,1,0,0,0,0,1,0
4.4335,490.0000,4.0000,84.0000,205.0000,35.1503,0.0139,0.3081,0.3142,0.0155,0,1,0,0,0,0,1,0
4.4519,491.0000,4.0000,84.0000,206.0000,35.1918,0.0127,0.3078,0.3140,0.0145,0,1,0,0,0,0,1,0
4.4699,492.0000,3.9000,84.0000,208.0000,35.2264,0.0118,0.3075,0.3138,0.0136,0,1,0,0,0,0,1,0
4.4866,492.0000,3.8000,84.0000,208.0000,35.2334,0.0116,0.3072,0.3136,0.0129,0,1,0,0,0,0,1,0
4.5110,493.0000,3.7000,84.0000,205.0000,35.2228,0.0119,0.3069,0.3133,0.0126,0,1,0,0,0,0,1,0
4.5337,494.0000,3.5000,84.0000,209.0000,35.2989,0.0097,0.3062,0.3128,0.0116,0,1,0,0,0,0,1,0
4.5536,495.0000,3.5000,84.0000,214.0000,35.3368,0.0087,0.3060,0.3126,0.0106,0,1,0,0,0,0,1,0
4.5746,495.0000,3.4000,84.0000,215.0000,35.3800,0.0074,0.3055,0.3123,0.0095,0,1,0,0,0,0,1,0
4.5961,496.0000,3.2000,84.0000,213.0000,35.3613,0.0080,0.3048,0.3117,0.0090,0,1,0,0,0,0,1,0
4.6934,499.0000,2.9000,83.0000,219.0000,35.4592,0.0052,0.3029,0.3102,0.0076,0,1,0,0,0,0,1,0
4.7147,500.0000,2.8000,83.0000,220.4600,35.4382,0.0058,0.3021,0.3096,0.0070,0,1,0,0,0,0,1,0
4.7339,500.0000,2.7000,83.0000,219.0000,35.4051,0.0067,0.3017,0.3093,0.0071,0,1,0,0,0,0,1,0
4.7533,501.0000,2.6000,83.0000,221.0000,35.4187,0.0064,0.3013,0.3089,0.0069,0,1,0,0,0,0,1,0
4.7709,501.0000,2.6000,83.0000,222.0000,35.4217,0.0063,0.3009,0.3086,0.0068,0,1,0,0,0,0,1,0
4.7894,502.0000,2.5000,83.0000,222.0000,35.4302,0.0060,0.3004,0.3083,0.0066,0,1,0,0,0,0,1,0
4.8077,502.0000,2.5000,83.0000,222.0000,35.4343,0.0059,0.3000,0.3079,0.0065,0,1,0,0,0,0,1,0
4.8337,503.0000,2.4000,82.0000,224.0000,35.4282,0.0061,0.2991,0.3072,0.0065,0,1,0,0,0,0,1,0
4.8515,503.0000,2.3000,82.0000,228.0000,35.4868,0.0045,0.2986,0.3068,0.0058,0,1,0,0,0,0,1,0
4.8704,504.0000,2.3000,82.0000,229.0000,35.5021,0.0040,0.2981,0.3065,0.0052,0,1,0,0,0,0,1,0
4.8915,504.0000,2.2000,82.0000,229.0000,35.5058,0.0039,0.2977,0.3061,0.0048,0,1,0,0,0,0,1,0
4.9176,505.0000,2.1000,82.0000,229.0000,35.4717,0.0049,0.2967,0.3054,0.0050,0,1,0,0,0,0,1,0
4.9374,505.0000,2.1000,82.0000,229.0000,35.4734,0.0048,0.2963,0.3050,0.0051,0,1,0,0,0,0,1,0
4.9569,505.0000,2.0000,82.0000,232.0000,35.5044,0.0040,0.2958,0.3046,0.0048,0,1,0,0,0,0,1,0
4.9741,506.0000,2.0000,82.0000,235.0000,35.5460,0.0028,0.2953,0.3042,0.0041,0,1,0,0,0,0,1,0
4.9917,506.0000,1.9000,82.0000,237.0000,35.5489,0.0027,0.2948,0.3038,0.0037,0,1,0,0,0,0,1,0
5.0155,507.0000,1.8000,82.0000,238.0000,35.5516,0.0026,0.2938,0.3030,0.0034,0,1,0,0,0,0,1,0
5.0344,507.0000,1.8000,81.0000,238.0000,35.5329,0.0032,0.2933,0.3026,0.0034,0,1,0,0,0,0,1,0
5.0534,507.0000,1.7000,81.0000,237.0000,35.5070,0.0039,0.2928,0.3022,0.0038,0,1,0,0,0,0,1,0
5.0699,507.0000,1.7000,81.0000,239.0000,35.5033,0.0040,0.2923,0.3017,0.0040,0,1,0,0,0,0,1,0
5.0878,508.0000,1.7000,81.0000,241.0000,35.5112,0.0038,0.2918,0.3013,0.0040,0,1,0,0,0,0,1,0
5.1087,508.0000,1.6000,81.0000,242.0000,35.5220,0.0035,0.2913,0.3009,0.0039,0,1,0,0,0,0,1,0
5.2053,510.0000,1.4000,81.0000,249.0000,35.5883,0.0016,0.2882,0.2985,0.0031,0,1,0,0,0,0,1,0
5.2241,510.0000,1.4000,81.0000,249.0000,35.5865,0.0017,0.2877,0.2981,0.0027,0,1,0,0,0,0,1,0
5.2441,510.0000,1.3000,80.0000,251.0000,35.6251,0.0006,0.2873,0.2978,0.0020,0,1,0,0,0,0,1,0
5.2673,510.0000,1.3000,80.0000,253.0000,35.6762,0.0000,0.2864,0.2971,0.0012,0,1,0,0,0,0,1,0
5.2847,511.0000,1.2000,80.0000,253.0000,35.6922,0.0000,0.2860,0.2968,0.0007,0,1,0,0,0,0,1,0
5.3023,511.0000,1.2000,80.0000,254.0000,35.6526,0.0000,0.2856,0.2965,0.0005,0,1,0,0,0,0,1,0
5.3202,511.0000,1.2000,80.0000,254.0000,35.6333,0.0003,0.2854,0.2962,0.0006,0,1,0,0,0,0,1,0
5.3373,511.0000,1.2000,80.0000,252.0000,35.6371,0.0002,0.2851,0.2960,0.0006,0,1,0,0,0,0,1,0
5.3586,511.0000,1.1000,80.0000,255.0000,35.6312,0.0004,0.2847,0.2957,0.0006,0,1,0,0,0,0,1,0
5.3834,512.0000,1.1000,80.0000,255.0000,35.6491,0.0000,0.2842,0.2953,0.0005,0,1,0,0,0,0,1,0
5.4044,512.0000,1.1000,80.0000,255.0000,35.6624,0.0000,0.2839,0.2951,0.0003,0,1,0,0,0,0,1,0
5.4250,512.0000,1.0000,80.0000,255.0000,35.6753,0.0000,0.2835,0.2948,0.0002,0,1,0,0,0,0,1,0
5.4527,513.0000,1.0000,79.0000,255.0000,35.6843,0.0000,0.2828,0.2941,0.0001,0,1,0,0,0,0,1,0
5.4698,513.0000,1.0000,79.0000,255.0000,35.6724,0.0000,0.2825,0.2939,0.0001,0,1,0,0,0,0,1,0
5.4873,513.0000,0.9000,79.0000,255.0000,35.6751,0.0000,0.2823,0.2937,0.0000,0,1,0,0,0,0,1,0
5.5088,513.0000,0.9000,79.0000,255.0000,35.6823,0.0000,0.2822,0.2936,0.0000,0,1,0,0,0,0,1,0
5.5325,513.0000,0.9000,79.0000,255.0000,35.6838,0.0000,0.2821,0.2936,0.0000,0,1,0,0,0,0,1,0
5.5506,513.0000,0.8000,79.0000,255.0000,35.7057,0.0000,0.2821,0.2936,0.0000,0,1,0,0,0,0,1,0
5.5701,514.0000,0.8000,79.0000,255.0000,35.7639,0.0000,0.2820,0.2936,0.0000,0,1,0,0,0,0,1,0
5.5923,514.0000,0.8000,79.0000,255.0000,35.7515,0.0000,0.2819,0.2935,0.0000,0,1,0,0,0,0,1,0
5.6152,514.0000,0.8000,79.0000,255.0000,35.7484,0.0000,0.2820,0.2935,0.0000,0,1,0,0,0,0,1,0
5.7081,515.0000,0.7000,78.0000,255.0000,35.7666,0.0000,0.2821,0.2937,0.0000,0,1,0,0,0,0,1,0
5.7327,515.0000,0.6000,78.0000,255.0000,35.7855,0.0000,0.2821,0.2937,0.0000,0,1,0,0,0,0,1,0
5.7537,515.0000,0.6000,78.0000,255.0000,35.7953,0.0000,0.2821,0.2937,0.0000,0,1,0,0,0,0,1,0
5.7749,515.0000,0.6000,78.0000,255.0000,35.7791,0.0000,0.2821,0.2937,0.0000,0,1,0,0,0,0,1,0
5.7957,515.0000,0.6000,78.0000,255.0000,35.8030,0.0000,0.2821,0.2937,0.0000,0,1,0,0,0,0,1,0
5.8169,515.0000,0.6000,78.0000,255.0000,35.8206,0.0000,0.2821,0.2938,0.0000,0,1,0,0,0,0,1,0
5.8366,515.0000,0.5000,77.0000,255.0000,35.8244,0.0000,0.2822,0.2937,0.0000,0,1,0,0,0,0,1,0
5.8535,516.0000,0.5000,77.0000,255.0000,35.8255,0.0000,0.2821,0.2937,0.0000,0,1,0,0,0,0,1,0
5.8738,516.0000,0.5000,77.0000,255.0000,35.8250,0.0000,0.2822,0.2937,0.0000,0,1,0,0,0,0,1,0
5.8913,516.0000,0.5000,77.0000,255.0000,35.8057,0.0000,0.2821,0.2937,0.0000,0,1,0,0,0,0,1,0
5.9146,516.0000,0.5000,77.0000,255.0000,35.8205,0.0000,0.2821,0.2937,0.0000,0,1,0,0,0,0,1,0
5.9342,516.0000,0.5000,77.0000,255.0000,35.7985,0.0000,0.2821,0.2937,0.0000,0,1,0,0,0,0,1,0
5.9536,516.0000,0.5000,77.0000,255.0000,35.7901,0.0000,0.2821,0.2938,0.0000,0,1,0,0,0,0,1,0
5.9707,516.0000,0.4000,77.0000,255.0000,35.8025,0.0000,0.2821,0.2937,0.0000,0,1,0,0,0,0,1,0
5.9872,516.0000,0.4000,77.0000,255.0000,35.8385,0.0000,0.2821,0.2937,0.0000,0,1,0,0,0,0,1,0
6.0075,516.0000,0.4000,77.0000,255.0000,35.8123,0.0000,0.2821,0.2937,0.0000,0,1,0,0,0,0,1,0
6.0305,516.0000,0.4000,76.0000,255.0000,35.7850,0.0000,0.2822,0.2938,0.0000,0,1,0,0,0,0,1,0
6.0509,517.0000,0.4000,76.0000,255.0000,35.7625,0.0000,0.2822,0.2938,0.0000,0,1,0,0,0,0,1,0
6.0682,517.0000,0.4000,76.0000,255.0000,35.7696,0.0000,0.2822,0.2938,0.0000,0,1,0,0,0,0,1,0
6.0862,517.0000,0.4000,76.0000,255.0000,35.7708,0.0000,0.2822,0.2938,0.0000,0,1,0,0,0,0,1,0
6.1031,517.0000,0.4000,76.0000,255.0000,35.7760,0.0000,0.2822,0.2938,0.0000,0,1,0,0,0,0,1,0
6.1200,517.0000,0.3000,76.0000,255.0000,35.7551,0.0000,0.2822,0.2938,0.0000,0,1,0,0,0,0,1,0
6.2182,517.0000,0.3000,76.0000,255.0000,35.7265,0.0000,0.2822,0.2938,0.0000,0,1,0,0,0,0,1,0
6.2369,517.0000,0.3000,75.0000,255.0000,35.7002,0.0000,0.2821,0.2938,0.0000,0,1,0,0,0,0,1,0
6.2581,517.0000,0.3000,75.0000,255.0000,35.6716,0.0000,0.2822,0.2938,0.0000,0,1,0,0,0,0,1,0
6.2843,517.0000,0.3000,75.0000,255.0000,35.6318,0.0004,0.2822,0.2938,0.0003,0,1,0,0,0,0,1,0
6.3033,517.0000,0.3000,75.0000,255.0000,35.6112,0.0010,0.2823,0.2938,0.0007,0,1,0,0,0,0,1,0
6.3237,517.0000,0.3000,75.0000,255.0000,35.5986,0.0013,0.2823,0.2938,0.0011,0,1,0,0,0,0,1,0
6.3411,518.0000,0.2000,75.0000,255.0000,35.6105,0.0010,0.2823,0.2938,0.0012,0,1,0,0,0,0,1,0
6.3638,518.0000,0.2000,75.0000,255.0000,35.5830,0.0018,0.2824,0.2938,0.0015,0,1,0,0,0,0,1,0
6.3844,518.0000,0.2000,75.0000,255.0000,35.5705,0.0021,0.2824,0.2938,0.0019,0,1,0,0,0,0,1,0
6.4034,518.0000,0.2000,75.0000,255.0000,35.5583,0.0024,0.2823,0.2938,0.0023,0,1,0,0,0,0,1,0
6.4266,518.0000,0.2000,75.0000,255.0000,35.5534,0.0026,0.2823,0.2938,0.0025,0,1,0,0,0,0,1,0
6.4485,518.0000,0.2000,74.0000,255.0000,35.4816,0.0046,0.2822,0.2937,0.0035,0,1,0,0,0,0,1,0
6.4665,518.0000,0.2000,74.0000,255.0000,35.4722,0.0049,0.2822,0.2937,0.0042,0,1,0,0,0,0,1,0
6.4864,518.0000,0.2000,74.0000,255.0000,35.4865,0.0045,0.2822,0.2937,0.0044,0,1,0,0,0,0,1,0
6.5028,518.0000,0.2000,74.0000,255.0000,35.4921,0.0043,0.2821,0.2937,0.0045,0,1,0,0,0,0,1,0
6.5245,518.0000,0.2000,74.0000,255.0000,35.4676,0.0050,0.2821,0.2937,0.0048,0,1,0,0,0,0,1,0
6.5462,518.0000,0.2000,74.0000,255.0000,35.4515,0.0054,0.2822,0.2938,0.0052,0,1,0,0,0,0,1,0
6.5673,518.0000,0.2000,74.0000,255.0000,35.4075,0.0067,0.2821,0.2938,0.0059,0,1,0,0,0,0,1,0
6.5868,518.0000,0.2000,74.0000,255.0000,35.4142,0.0065,0.2822,0.2937,0.0063,0,1,0,0,0,0,1,0
6.6074,518.0000,0.2000,74.0000,255.0000,35.3923,0.0071,0.2822,0.2937,0.0068,0,1,0,0,0,0,1,0
6.6242,518.0000,0.1000,74.0000,255.0000,35.3758,0.0076,0.2822,0.2937,0.0072,0,1,0,0,0,0,1,0
6.7209,518.0000,0.1000,73.0000,255.0000,35.3263,0.0090,0.2822,0.2937,0.0081,0,1,0,0,0,0,1,0
6.7417,518.0000,0.1000,73.0000,255.0000,35.3209,0.0091,0.2822,0.2938,0.0086,0,1,0,0,0,0,1,0
6.7649,518.0000,0.1000,73.0000,255.0000,35.3115,0.0094,0.2822,0.2937,0.0091,0,1,0,0,0,0,1,0
6.7825,518.0000,0.1000,73.0000,255.0000,35.2945,0.0098,0.2821,0.2937,0.0095,0,1,0,0,0,0,1,0
6.8044,518.0000,0.1000,73.0000,255.0000,35.3172,0.0092,0.2821,0.2937,0.0095,0,1,0,0,0,0,1,0
6.8262,519.0000,0.1000,73.0000,255.0000,35.3298,0.0089,0.2821,0.2937,0.0094,0,1,0,0,0,0,1,0
6.8497,519.0000,0.1000,72.0000,255.0000,35.3181,0.0092,0.2821,0.2937,0.0094,0,1,0,0,0,0,1,0
6.8681,519.0000,0.1000,72.0000,255.0000,35.3070,0.0095,0.2821,0.2937,0.0096,0,1,0,0,0,0,1,0
6.8866,519.0000,0.1000,72.0000,255.0000,35.2924,0.0099,0.2821,0.2937,0.0099,0,1,0,0,0,0,1,0
6.9035,519.0000,0.1000,72.0000,255.0000,35.2986,0.0097,0.2821,0.2937,0.0099,0,1,0,0,0,0,1,0
6.9243,519.0000,0.1000,72.0000,255.0000,35.3160,0.0092,0.2821,0.2937,0.0098,0,1,0,0,0,0,1,0
6.9488,519.0000,0.1000,72.0000,255.0000,35.3245,0.0090,0.2821,0.2937,0.0096,0,1,0,0,0,0,1,0
6.9673,519.0000,0.1000,72.0000,255.0000,35.3389,0.0086,0.2821,0.2937,0.0094,0,1,0,0,0,0,1,0
6.9870,519.0000,0.1000,72.0000,255.0000,35.3319,0.0088,0.2821,0.2936,0.0093,0,1,0,0,0,0,1,0
7.0079,519.0000,0.1000,72.0000,255.0000,35.2955,0.0098,0.2821,0.2937,0.0096,0,1,0,0,0,0,1,0
7.0318,519.0000,0.1000,71.0000,255.0000,35.3531,0.0082,0.2821,0.2936,0.0092,0,1,0,0,0,0,1,0
7.0513,519.0000,0.1000,71.0000,255.0000,35.3912,0.0071,0.2821,0.2937,0.0085,0,1,0,0,0,0,1,0
7.0700,519.0000,0.1000,71.0000,255.0000,35.3972,0.0070,0.2820,0.2936,0.0080,0,1,0,0,0,0,1,0
7.0867,519.0000,0.0000,71.0000,255.0000,35.4031,0.0068,0.2820,0.2936,0.0077,0,1,0,0,0,0,1,0
7.1073,519.0000,0.0000,71.0000,255.0000,35.3853,0.0073,0.2820,0.2936,0.0077,0,1,0,0,0,0,1,0
7.1251,519.0000,0.0000,71.0000,255.0000,35.3842,0.0073,0.2821,0.2936,0.0077,0,1,0,0,0,0,1,0
7.2246,519.0000,0.0000,71.0000,255.0000,35.4379,0.0058,0.2821,0.2936,0.0071,0,1,0,0,0,0,1,0
7.2510,519.0000,0.0000,70.0000,255.0000,35.4235,0.0062,0.2821,0.2936,0.0069,0,1,0,0,0,0,1,0
7.2709,519.0000,0.0000,70.0000,255.0000,35.4469,0.0056,0.2821,0.2936,0.0065,0,1,0,0,0,0,1,0
7.2919,519.0000,0.0000,70.0000,255.0000,35.4692,0.0049,0.2821,0.2936,0.0060,0,1,0,0,0,0,1,0
7.3167,519.0000,0.0000,70.0000,255.0000,35.5543,0.0026,0.2819,0.2936,0.0048,0,1,0,0,0,0,1,0
7.3372,519.0000,0.0000,70.0000,255.0000,35.5990,0.0013,0.2819,0.2936,0.0035,0,1,0,0,0,0,1,0
7.3574,519.0000,0.0000,70.0000,255.0000,35.6552,0.0000,0.2819,0.2936,0.0021,0,1,0,0,0,0,1,0
7.3747,519.0000,0.0000,70.0000,255.0000,35.6788,0.0000,0.2818,0.2936,0.0013,0,1,0,0,0,0,1,0
7.4008,519.0000,0.0000,70.0000,255.0000,35.6710,0.0000,0.2820,0.2936,0.0008,0,1,0,0,0,0,1,0
7.4203,519.0000,0.0000,70.0000,255.0000,35.6728,0.0000,0.2820,0.2936,0.0005,0,1,0,0,0,0,1,0
7.4416,519.0000,0.0000,69.0000,255.0000,35.6970,0.0000,0.2820,0.2937,0.0003,0,1,0,0,0,0,1,0
7.4665,519.0000,0.0000,69.0000,255.0000,35.7962,0.0000,0.2820,0.2936,0.0002,0,1,0,0,0,0,1,0
7.4867,519.0000,0.0000,69.0000,255.0000,35.7986,0.0000,0.2819,0.2937,0.0001,0,1,0,0,0,0,1,0
7.5031,519.0000,0.0000,69.0000,255.0000,35.8051,0.0000,0.2819,0.2936,0.0001,0,1,0,0,0,0,1,0
7.5233,519.0000,0.0000,69.0000,255.0000,35.8005,0.0000,0.2819,0.2936,0.0000,0,1,0,0,0,0,1,0
7.5417,519.0000,0.0000,69.0000,255.0000,35.7861,0.0000,0.2820,0.2936,0.0000,0,1,0,0,0,0,1,0
7.5630,519.0000,0.0000,69.0000,255.0000,35.8164,0.0000,0.2823,0.2937,0.0000,0,1,0,0,0,0,1,0
7.5838,519.0000,0.0000,69.0000,255.0000,35.8349,0.0000,0.2823,0.2937,0.0000,0,1,0,0,0,0,1,0
7.6016,519.0000,0.0000,69.0000,255.0000,35.8451,0.0000,0.2822,0.2937,0.0000,0,1,0,0,0,0,1,0
7.6227,519.0000,0.0000,69.0000,255.0000,35.8890,0.0000,0.2821,0.2937,0.0000,0,1,0,0,0,0,1,0
7.6413,519.0000,0.0000,69.0000,255.0000,35.9197,0.0000,0.2820,0.2937,0.0000,0,1,0,0,0,0,1,0
7.7419,519.0000,0.0000,68.0000,255.0000,35.9480,0.0000,0.2821,0.2937,0.0000,0,1,0,0,0,0,1,0
7.7638,519.0000,0.0000,68.0000,255.0000,35.9837,0.0000,0.2821,0.2937,0.0000,0,1,0,0,0,0,1,0
7.7833,519.0000,0.0000,68.0000,255.0000,36.0209,0.0000,0.2820,0.2937,0.0000,0,1,0,0,0,0,1,0
7.8036,519.0000,0.0000,68.0000,255.0000,36.0201,0.0000,0.2821,0.2937,0.0000,0,1,0,0,0,0,1,0
7.8249,519.0000,0.0000,68.0000,255.0000,35.9615,0.0000,0.2821,0.2937,0.0000,0,1,0,0,0,0,1,0
7.8499,519.0000,0.0000,67.0000,255.0000,35.9476,0.0000,0.2821,0.2937,0.0000,0,1,0,0,0,0,1,0
7.8698,519.0000,0.0000,67.0000,255.0000,35.9718,0.0000,0.2821,0.2937,0.0000,0,1,0,0,0,0,1,0
7.8862,519.0000,0.0000,67.0000,255.0000,35.9506,0.0000,0.2821,0.2937,0.0000,0,1,0,0,0,0,1,0
7.9038,519.0000,0.0000,67.0000,255.0000,35.9384,0.0000,0.2821,0.2937,0.0000,0,1,0,0,0,0,1,0
7.9208,519.0000,0.0000,67.0000,255.0000,35.9551,0.0000,0.2821,0.2937,0.0000,0,1,0,0,0,0,1,0
7.9414,519.0000,0.0000,67.0000,255.0000,35.9830,0.0000,0.2821,0.2937,0.0000,0,1,0,0,0,0,1,0
7.9655,519.0000,0.0000,67.0000,255.0000,35.9842,0.0000,0.2820,0.2937,0.0000,0,1,0,0,0,0,1,0
7.9841,519.0000,0.0000,67.0000,255.0000,35.9844,0.0000,0.2820,0.2937,0.0000,0,1,0,0,0,0,1,0
8.0020,519.0000,0.0000,67.0000,255.0000,35.9389,0.0000,0.2820,0.2937,0.0000,0,1,0,0,0,0,1,0
8.0211,519.0000,0.0000,67.0000,255.0000,35.9327,0.0000,0.2820,0.2937,0.0000,0,1,0,0,0,0,1,0
8.0409,519.0000,0.0000,66.0000,255.0000,35.9339,0.0000,0.2820,0.2936,0.0000,0,1,0,0,0,0,1,0
8.0665,519.0000,0.0000,66.0000,255.0000,35.9733,0.0000,0.2820,0.2937,0.0000,0,1,0,0,0,0,1,0
8.0847,519.0000,0.0000,66.0000,255.0000,35.9697,0.0000,0.2820,0.2937,0.0000,0,1,0,0,0,0,1,0
8.1029,519.0000,0.0000,66.0000,255.0000,35.9465,0.0000,0.2820,0.2937,0.0000,0,1,0,0,0,0,1,0
8.1201,519.0000,0.0000,66.0000,255.0000,35.9234,0.0000,0.2820,0.2937,0.0000,0,1,0,0,0,0,1,0
8.1408,519.0000,0.0000,66.0000,255.0000,35.8622,0.0000,0.2820,0.2937,0.0000,0,1,0,0,0,0,1,0
8.1633,519.0000,0.0000,66.0000,255.0000,35.8973,0.0000,0.2820,0.2937,0.0000,0,1,0,0,0,0,1,0
8.2584,519.0000,0.0000,65.0000,255.0000,35.8669,0.0000,0.2820,0.2936,0.0000,0,1,0,0,0,0,1,0
8.2789,519.0000,0.0000,65.0000,255.0000,35.8388,0.0000,0.2819,0.2936,0.0000,0,1,0,0,0,0,1,0
8.3009,519.0000,0.0000,65.0000,255.0000,35.8167,0.0000,0.2819,0.2936,0.0000,0,1,0,0,0,0,1,0
8.3204,519.0000,0.0000,65.0000,255.0000,35.8292,0.0000,0.2819,0.2936,0.0000,0,1,0,0,0,0,1,0
8.3410,519.0000,0.0000,65.0000,255.0000,35.8099,0.0000,0.2818,0.2936,0.0000,0,1,0,0,0,0,1,0
8.3668,519.0000,0.0000,65.0000,255.0000,35.7971,0.0000,0.2819,0.2936,0.0000,0,1,0,0,0,0,1,0
8.3866,519.0000,0.0000,65.0000,255.0000,35.7967,0.0000,0.2819,0.2936,0.0000,0,1,0,0,0,0,1,0
8.4032,519.0000,0.0000,65.0000,255.0000,35.8130,0.0000,0.2819,0.2936,0.0000,0,1,0,0,0,0,1,0
8.4255,519.0000,0.0000,65.0000,255.0000,35.8015,0.0000,0.2818,0.2936,0.0000,0,1,0,0,0,0,1,0
8.4502,519.0000,0.0000,64.0000,255.0000,35.7835,0.0000,0.2818,0.2936,0.0000,0,1,0,0,0,0,1,0
8.4700,519.0000,0.0000,64.0000,255.0000,35.7947,0.0000,0.2818,0.2935,0.0000,0,1,0,0,0,0,1,0
8.4908,519.0000,0.0000,64.0000,255.0000,35.7887,0.0000,0.2818,0.2936,0.0000,0,1,0,0,0,0,1,0
8.5140,519.0000,0.0000,64.0000,255.0000,35.7780,0.0000,0.2818,0.2935,0.0000,0,1,0,0,0,0,1,0
8.5341,519.0000,0.0000,64.0000,255.0000,35.7782,0.0000,0.2818,0.2935,0.0000,0,1,0,0,0,0,1,0
8.5532,519.0000,0.0000,64.0000,255.0000,35.7713,0.0000,0.2818,0.2935,0.0000,0,1,0,0,0,0,1,0
8.5747,519.0000,0.0000,64.0000,255.0000,35.7720,0.0000,0.2818,0.2935,0.0000,0,1,0,0,0,0,1,0
8.5991,519.0000,0.0000,64.0000,255.0000,35.7854,0.0000,0.2818,0.2935,0.0000,0,1,0,0,0,0,1,0
8.6198,519.0000,0.0000,64.0000,255.0000,35.7889,0.0000,0.2817,0.2935,0.0000,0,1,0,0,0,0,1,0
8.6367,519.0000,0.0000,63.0000,255.0000,35.7840,0.0000,0.2817,0.2935,0.0000,0,1,0,0,0,0,1,0
8.6575,519.0000,0.0000,63.0000,255.0000,35.7958,0.0000,0.2817,0.2934,0.0000,0,1,0,0,0,0,1,0
8.6834,519.0000,0.0000,63.0000,255.0000,35.7423,0.0000,0.2818,0.2934,0.0000,0,1,0,0,0,0,1,0
8.7837,519.0000,0.0000,63.0000,255.0000,35.7818,0.0000,0.2819,0.2934,0.0000,0,1,0,0,0,0,1,0
8.8019,519.0000,0.0000,63.0000,255.0000,35.7781,0.0000,0.2819,0.2934,0.0000,0,1,0,0,0,0,1,0
8.8197,519.0000,0.0000,63.0000,255.0000,35.7747,0.0000,0.2818,0.2934,0.0000,0,1,0,0,0,0,1,0
8.8371,519.0000,0.0000,62.0000,255.0000,35.7830,0.0000,0.2818,0.2934,0.0000,0,1,0,0,0,0,1,0
8.8578,519.0000,0.0000,62.0000,255.0000,35.7639,0.0000,0.2818,0.2934,0.0000,0,1,0,0,0,0,1,0
8.8834,519.0000,0.0000,62.0000,255.0000,35.7823,0.0000,0.2817,0.2933,0.0000,0,1,0,0,0,0,1,0
8.9014,519.0000,0.0000,62.0000,255.0000,35.7850,0.0000,0.2817,0.2934,0.0000,0,1,0,0,0,0,1,0
8.9206,519.0000,0.0000,62.0000,255.0000,35.8229,0.0000,0.2817,0.2934,0.0000,0,1,0,0,0,0,1,0
8.9404,519.0000,0.0000,62.0000,255.0000,35.7884,0.0000,0.2817,0.2934,0.0000,0,1,0,0,0,0,1,0
8.9572,519.0000,0.0000,62.0000,255.0000,35.7832,0.0000,0.2818,0.2934,0.0000,0,1,0,0,0,0,1,0
8.9732,519.0000,0.0000,62.0000,255.0000,35.7620,0.0000,0.2818,0.2934,0.0000,0,1,0,0,0,0,1,0
8.9979,519.0000,0.0000,62.0000,255.0000,35.8008,0.0000,0.2817,0.2934,0.0000,0,1,0,0,0,0,1,0
9.0171,519.0000,0.0000,62.0000,255.0000,35.7772,0.0000,0.2817,0.2934,0.0000,0,1,0,0,0,0,1,0
9.0362,519.0000,0.0000,61.0000,255.0000,35.7781,0.0000,0.2818,0.2934,0.0000,0,1,0,0,0,0,0,0
9.0571,519.0000,0.0000,61.0000,255.0000,35.7541,0.0000,0.2818,0.2934,0.0000,0,1,0,0,0,0,0,0
9.0748,519.0000,0.0000,61.0000,255.0000,35.7355,0.0000,0.2817,0.2933,0.0000,0,1,0,0,0,0,0,0
9.0988,519.0000,0.0000,61.0000,255.0000,35.7309,0.0000,0.2817,0.2933,0.0000,0,1,0,0,0,0,0,0
9.1178,519.0000,0.0000,61.0000,255.0000,35.7430,0.0000,0.2817,0.2933,0.0000,0,1,0,0,0,0,0,0
9.1366,519.0000,0.0000,61.0000,255.0000,35.7455,0.0000,0.2817,0.2933,0.0000,0,1,0,0,0,0,0,0
9.1534,519.0000,0.4000,61.0000,255.0000,35.7363,0.0000,0.2817,0.2933,0.0000,0,1,0,0,0,0,0,0
9.1698,519.0000,0.8000,61.0000,255.0000,35.7429,0.0000,0.2817,0.2933,0.0000,0,1,0,0,0,0,0,0
9.1921,519.0000,1.2000,61.0000,255.0000,35.6992,0.0000,0.2817,0.2932,0.0000,0,1,0,0,0,0,0,0
9.2862,517.0000,3.4000,60.0000,255.0000,35.6455,0.0000,0.2819,0.2932,0.0001,0,1,0,0,0,0,0,0
9.3033,516.0000,3.7000,60.0000,255.0000,35.6953,0.0000,0.2819,0.2932,0.0001,0,1,0,0,0,0,0,0
9.3243,515.0000,4.1000,60.0000,255.0000,35.6884,0.0000,0.2819,0.2932,0.0000,0,1,0,0,0,0,0,0
9.3491,514.0000,4.7000,60.0000,255.0000,35.6794,0.0000,0.2820,0.2932,0.0000,0,1,0,0,0,0,0,0
9.3698,513.0000,5.0000,60.0000,255.0000,35.6789,0.0000,0.2820,0.2932,0.0000,0,1,0,0,0,0,0,0
9.3915,512.0000,5.3000,60.0000,255.0000,35.6972,0.0000,0.2820,0.2932,0.0000,0,1,0,0,0,0,0,0
9.4168,510.0000,5.9000,60.0000,255.0000,35.6936,0.0000,0.2824,0.2932,0.0000,0,1,0,0,0,0,0,0
9.4369,507.0000,19.9000,60.0000,255.0000,35.7199,0.0000,0.2825,0.2932,0.0000,0,1,0,0,0,0,0,0
9.4568,504.0000,19.5000,60.0000,255.0000,35.7109,0.0000,0.2824,0.2932,0.0000,0,1,0,0,0,0,0,0
9.4746,501.0000,19.0000,60.0000,255.0000,35.7296,0.0000,0.2823,0.2932,0.0000,0,1,0,0,0,0,0,0
9.4986,495.0000,18.2000,60.0000,255.0000,35.7335,0.0000,0.2824,0.2932,0.0000,0,1,0,0,0,0,0,0
9.5178,492.0000,17.8000,60.0000,255.0000,35.7253,0.0000,0.2823,0.2932,0.0000,0,1,0,0,0,0,0,0
9.5371,489.0000,17.4000,60.0000,255.0000,35.7572,0.0000,0.2822,0.2932,0.0000,0,1,0,0,0,0,0,0
9.5569,486.0000,17.1000,60.0000,255.0000,35.7957,0.0000,0.2822,0.2932,0.0000,0,1,0,0,0,0,0,0
9.5733,483.0000,16.7000,60.0000,255.0000,35.8060,0.0000,0.2822,0.2932,0.0000,0,1,0,0,0,0,0,0
9.5919,481.0000,16.3000,60.0000,255.0000,35.7883,0.0000,0.2821,0.2932,0.0000,0,1,0,0,0,0,0,0
9.6141,475.0000,15.7000,60.0000,255.0000,35.7331,0.0000,0.2822,0.2932,0.0000,0,1,0,0,0,0,0,0
9.6345,473.0000,15.4000,61.0000,255.0000,35.7270,0.0000,0.2822,0.2932,0.0000,0,1,0,0,0,0,0,0
9.6551,470.0000,15.0000,61.0000,255.0000,35.7278,0.0000,0.2822,0.2932,0.0000,0,1,0,0,0,0,0,0
9.6742,468.0000,14.7000,61.0000,255.0000,35.7586,0.0000,0.2821,0.2932,0.0000,0,1,0,0,0,0,0,0
9.6978,463.0000,14.2000,61.0000,255.0000,35.7554,0.0000,0.2821,0.2932,0.0000,0,1,0,0,0,0,0,0
9.7912,452.0000,12.9000,61.0000,255.0000,35.7227,0.0000,0.2821,0.2932,0.0000,0,1,0,0,0,0,0,0
9.8172,448.0000,12.4000,61.0000,255.0000,35.6986,0.0000,0.2821,0.2932,0.0000,0,1,0,0,0,0,0,0
9.8366,446.0000,12.2000,61.0000,255.0000,35.7069,0.0000,0.2821,0.2931,0.0000,0,1,0,0,0,0,0,0
9.8582,444.0000,12.0000,61.0000,255.0000,35.7468,0.0000,0.2821,0.2932,0.0000,0,1,0,0,0,0,0,0
9.8808,440.0000,11.5000,61.0000,255.0000,35.7513,0.0000,0.2821,0.2932,0.0000,0,1,0,0,0,0,0,0
9.9007,439.0000,11.3000,62.0000,255.0000,35.7291,0.0000,0.2821,0.2932,0.0000,0,1,0,0,0,0,0,0
9.9202,437.0000,11.1000,62.0000,255.0000,35.7021,0.0000,0.2821,0.2932,0.0000,0,1,0,0,0,0,0,0
9.9411,435.0000,11.0000,62.0000,255.0000,35.7137,0.0000,0.2822,0.2932,0.0000,0,1,0,0,0,0,0,0
9.9666,431.0000,10.6000,62.0000,255.0000,35.7607,0.0000,0.2823,0.2932,0.0000,0,1,0,0,0,0,0,0
9.9863,430.0000,10.4000,62.0000,255.0000,35.7493,0.0000,0.2823,0.2932,0.0000,0,1,0,0,0,0,0,0
10.0032,428.0000,10.2000,62.0000,255.0000,35.7551,0.0000,0.2823,0.2932,0.0000,0,1,0,0,0,0,0,0
10.0241,426.0000,10.1000,62.0000,255.0000,35.7196,0.0000,0.2822,0.2931,0.0000,0,1,0,0,0,0,0,0
10.0503,423.0000,9.7000,62.0000,255.0000,35.6518,0.0000,0.2822,0.2931,0.0001,0,1,0,0,0,0,0,0
10.0706,422.0000,9.6000,62.0000,255.0000,35.6394,0.0002,0.2822,0.2931,0.0002,0,1,0,0,0,0,0,0
10.0904,420.0000,9.4000,62.0000,255.0000,35.6439,0.0000,0.2822,0.2931,0.0003,0,1,0,0,0,0,0,0
10.1077,418.0000,9.3000,62.0000,255.0000,35.6118,0.0009,0.2822,0.2931,0.0007,0,1,0,0,0,0,0,0
10.1290,416.0000,9.0000,62.0000,255.0000,35.6403,0.0001,0.2821,0.2931,0.0006,0,1,0,0,0,0,0,0
10.1511,414.0000,8.9000,62.0000,255.0000,35.6237,0.0006,0.2821,0.2931,0.0008,0,1,0,0,0,0,0,0
10.1698,413.0000,8.7000,63.0000,255.0000,35.6092,0.0010,0.2821,0.2931,0.0010,0,1,0,0,0,0,0,0
10.1907,411.0000,8.6000,63.0000,255.0000,35.5793,0.0019,0.2821,0.2930,0.0015,0,1,0,0,0,0,0,0
10.2174,408.0000,8.3000,63.0000,255.0000,35.5398,0.0030,0.2822,0.2930,0.0022,0,1,0,0,0,0,0,0
10.3183,401.0000,7.6000,63.0000,255.0000,35.4476,0.0056,0.2822,0.2930,0.0037,0,1,0,0,0,0,0,0
10.3355,399.0000,7.5000,63.0000,255.0000,35.4367,0.0059,0.2822,0.2930,0.0047,0,1,0,0,0,0,0,0
10.3528,398.0000,7.4000,63.0000,255.0000,35.4387,0.0058,0.2822,0.2929,0.0053,0,1,0,0,0,0,0,0
10.3694,397.0000,7.3000,63.0000,255.0000,35.4297,0.0061,0.2822,0.2929,0.0057,0,1,0,0,0,0,0,0
10.3865,396.0000,7.2000,63.0000,255.0000,35.4286,0.0061,0.2822,0.2929,0.0060,0,1,0,0,0,0,0,0
10.4037,395.0000,nan,63.0000,255.0000,35.3819,0.0074,0.2821,0.2929,0.0067,0,1,0,0,0,0,0,0
10.4247,393.0000,7.0000,63.0000,255.0000,35.4085,0.0066,0.2822,0.2929,0.0068,0,1,0,0,0,0,0,0
10.4491,391.0000,6.8000,64.0000,255.0000,35.3928,0.0071,0.2822,0.2929,0.0071,0,1,0,0,0,0,0,0
10.4675,390.0000,6.7000,64.0000,255.0000,35.3830,0.0074,0.2822,0.2929,0.0073,0,1,0,0,0,0,0,0
10.4858,389.0000,6.6000,64.0000,255.0000,35.3768,0.0075,0.2822,0.2929,0.0075,0,1,0,0,0,0,0,0
10.5047,388.0000,6.5000,64.0000,255.0000,35.3266,0.0089,0.2822,0.2929,0.0082,0,1,0,0,0,0,0,0
10.5239,387.0000,6.5000,64.0000,255.0000,35.2757,0.0104,0.2822,0.2929,0.0092,0,1,0,0,0,0,0,0
10.5489,385.0000,6.3000,64.0000,255.0000,35.2708,0.0105,0.2822,0.2929,0.0099,0,1,0,0,0,0,0,0
10.5673,384.0000,6.2000,64.0000,255.0000,35.3066,0.0095,0.2822,0.2928,0.0099,0,1,0,0,0,0,0,0
10.5865,383.0000,6.1000,64.0000,255.0000,35.2648,0.0107,0.2821,0.2928,0.0103,0,1,0,0,0,0,0,0
10.6081,382.0000,6.1000,64.0000,255.0000,35.2397,0.0114,0.2821,0.2928,0.0109,0,1,0,0,0,0,0,0
10.6333,380.0000,5.9000,64.0000,255.0000,35.1855,0.0129,0.2822,0.2928,0.0118,0,1,0,0,0,0,0,0
10.6561,379.0000,5.8000,64.0000,255.0000,35.1915,0.0127,0.2822,0.2928,0.0123,0,1,0,0,0,0,0,0
10.6745,378.0000,5.8000,64.0000,255.0000,35.2027,0.0124,0.2822,0.2928,0.0125,0,1,0,0,0,0,0,0
10.7000,376.0000,5.6000,65.0000,255.0000,35.1912,0.0127,0.2821,0.2927,0.0127,0,1,0,0,0,0,0,0
10.7206,375.0000,5.5000,65.0000,255.0000,35.1620,0.0136,0.2821,0.2927,0.0132,0,1,0,0,0,0,0,0
10.8187,370.0000,5.2000,65.0000,255.0000,35.1657,0.0135,0.2821,0.2927,0.0134,0,1,0,0,0,0,0,0
10.8364,369.0000,5.1000,65.0000,255.0000,35.1672,0.0134,0.2821,0.2927,0.0136,0,1,0,0,0,0,0,0
10.8569,368.0000,5.0000,65.0000,255.0000,35.1742,0.0132,0.2821,0.2926,0.0136,0,1,0,0,0,0,0,0
10.8738,367.0000,5.0000,65.0000,255.0000,35.1515,0.0139,0.2822,0.2927,0.0138,0,1,0,0,0,0,0,0
10.8975,366.0000,4.9000,65.0000,255.0000,35.1506,0.0139,0.2822,0.2927,0.0140,0,1,0,0,0,0,0,0
10.9166,365.0000,4.8000,65.0000,255.0000,35.1547,0.0138,0.2822,0.2927,0.0140,0,1,0,0,0,0,0,0
10.9367,364.0000,4.7000,65.0000,255.0000,35.1620,0.0136,0.2822,0.2926,0.0140,0,1,0,0,0,0,0,0
10.9586,363.0000,4.7000,65.0000,255.0000,35.1837,0.0130,0.2822,0.2926,0.0137,0,1,0,0,0,0,0,0
10.9831,362.0000,4.6000,66.0000,255.0000,35.2214,0.0119,0.2821,0.2926,0.0131,0,1,0,0,0,0,0,0
11.0029,361.0000,4.5000,66.0000,255.0000,35.2204,0.0119,0.2821,0.2926,0.0128,0,1,0,0,0,0,0,0
11.0201,360.0000,4.5000,66.0000,255.0000,35.2192,0.0120,0.2821,0.2926,0.0126,0,1,0,0,0,0,0,0
11.0408,360.0000,4.4000,66.0000,255.0000,35.1862,0.0129,0.2821,0.2926,0.0128,0,1,0,0,0,0,0,0
11.0643,358.0000,4.3000,66.0000,255.0000,35.1989,0.0125,0.2822,0.2925,0.0129,0,1,0,0,0,0,0,0
11.0837,358.0000,4.3000,66.0000,255.0000,35.1954,0.0126,0.2821,0.2925,0.0129,0,1,0,0,0,0,0,0
11.1024,357.0000,4.2000,66.0000,255.0000,35.1931,0.0127,0.2821,0.2925,0.0130,0,1,0,0,0,0,0,0
11.1195,356.0000,4.2000,66.0000,255.0000,35.1995,0.0125,0.2821,0.2925,0.0129,0,1,0,0,0,0,0,0
11.1372,355.0000,4.2000,66.0000,255.0000,35.2125,0.0121,0.2822,0.2925,0.0127,0,1,0,0,0,0,0,0
11.1564,355.0000,4.2000,66.0000,255.0000,35.2231,0.0118,0.2822,0.2925,0.0125,0,1,0,0,0,0,0,0
11.1743,354.0000,4.2000,66.0000,255.0000,35.2075,0.0123,0.2824,0.2924,0.0126,0,1,0,0,0,0,0,0
11.2003,353.0000,4.2000,66.0000,255.0000,35.2134,0.0121,0.2823,0.2925,0.0125,0,1,0,0,0,0,0,0
11.2182,352.0000,4.2000,66.0000,255.0000,35.2416,0.0113,0.2822,0.2924,0.0122,0,1,0,0,0,0,0,0
11.2361,351.0000,4.2000,67.0000,255.0000,35.2533,0.0110,0.2822,0.2924,0.0118,0,1,0,0,0,0,0,0
11.3348,347.0000,4.2000,67.0000,255.0000,35.3150,0.0093,0.2822,0.2924,0.0110,0,1,0,0,0,0,0,0
11.3527,346.0000,4.2000,67.0000,255.0000,35.3535,0.0082,0.2822,0.2924,0.0100,0,1,0,0,0,0,0,0
11.3696,346.0000,4.2000,67.0000,255.0000,35.3750,0.0076,0.2821,0.2923,0.0092,0,1,0,0,0,0,0,0
11.3910,345.0000,4.2000,67.0000,255.0000,35.3935,0.0071,0.2821,0.2924,0.0085,0,1,0,0,0,0,0,0
11.4132,344.0000,4.2000,67.0000,255.0000,35.4828,0.0046,0.2821,0.2923,0.0070,0,1,0,0,0,0,0,0
11.4339,343.0000,4.2000,67.0000,255.0000,35.4555,0.0053,0.2821,0.2923,0.0065,0,1,0,0,0,0,0,0
11.4535,342.0000,4.2000,67.0000,255.0000,35.4720,0.0049,0.2822,0.2923,0.0060,0,1,0,0,0,0,0,0
11.4745,341.0000,4.2000,67.0000,255.0000,35.4679,0.0050,0.2822,0.2924,0.0057,0,1,0,0,0,0,0,0
11.4990,340.0000,4.2000,68.0000,255.0000,35.5701,0.0021,0.2822,0.2924,0.0044,0,1,0,0,0,0,0,0
11.5200,339.0000,4.2000,68.0000,255.0000,35.5809,0.0018,0.2822,0.2924,0.0035,0,1,0,0,0,0,0,0
11.5370,339.0000,4.2000,68.0000,255.0000,35.5681,0.0022,0.2822,0.2924,0.0031,0,1,0,0,0,0,0,0
11.5537,338.0000,4.2000,68.0000,255.0000,35.5834,0.0017,0.2822,0.2924,0.0027,0,1,0,0,0,0,0,0
11.5719,337.0000,4.2000,68.0000,255.0000,35.5950,0.0014,0.2822,0.2924,0.0023,0,1,0,0,0,0,0,0
11.5905,337.0000,4.2000,68.0000,255.0000,35.6031,0.0012,0.2822,0.2924,0.0020,0,1,0,0,0,0,0,0
11.6165,335.0000,4.2000,68.0000,255.0000,35.5896,0.0016,0.2821,0.2923,0.0020,0,1,0,0,0,0,0,0
11.6365,335.0000,4.2000,68.0000,255.0000,35.6379,0.0002,0.2821,0.2924,0.0014,0,1,0,0,0,0,0,0
11.6565,334.0000,4.2000,68.0000,255.0000,35.6469,0.0000,0.2821,0.2923,0.0010,0,1,0,0,0,0,0,0
11.6761,333.0000,4.2000,68.0000,255.0000,35.6419,0.0001,0.2821,0.2924,0.0008,0,1,0,0,0,0,0,0
11.6987,332.0000,4.2000,68.0000,255.0000,35.6295,0.0005,0.2822,0.2924,0.0008,0,1,0,0,0,0,0,0
11.7180,331.0000,4.2000,68.0000,255.0000,35.6180,0.0008,0.2822,0.2923,0.0009,0,1,0,0,0,0,0,0
11.7369,330.0000,4.2000,68.0000,255.0000,35.6148,0.0009,0.2821,0.2923,0.0010,0,1,0,0,0,0,0,0
11.8341,326.0000,4.2000,69.0000,255.0000,35.6064,0.0011,0.2821,0.2923,0.0012,0,1,0,0,0,0,0,0
11.8525,325.0000,4.2000,69.0000,255.0000,35.5812,0.0018,0.2821,0.2923,0.0016,0,1,0,0,0,0,0,0
11.8691,325.0000,4.2000,69.0000,255.0000,35.5743,0.0020,0.2821,0.2923,0.0019,0,1,0,0,0,0,0,0
11.8863,324.0000,4.2000,69.0000,255.0000,35.5552,0.0025,0.2821,0.2923,0.0023,0,1,0,0,0,0,0,0
11.9027,323.0000,4.2000,69.0000,255.0000,35.5557,0.0025,0.2821,0.2922,0.0025,0,1,0,0,0,0,0,0
11.9245,323.0000,4.2000,69.0000,255.0000,35.5574,0.0025,0.2821,0.2922,0.0026,0,1,0,0,0,0,0,0
11.9485,321.0000,4.2000,69.0000,255.0000,35.5440,0.0028,0.2821,0.2922,0.0029,0,1,0,0,0,0,0,0
11.9694,321.0000,4.2000,69.0000,255.0000,35.5481,0.0027,0.2821,0.2922,0.0029,0,1,0,0,0,0,0,0
11.9914,320.0000,4.2000,69.0000,255.0000,35.5334,0.0031,0.2821,0.2922,0.0032,0,1,0,0,0,0,0,0
12.0155,318.0000,4.2000,69.0000,255.0000,35.5265,0.0033,0.2821,0.2922,0.0034,0,1,0,0,0,0,0,0
12.0340,318.0000,4.2000,70.0000,255.0000,35.5538,0.0026,0.2821,0.2922,0.0032,0,1,0,0,0,0,0,0
12.0536,317.0000,4.2000,70.0000,255.0000,35.5508,0.0027,0.2821,0.2922,0.0031,0,1,0,0,0,0,0,0
12.0732,316.0000,4.2000,70.0000,255.0000,35.5729,0.0020,0.2821,0.2922,0.0028,0,1,0,0,0,0,0,0
12.0937,316.0000,4.2000,70.0000,255.0000,35.5587,0.0024,0.2821,0.2922,0.0028,0,1,0,0,0,0,0,0
12.1150,314.0000,4.2000,70.0000,255.0000,35.5004,0.0041,0.2821,0.2922,0.0034,0,1,0,0,0,0,0,0
12.1328,314.0000,4.2000,70.0000,255.0000,35.5011,0.0041,0.2821,0.2922,0.0038,0,1,0,0,0,0,0,0
12.1529,313.0000,4.2000,70.0000,255.0000,35.5072,0.0039,0.2821,0.2922,0.0040,0,1,0,0,0,0,0,0
12.1747,312.0000,4.2000,70.0000,255.0000,35.5303,0.0032,0.2821,0.2922,0.0038,0,1,0,0,0,0,0,0
12.1956,311.0000,4.2000,70.0000,255.0000,35.5409,0.0029,0.2821,0.2921,0.0036,0,1,0,0,0,0,0,0
12.2174,310.0000,4.2000,70.0000,255.0000,35.5402,0.0030,0.2821,0.2921,0.0035,0,1,0,0,0,0,0,0
12.2363,309.0000,4.2000,70.0000,255.0000,35.5383,0.0030,0.2821,0.2921,0.0034,0,1,0,0,0,0,0,0
12.2573,309.0000,4.2000,70.0000,255.0000,35.5007,0.0041,0.2821,0.2921,0.0038,0,1,0,0,0,0,0,0
12.3645,304.0000,4.2000,71.0000,255.0000,35.5936,0.0015,0.2823,0.2921,0.0030,0,1,0,0,0,0,0,0
12.3834,303.0000,4.2000,71.0000,255.0000,35.5705,0.0021,0.2823,0.2921,0.0028,0,1,0,0,0,0,0,0
12.4021,302.0000,4.2000,71.0000,255.0000,35.5555,0.0025,0.2822,0.2920,0.0028,0,1,0,0,0,0,0,0
12.4200,302.0000,4.2000,71.0000,255.0000,35.5322,0.0032,0.2821,0.2920,0.0031,0,1,0,0,0,0,0,0
12.4400,301.0000,4.2000,71.0000,255.0000,35.5019,0.0040,0.2821,0.2920,0.0036,0,1,0,0,0,0,0,0
12.4569,300.0000,4.2000,71.0000,255.0000,35.5328,0.0032,0.2820,0.2920,0.0036,0,1,0,0,0,0,0,0
12.4757,300.0000,4.2000,71.0000,255.0000,35.5388,0.0030,0.2820,0.2920,0.0035,0,1,0,0,0,0,0,0
12.4975,298.0000,4.2000,71.0000,255.0000,35.5497,0.0027,0.2819,0.2920,0.0033,0,1,0,0,0,0,0,0
12.5184,298.0000,4.2000,71.0000,255.0000,35.5553,0.0025,0.2820,0.2920,0.0031,0,1,0,0,0,0,0,0
12.5365,297.0000,4.2000,71.0000,255.0000,35.4898,0.0044,0.2819,0.2919,0.0038,0,1,0,0,0,0,0,0
12.5572,296.0000,4.2000,71.0000,255.0000,35.4864,0.0045,0.2819,0.2919,0.0042,0,1,0,0,0,0,0,0
12.5796,295.0000,4.2000,72.0000,255.0000,35.4918,0.0043,0.2820,0.2919,0.0044,0,1,0,0,0,0,0,0
12.6006,294.0000,4.2000,72.0000,255.0000,35.4836,0.0045,0.2820,0.2919,0.0046,0,1,0,0,0,0,0,0
12.6206,293.0000,4.2000,72.0000,255.0000,35.4990,0.0041,0.2820,0.2919,0.0045,0,1,0,0,0,0,0,0
12.6418,293.0000,4.2000,72.0000,255.0000,35.5195,0.0035,0.2819,0.2919,0.0043,0,1,0,0,0,0,0,0
12.6669,291.0000,4.2000,72.0000,255.0000,35.5077,0.0039,0.2820,0.2919,0.0042,0,1,0,0,0,0,0,0
12.6861,291.0000,4.2000,72.0000,255.0000,35.4904,0.0043,0.2819,0.2919,0.0044,0,1,0,0,0,0,0,0
12.7035,290.0000,4.2000,72.0000,255.0000,35.4597,0.0052,0.2820,0.2919,0.0049,0,1,0,0,0,0,0,0
12.7203,289.0000,4.2000,72.0000,255.0000,35.4470,0.0056,0.2820,0.2919,0.0053,0,1,0,0,0,0,0,0
12.7365,289.0000,4.2000,72.0000,255.0000,35.4541,0.0054,0.2821,0.2920,0.0055,0,1,0,0,0,0,0,0
12.7569,288.0000,4.2000,72.0000,255.0000,35.4697,0.0049,0.2821,0.2921,0.0054,0,1,0,0,0,0,0,0
12.7733,287.0000,4.2000,72.0000,255.0000,35.4542,0.0054,0.2821,0.2922,0.0055,0,1,0,0,0,0,0,0
12.8629,283.0000,4.2000,73.0000,255.0000,35.3885,0.0072,0.2828,0.2928,0.0063,0,1,0,0,0,0,0,0
12.8839,282.0000,4.2000,73.0000,255.0000,35.4107,0.0066,0.2828,0.2928,0.0066,0,1,0,0,0,0,0,0
12.9026,282.0000,4.2000,73.0000,255.0000,35.3898,0.0072,0.2829,0.2928,0.0070,0,1,0,0,0,0,0,0
12.9219,281.0000,4.2000,73.0000,255.0000,35.3600,0.0080,0.2829,0.2928,0.0075,0,1,0,0,0,0,0,0
12.9400,280.0000,4.2000,73.0000,255.0000,35.4004,0.0069,0.2829,0.2929,0.0074,0,1,0,0,0,0,0,0
12.9568,279.0000,4.2000,73.0000,255.0000,35.3955,0.0070,0.2830,0.2929,0.0074,0,1,0,0,0,0,0,0
12.9734,279.0000,4.2000,73.0000,255.0000,35.3598,0.0080,0.2830,0.2929,0.0078,0,1,0,0,0,0,0,0
12.9967,277.0000,4.2000,73.0000,255.0000,35.3311,0.0088,0.2831,0.2929,0.0083,0,1,0,0,0,0,0,0
13.0172,277.0000,4.2000,73.0000,255.0000,35.2935,0.0099,0.2831,0.2929,0.0091,0,1,0,0,0,0,0,0
13.0357,276.0000,4.2000,73.0000,255.0000,35.2965,0.0098,0.2831,0.2929,0.0095,0,1,0,0,0,0,0,0
13.0525,275.0000,4.2000,73.0000,255.0000,35.3333,0.0088,0.2832,0.2930,0.0093,0,1,0,0,0,0,0,0
13.0696,275.0000,4.2000,73.0000,255.0000,35.3490,0.0083,0.2831,0.2930,0.0091,0,1,0,0,0,0,0,0
13.0903,274.0000,4.2000,73.0000,255.0000,35.3347,0.0087,0.2832,0.2930,0.0091,0,1,0,0,0,0,0,0
13.1134,273.0000,4.2000,74.0000,255.0000,35.3059,0.0095,0.2832,0.2930,0.0094,0,1,0,0,0,0,0,0
13.1336,272.0000,4.2000,74.0000,255.0000,35.2800,0.0103,0.2833,0.2931,0.0099,0,1,0,0,0,0,0,0
13.1530,271.0000,4.2000,74.0000,255.0000,35.2638,0.0107,0.2833,0.2931,0.0103,0,1,0,0,0,0,0,0
13.1694,270.0000,4.2000,74.0000,255.0000,35.3009,0.0097,0.2832,0.2931,0.0102,0,1,0,0,0,0,0,0
13.1900,270.0000,4.2000,74.0000,255.0000,35.3117,0.0094,0.2833,0.2931,0.0100,0,1,0,0,0,0,0,0
13.2068,269.0000,4.2000,74.0000,255.0000,35.2818,0.0102,0.2833,0.2932,0.0102,0,1,0,0,0,0,0,0
13.2242,268.0000,4.2000,74.0000,255.0000,35.2765,0.0104,0.2833,0.2932,0.0104,0,1,0,0,0,0,0,0
13.2505,267.0000,4.2000,74.0000,255.0000,35.2495,0.0111,0.2832,0.2933,0.0108,0,1,0,0,0,0,0,0
13.2695,266.0000,4.2000,74.0000,255.0000,35.2315,0.0116,0.2834,0.2933,0.0113,0,1,0,0,0,0,0,0
13.2905,266.0000,4.2000,74.0000,255.0000,35.2211,0.0119,0.2834,0.2933,0.0117,0,1,0,0,0,0,0,0
13.3845,261.0000,4.2000,75.0000,255.0000,35.1116,0.0150,0.2837,0.2936,0.0131,0,1,0,0,0,0,0,0
13.4028,261.0000,4.2000,75.0000,255.0000,35.1116,0.0150,0.2837,0.2936,0.0140,0,1,0,0,0,0,0,0
13.4249,260.0000,4.2000,75.0000,255.0000,35.1136,0.0149,0.2838,0.2937,0.0145,0,1,0,0,0,0,0,0
13.4455,259.0000,4.2000,75.0000,255.0000,35.0943,0.0155,0.2839,0.2937,0.0150,0,1,0,0,0,0,0,0
13.4662,258.0000,4.2000,75.0000,255.0000,35.0847,0.0157,0.2839,0.2938,0.0154,0,1,0,0,0,0,0,0
13.4872,257.0000,4.2000,75.0000,255.0000,35.1315,0.0144,0.2836,0.2935,0.0152,0,1,0,0,0,0,0,0
13.5046,256.0000,4.2000,75.0000,255.0000,35.1107,0.0150,0.2837,0.2935,0.0152,0,1,0,0,0,0,0,0
13.5211,256.0000,4.2000,75.0000,255.0000,35.0802,0.0159,0.2838,0.2937,0.0156,0,1,0,0,0,0,0,0
13.5397,255.0000,4.2000,75.0000,255.0000,35.0424,0.0169,0.2840,0.2937,0.0163,0,1,0,0,0,0,0,0
13.5573,254.0000,4.2000,75.0000,255.0000,35.0429,0.0169,0.2842,0.2938,0.0167,0,1,0,0,0,0,0,0
13.5797,253.0000,4.2000,75.0000,255.0000,35.0510,0.0167,0.2845,0.2940,0.0168,0,1,0,0,0,0,0,0
13.6009,252.0000,4.2000,75.0000,255.0000,35.0150,0.0177,0.2845,0.2940,0.0173,0,1,0,0,0,0,0,0
13.6180,252.0000,4.2000,75.0000,255.0000,35.0211,0.0175,0.2844,0.2940,0.0175,0,1,0,0,0,0,0,0
13.6357,251.0000,4.2000,76.0000,255.0000,35.0103,0.0178,0.2844,0.2941,0.0178,0,1,0,0,0,0,0,0
13.6531,250.0000,4.2000,76.0000,255.0000,35.0162,0.0177,0.2844,0.2941,0.0179,0,1,0,0,0,0,0,0
13.6737,250.0000,4.2000,76.0000,255.0000,34.9813,0.0186,0.2845,0.2942,0.0183,0,1,0,0,0,0,0,0
13.6979,248.0000,4.2000,76.0000,255.0000,35.0053,0.0180,0.2841,0.2938,0.0183,0,1,0,0,0,0,0,0
13.7166,247.0000,4.2000,76.0000,255.0000,35.0273,0.0173,0.2841,0.2939,0.0181,0,1,0,0,0,0,0,0
13.7370,247.0000,4.2000,76.0000,255.0000,35.0322,0.0172,0.2842,0.2939,0.0179,0,1,0,0,0,0,0,0
13.7579,246.0000,4.2000,76.0000,255.0000,35.0085,0.0179,0.2842,0.2939,0.0180,0,1,0,0,0,0,0,0
13.7799,245.0000,4.2000,76.0000,255.0000,34.9873,0.0185,0.2843,0.2939,0.0183,0,1,0,0,0,0,0,0
13.7997,244.0000,4.2000,76.0000,255.0000,34.9772,0.0187,0.2843,0.2940,0.0186,0,1,0,0,0,0,0,0
13.8912,240.0000,4.2000,76.0000,255.0000,34.9569,0.0193,0.2846,0.2942,0.0190,0,1,0,0,0,0,0,0
13.9119,239.0000,4.2000,77.0000,255.0000,34.9818,0.0186,0.2847,0.2943,0.0190,0,1,0,0,0,0,0,0
13.9335,238.0000,4.2000,77.0000,255.0000,34.9797,0.0187,0.2847,0.2944,0.0190,0,1,0,0,0,0,0,0
13.9524,238.0000,4.2000,77.0000,255.0000,34.9406,0.0198,0.2848,0.2944,0.0195,0,1,0,0,0,0,0,0
13.9697,237.0000,4.2000,77.0000,255.0000,34.9440,0.0197,0.2849,0.2945,0.0197,0,1,0,0,0,0,0,0
13.9860,236.0000,4.2000,77.0000,255.0000,34.9697,0.0190,0.2849,0.2945,0.0195,0,1,0,0,0,0,0,0
14.0068,236.0000,4.2000,77.0000,255.0000,34.9914,0.0184,0.2849,0.2946,0.0192,0,1,0,0,0,0,0,0
14.0235,235.0000,4.2000,77.0000,255.0000,34.9902,0.0184,0.2850,0.2946,0.0190,0,1,0,0,0,0,0,0
14.0410,234.0000,4.2000,77.0000,255.0000,34.9978,0.0182,0.2850,0.2947,0.0188,0,1,0,0,0,0,0,0
14.0627,233.0000,4.2000,77.0000,255.0000,35.0009,0.0181,0.2852,0.2949,0.0187,0,1,0,0,0,0,0,0
14.0826,232.0000,4.2000,77.0000,255.0000,35.0079,0.0179,0.2852,0.2949,0.0185,0,1,0,0,0,0,0,0
14.1024,231.0000,4.2000,77.0000,255.0000,35.0326,0.0172,0.2853,0.2950,0.0181,0,1,0,0,0,0,0,0
14.1191,231.0000,4.2000,77.0000,255.0000,35.0434,0.0169,0.2854,0.2951,0.0178,0,1,0,0,0,0,0,0
14.1362,230.0000,4.2000,77.0000,255.0000,35.0597,0.0164,0.2855,0.2952,0.0174,0,1,0,0,0,0,0,0
14.1571,229.0000,4.2000,77.0000,255.0000,35.0745,0.0160,0.2854,0.2952,0.0170,0,1,0,0,0,0,0,0
14.1789,228.0000,4.2000,78.0000,255.0000,35.0843,0.0157,0.2856,0.2954,0.0166,0,1,0,0,0,0,0,0
14.1996,227.0000,4.2000,78.0000,255.0000,35.0650,0.0163,0.2857,0.2954,0.0166,0,1,0,0,0,0,0,0
14.2200,227.0000,4.2000,78.0000,255.0000,35.0758,0.0160,0.2858,0.2955,0.0165,0,1,0,0,0,0,0,0
14.2414,226.0000,4.2000,78.0000,255.0000,35.1364,0.0143,0.2858,0.2956,0.0157,0,1,0,0,0,0,0,0
14.2635,225.0000,0.0000,78.0000,255.0000,35.1480,0.0140,0.2859,0.2957,0.0152,0,1,0,0,0,0,0,0
14.2838,226.0000,0.0000,78.0000,255.0000,35.1774,0.0131,0.2859,0.2957,0.0145,0,1,0,0,0,0,0,0
14.3025,226.0000,0.0000,78.0000,255.0000,35.2000,0.0125,0.2859,0.2958,0.0138,0,1,0,0,0,0,0,0
14.3973,226.0000,0.0000,78.0000,255.0000,35.3409,0.0085,0.2850,0.2949,0.0119,0,1,0,0,0,0,0,0
14.4166,226.0000,0.0000,78.0000,255.0000,35.3800,0.0074,0.2848,0.2946,0.0102,0,1,0,0,0,0,0,0
14.4360,225.0000,0.0000,79.0000,255.0000,35.4037,0.0068,0.2846,0.2944,0.0090,0,1,0,0,0,0,0,0
14.4568,226.0000,0.0000,79.0000,255.0000,35.4464,0.0056,0.2844,0.2942,0.0078,0,1,0,0,0,0,0,0
14.4821,226.0000,0.0000,79.0000,255.0000,35.5308,0.0032,0.2836,0.2935,0.0061,0,1,0,0,0,0,0,0
14.5004,226.0000,0.0000,79.0000,255.0000,35.5314,0.0032,0.2835,0.2934,0.0051,0,1,0,0,0,0,0,0
14.5189,226.0000,0.0000,79.0000,255.0000,35.5474,0.0028,0.2835,0.2933,0.0043,0,1,0,0,0,0,0,0
14.5357,226.0000,0.0000,79.0000,255.0000,35.5907,0.0015,0.2834,0.2932,0.0033,0,1,0,0,0,0,0,0
14.5531,226.0000,0.0000,79.0000,255.0000,35.6140,0.0009,0.2833,0.2931,0.0025,0,1,0,0,0,0,0,0
14.5731,226.0000,0.0000,79.0000,255.0000,35.6455,0.0000,0.2831,0.2931,0.0016,0,1,0,0,0,0,0,0
14.5906,225.0000,0.0000,79.0000,255.0000,35.6215,0.0007,0.2832,0.2930,0.0014,0,1,0,0,0,0,0,0
14.6132,226.0000,0.0000,79.0000,255.0000,35.6055,0.0011,0.2831,0.2929,0.0014,0,1,0,0,0,0,0,0
14.6329,226.0000,0.0000,79.0000,255.0000,35.6276,0.0005,0.2829,0.2927,0.0012,0,1,0,0,0,0,0,0
14.6527,226.0000,0.0000,79.0000,255.0000,35.6669,0.0000,0.2826,0.2925,0.0007,0,1,0,0,0,0,0,0
14.6738,226.0000,0.0000,79.0000,255.0000,35.6989,0.0000,0.2822,0.2922,0.0004,0,1,0,0,0,0,0,0
14.6978,226.0000,0.0000,80.0000,255.0000,35.7561,0.0000,0.2820,0.2918,0.0003,0,1,0,0,0,0,0,0
14.7163,226.0000,0.0000,80.0000,255.0000,35.7461,0.0000,0.2820,0.2918,0.0002,0,1,0,0,0,0,0,0
14.7363,226.0000,0.0000,80.0000,255.0000,35.7298,0.0000,0.2821,0.2918,0.0001,0,1,0,0,0,0,0,0
14.7569,226.0000,0.0000,80.0000,255.0000,35.7186,0.0000,0.2822,0.2919,0.0001,0,1,0,0,0,0,0,0
14.7786,226.0000,0.0000,80.0000,255.0000,35.7152,0.0000,0.2822,0.2919,0.0000,0,1,0,0,0,0,0,0
14.7989,226.0000,0.0000,80.0000,255.0000,35.6896,0.0000,0.2821,0.2918,0.0000,0,1,0,0,0,0,0,0
14.8161,226.0000,0.0000,80.0000,255.0000,35.6683,0.0000,0.2821,0.2918,0.0000,0,1,0,0,0,0,0,0
14.9089,226.0000,0.0000,80.0000,255.0000,35.6680,0.0000,0.2818,0.2917,0.0000,0,1,0,0,0,0,0,0
14.9285,226.0000,0.0000,80.0000,255.0000,35.6271,0.0005,0.2818,0.2916,0.0003,0,1,0,0,0,0,0,0
14.9500,226.0000,0.0000,80.0000,255.0000,35.6472,0.0000,0.2818,0.2916,0.0003,0,1,0,0,0,0,0,0
14.9707,225.0000,0.0000,81.0000,255.0000,35.6611,0.0000,0.2818,0.2916,0.0002,0,1,0,0,0,0,0,0
14.9903,226.0000,0.0000,81.0000,255.0000,35.6704,0.0000,0.2818,0.2916,0.0001,0,1,0,0,0,0,0,0
15.0145,226.0000,0.0000,81.0000,255.0000,35.6467,0.0000,0.2817,0.2916,0.0002,0,1,0,0,0,0,0,0
15.0332,226.0000,0.0000,81.0000,255.0000,35.6404,0.0001,0.2818,0.2916,0.0003,0,1,0,0,0,0,0,0
15.0530,226.0000,0.0000,81.0000,255.0000,35.6045,0.0012,0.2818,0.2915,0.0008,0,1,0,0,0,0,0,0
15.0739,226.0000,0.0000,81.0000,255.0000,35.6102,0.0010,0.2818,0.2915,0.0010,0,1,0,0,0,0,0,0
15.0966,226.0000,0.0000,81.0000,255.0000,35.5767,0.0019,0.2818,0.2916,0.0015,0,1,0,0,0,0,0,0
15.1162,226.0000,0.0000,81.0000,255.0000,35.5989,0.0013,0.2817,0.2916,0.0016,0,1,0,0,0,0,0,0
15.1370,226.0000,0.0000,81.0000,255.0000,35.6136,0.0009,0.2817,0.2916,0.0014,0,1,0,0,0,0,0,0
15.1564,226.0000,0.0000,81.0000,255.0000,35.6233,0.0006,0.2817,0.2916,0.0013,0,1,0,0,0,0,0,0
15.1772,226.0000,0.0000,81.0000,255.0000,35.6030,0.0012,0.2816,0.2915,0.0014,0,1,0,0,0,0,0,0
15.1957,226.0000,0.0000,81.0000,255.0000,35.5631,0.0023,0.2817,0.2915,0.0019,0,1,0,0,0,0,0,0
15.2158,226.0000,0.0000,81.0000,255.0000,35.5637,0.0023,0.2817,0.2915,0.0022,0,1,0,0,0,0,0,0
15.2365,226.0000,0.0000,82.0000,255.0000,35.5726,0.0020,0.2817,0.2915,0.0023,0,1,0,0,0,0,0,0
15.2594,226.0000,0.0000,82.0000,255.0000,35.5652,0.0023,0.2817,0.2915,0.0024,0,1,0,0,0,0,0,0
15.2779,226.0000,0.0000,82.0000,255.0000,35.6109,0.0010,0.2817,0.2915,0.0020,0,1,0,0,0,0,0,0
15.2999,226.0000,0.0000,82.0000,255.0000,35.5964,0.0014,0.2817,0.2915,0.0019,0,1,0,0,0,0,0,0
15.3201,226.0000,0.0000,82.0000,255.0000,35.5535,0.0026,0.2818,0.2915,0.0023,0,1,0,0,0,0,0,0
15.4121,226.0000,0.0000,82.0000,255.0000,35.5809,0.0018,0.2818,0.2916,0.0022,0,1,0,0,0,0,0,0
15.4335,226.0000,0.0000,82.0000,255.0000,35.6219,0.0007,0.2818,0.2916,0.0017,0,1,0,0,0,0,0,0
15.4532,226.0000,0.0000,82.0000,255.0000,35.6394,0.0002,0.2818,0.2916,0.0013,0,1,0,0,0,0,0,0
15.4769,225.0000,0.0000,82.0000,255.0000,35.6445,0.0000,0.2818,0.2916,0.0009,0,1,0,0,0,0,0,0
15.4960,225.0000,0.0000,83.0000,255.0000,35.6682,0.0000,0.2818,0.2916,0.0005,0,1,0,0,0,0,0,0
15.5164,226.0000,0.0000,83.0000,255.0000,35.6714,0.0000,0.2819,0.2916,0.0003,0,1,0,0,0,0,0,0
15.5357,226.0000,0.0000,83.0000,255.0000,35.6632,0.0000,0.2818,0.2917,0.0002,0,1,0,0,0,0,0,0
15.5524,226.0000,0.0000,83.0000,255.0000,35.7085,0.0000,0.2818,0.2916,0.0001,0,1,0,0,0,0,0,0
15.5702,225.0000,0.0000,83.0000,255.0000,35.7348,0.0000,0.2818,0.2916,0.0001,0,1,0,0,0,0,0,0
15.5902,226.0000,0.0000,83.0000,255.0000,35.7430,0.0000,0.2818,0.2916,0.0000,0,1,0,0,0,0,0,0
15.6129,225.0000,0.0000,83.0000,255.0000,35.7126,0.0000,0.2818,0.2916,0.0000,0,1,0,0,0,0,0,0
15.6343,226.0000,0.0000,83.0000,255.0000,35.7093,0.0000,0.2819,0.2916,0.0000,0,1,0,0,0,0,0,0
15.6521,226.0000,0.0000,83.0000,255.0000,35.7112,0.0000,0.2819,0.2916,0.0000,0,1,0,0,0,0,0,0
15.6688,226.0000,0.0000,83.0000,255.0000,35.7472,0.0000,0.2818,0.2917,0.0000,0,1,0,0,0,0,0,0
15.6857,226.0000,0.0000,83.0000,255.0000,35.7810,0.0000,0.2818,0.2916,0.0000,0,1,0,0,0,0,0,0
15.7030,226.0000,0.0000,83.0000,255.0000,35.7453,0.0000,0.2818,0.2917,0.0000,0,1,0,0,0,0,0,0
15.7244,226.0000,0.0000,83.0000,255.0000,35.7722,0.0000,0.2819,0.2916,0.0000,0,1,0,0,0,0,0,0
15.7449,225.0000,0.0000,83.0000,255.0000,35.8081,0.0000,0.2820,0.2917,0.0000,0,1,0,0,0,0,0,0
15.7665,226.0000,0.0000,84.0000,255.0000,35.8032,0.0000,0.2819,0.2917,0.0000,0,1,0,0,0,0,0,0
15.7858,226.0000,0.0000,84.0000,255.0000,35.8246,0.0000,0.2819,0.2917,0.0000,0,1,0,0,0,0,0,0
15.8027,225.0000,0.0000,84.0000,255.0000,35.8355,0.0000,0.2819,0.2918,0.0000,0,1,0,0,0,0,0,0
15.8235,226.0000,0.0000,84.0000,255.0000,35.8734,0.0000,0.2819,0.2918,0.0000,0,1,0,0,0,0,0,0
15.9174,226.0000,0.0000,84.0000,255.0000,35.8403,0.0000,0.2819,0.2917,0.0000,0,1,0,0,0,0,0,0
15.9371,226.0000,0.0000,84.0000,255.0000,35.8425,0.0000,0.2820,0.2919,0.0000,0,1,0,0,0,0,0,0
15.9581,225.0000,0.0000,84.0000,255.0000,35.8459,0.0000,0.2821,0.2920,0.0000,0,1,0,0,0,0,0,0
15.9798,226.0000,0.0000,84.0000,255.0000,35.8518,0.0000,0.2821,0.2921,0.0000,0,1,0,0,0,0,0,0
15.9992,225.0000,0.0000,84.0000,255.0000,35.8400,0.0000,0.2820,0.2920,0.0000,0,1,0,0,0,0,0,0
16.0176,225.0000,0.0000,84.0000,255.0000,35.8438,0.0000,0.2820,0.2919,0.0000,0,1,0,0,0,0,0,0
16.0358,226.0000,0.0000,85.0000,255.0000,35.8357,0.0000,0.2819,0.2918,0.0000,0,1,0,0,0,0,0,0
16.0523,225.0000,0.0000,85.0000,255.0000,35.8091,0.0000,0.2819,0.2917,0.0000,0,1,0,0,0,0,0,0
16.0734,226.0000,0.0000,85.0000,255.0000,35.8108,0.0000,0.2819,0.2917,0.0000,0,1,0,0,0,0,0,0
16.0949,226.0000,0.0000,85.0000,255.0000,35.8060,0.0000,0.2819,0.2918,0.0000,0,1,0,0,0,0,0,0
16.1175,226.0000,0.0000,85.0000,255.0000,35.8149,0.0000,0.2819,0.2918,0.0000,0,1,0,0,0,0,0,0
16.1360,226.0000,0.0000,85.0000,255.0000,35.8105,0.0000,0.2819,0.2918,0.0000,0,1,0,0,0,0,0,0
16.1564,226.0000,0.0000,85.0000,255.0000,35.8214,0.0000,0.2819,0.2918,0.0000,0,1,0,0,0,0,0,0
16.1727,226.0000,0.0000,85.0000,255.0000,35.7957,0.0000,0.2819,0.2918,0.0000,0,1,0,0,0,0,0,0
16.1961,226.0000,0.0000,85.0000,255.0000,35.7469,0.0000,0.2820,0.2918,0.0000,0,1,0,0,0,0,0,0
16.2159,226.0000,0.0000,85.0000,255.0000,35.7686,0.0000,0.2819,0.2918,0.0000,0,1,0,0,0,0,0,0
16.2359,226.0000,0.0000,85.0000,255.0000,35.7596,0.0000,0.2819,0.2918,0.0000,0,1,0,0,0,0,0,0
16.2567,225.0000,0.0000,85.0000,255.0000,35.7403,0.0000,0.2819,0.2918,0.0000,0,1,0,0,0,0,0,0
16.2775,226.0000,0.0000,85.0000,255.0000,35.6990,0.0000,0.2819,0.2918,0.0000,0,1,0,0,0,0,0,0
16.2991,226.0000,0.0000,86.0000,255.0000,35.6861,0.0000,0.2820,0.2918,0.0000,0,1,0,0,0,0,0,0
16.3190,226.0000,0.0000,86.0000,255.0000,35.6884,0.0000,0.2819,0.2918,0.0000,0,1,0,0,0,0,0,0
16.3360,226.0000,0.0000,86.0000,255.0000,35.6641,0.0000,0.2819,0.2918,0.0000,0,1,0,0,0,0,0,0
16.4293,226.0000,0.0000,86.0000,255.0000,35.6553,0.0000,0.2818,0.2918,0.0000,0,1,0,0,0,0,0,0
16.4496,226.0000,0.0000,86.0000,255.0000,35.5829,0.0018,0.2819,0.2918,0.0009,0,1,0,0,0,0,0,0
16.4694,226.0000,0.0000,86.0000,255.0000,35.5796,0.0018,0.2819,0.2918,0.0014,0,1,0,0,0,0,0,0
16.4904,225.0000,0.0000,86.0000,255.0000,35.6100,0.0010,0.2819,0.2918,0.0014,0,1,0,0,0,0,0,0
16.5118,226.0000,0.0000,86.0000,255.0000,35.5920,0.0015,0.2819,0.2918,0.0016,0,1,0,0,0,0,0,0
16.5318,226.0000,0.0000,86.0000,255.0000,35.5679,0.0022,0.2819,0.2918,0.0019,0,1,0,0,0,0,0,0
16.5523,226.0000,0.0000,86.0000,255.0000,35.5422,0.0029,0.2819,0.2919,0.0025,0,1,0,0,0,0,0,0
16.5692,226.0000,0.0000,87.0000,255.0000,35.5187,0.0036,0.2819,0.2919,0.0030,0,1,0,0,0,0,0,0
16.5909,225.0000,0.0000,87.0000,255.0000,35.4861,0.0045,0.2819,0.2919,0.0038,0,1,0,0,0,0,0,0
16.6085,226.0000,0.0000,87.0000,255.0000,35.4814,0.0046,0.2819,0.2918,0.0042,0,1,0,0,0,0,0,0
16.6292,225.0000,0.0000,87.0000,255.0000,35.4685,0.0050,0.2820,0.2919,0.0047,0,1,0,0,0,0,0,0
16.6501,226.0000,0.0000,87.0000,255.0000,35.4564,0.0053,0.2819,0.2919,0.0051,0,1,0,0,0,0,0,0
16.6699,226.0000,0.0000,87.0000,255.0000,35.4396,0.0058,0.2819,0.2919,0.0055,0,1,0,0,0,0,0,0
16.6899,225.0000,0.0000,87.0000,255.0000,35.4137,0.0065,0.2819,0.2919,0.0060,0,1,0,0,0,0,0,0
16.7096,226.0000,0.0000,87.0000,255.0000,35.3741,0.0076,0.2820,0.2919,0.0068,0,1,0,0,0,0,0,0
16.7279,225.0000,0.0000,87.0000,255.0000,35.3807,0.0074,0.2818,0.2919,0.0072,0,1,0,0,0,0,0,0
16.7507,226.0000,0.0000,87.0000,255.0000,35.3569,0.0081,0.2820,0.2919,0.0077,0,1,0,0,0,0,0,0
16.7684,226.0000,0.0000,87.0000,255.0000,35.3112,0.0094,0.2820,0.2919,0.0085,0,1,0,0,0,0,0,0
16.7867,226.0000,0.0000,87.0000,255.0000,35.3157,0.0093,0.2819,0.2919,0.0089,0,1,0,0,0,0,0,0
16.8030,226.0000,0.0000,87.0000,255.0000,35.3165,0.0092,0.2820,0.2920,0.0092,0,1,0,0,0,0,0,0
16.8237,226.0000,0.0000,87.0000,255.0000,35.3034,0.0096,0.2820,0.2920,0.0095,0,1,0,0,0,0,0,0
16.8458,226.0000,0.0000,88.0000,255.0000,35.2925,0.0099,0.2820,0.2920,0.0098,0,1,0,0,0,0,0,0
16.9359,225.0000,0.0000,88.0000,255.0000,35.2455,0.0112,0.2820,0.2920,0.0105,0,1,0,0,0,0,0,0
16.9575,226.0000,0.0000,88.0000,255.0000,35.2580,0.0109,0.2820,0.2920,0.0108,0,1,0,0,0,0,0,0
16.9783,225.0000,0.0000,88.0000,255.0000,35.2697,0.0105,0.2819,0.2921,0.0108,0,1,0,0,0,0,0,0
16.9990,226.0000,0.0000,88.0000,255.0000,35.2294,0.0117,0.2821,0.2920,0.0113,0,1,0,0,0,0,0,0
17.0189,226.0000,0.0000,88.0000,255.0000,35.2412,0.0113,0.2821,0.2920,0.0115,0,1,0,0,0,0,0,0
17.0361,226.0000,0.0000,88.0000,255.0000,35.2498,0.0111,0.2821,0.2921,0.0115,0,1,0,0,0,0,0,0
17.0561,226.0000,0.0000,88.0000,255.0000,35.2651,0.0107,0.2820,0.2921,0.0113,0,1,0,0,0,0,0,0
17.0725,226.0000,0.0000,88.0000,255.0000,35.2641,0.0107,0.2821,0.2921,0.0112,0,1,0,0,0,0,0,0
17.0909,226.0000,0.0000,88.0000,255.0000,35.2640,0.0107,0.2820,0.2921,0.0111,0,1,0,0,0,0,0,0
17.1116,226.0000,0.0000,89.0000,255.0000,35.1815,0.0130,0.2819,0.2921,0.0120,0,1,0,0,0,0,0,0
17.1319,226.0000,0.0000,89.0000,255.0000,35.1703,0.0133,0.2820,0.2923,0.0127,0,1,0,0,0,0,0,0
17.1526,226.0000,0.0000,89.0000,255.0000,35.1799,0.0131,0.2820,0.2924,0.0130,0,1,0,0,0,0,0,0
17.1699,226.0000,0.0000,89.0000,255.0000,35.2026,0.0124,0.2821,0.2925,0.0129,0,1,0,0,0,0,0,0
17.1870,226.0000,0.0000,89.0000,255.0000,35.1978,0.0126,0.2821,0.2925,0.0129,0,1,0,0,0,0,0,0
17.2069,226.0000,0.0000,89.0000,255.0000,35.1732,0.0133,0.2820,0.2924,0.0132,0,1,0,0,0,0,0,0
17.2274,225.0000,0.0000,89.0000,255.0000,35.1428,0.0141,0.2820,0.2922,0.0137,0,1,0,0,0,0,0,0
17.2506,226.0000,0.0000,89.0000,255.0000,35.1168,0.0148,0.2819,0.2921,0.0143,0,1,0,0,0,0,0,0
17.2694,226.0000,0.0000,89.0000,255.0000,35.1232,0.0147,0.2819,0.2921,0.0146,0,1,0,0,0,0,0,0
17.2868,226.0000,0.0000,89.0000,255.0000,35.1278,0.0145,0.2819,0.2921,0.0147,0,1,0,0,0,0,0,0
17.3065,225.0000,0.0000,89.0000,255.0000,35.1377,0.0142,0.2820,0.2921,0.0146,0,1,0,0,0,0,0,0
17.3235,226.0000,0.0000,89.0000,255.0000,35.1245,0.0146,0.2820,0.2922,0.0148,0,1,0,0,0,0,0,0
17.3454,226.0000,0.0000,89.0000,255.0000,35.2002,0.0125,0.2819,0.2923,0.0140,0,1,0,0,0,0,0,0
17.3660,225.0000,0.0000,90.0000,255.0000,35.2123,0.0122,0.2819,0.2923,0.0134,0,1,0,0,0,0,0,0
17.4571,226.0000,0.0000,90.0000,255.0000,35.2113,0.0122,0.2821,0.2924,0.0130,0,1,0,0,0,0,0,0
17.4783,226.0000,0.0000,90.0000,255.0000,35.2689,0.0106,0.2820,0.2924,0.0122,0,1,0,0,0,0,0,0
17.4992,226.0000,0.0000,90.0000,255.0000,35.2917,0.0099,0.2820,0.2924,0.0114,0,1,0,0,0,0,0,0
17.5192,226.0000,0.0000,90.0000,255.0000,35.3074,0.0095,0.2821,0.2925,0.0108,0,1,0,0,0,0,0,0
17.5355,226.0000,0.0000,90.0000,255.0000,35.2811,0.0102,0.2821,0.2925,0.0107,0,1,0,0,0,0,0,0
17.5538,226.0000,0.0000,90.0000,255.0000,35.2714,0.0105,0.2822,0.2925,0.0108,0,1,0,0,0,0,0,0
17.5728,226.0000,0.0000,90.0000,255.0000,35.2733,0.0104,0.2822,0.2925,0.0108,0,1,0,0,0,0,0,0
17.5902,226.0000,0.0000,90.0000,255.0000,35.2729,0.0105,0.2821,0.2925,0.0108,0,1,0,0,0,0,0,0
17.6126,226.0000,0.0000,90.0000,255.0000,35.3249,0.0090,0.2821,0.2926,0.0102,0,1,0,0,0,0,0,0
17.6324,226.0000,0.0000,91.0000,255.0000,35.3215,0.0091,0.2821,0.2925,0.0099,0,1,0,0,0,0,0,0
17.6536,226.0000,0.0000,91.0000,255.0000,35.3346,0.0087,0.2821,0.2925,0.0096,0,1,0,0,0,0,0,0
17.6727,226.0000,0.0000,91.0000,255.0000,35.3699,0.0077,0.2821,0.2925,0.0090,0,1,0,0,0,0,0,0
17.6902,226.0000,0.0000,91.0000,255.0000,35.3596,0.0080,0.2821,0.2925,0.0087,0,1,0,0,0,0,0,0
17.7070,226.0000,0.0000,91.0000,255.0000,35.3442,0.0085,0.2822,0.2926,0.0088,0,1,0,0,0,0,0,0
17.7287,226.0000,0.0000,91.0000,255.0000,35.3446,0.0084,0.2822,0.2926,0.0088,0,1,0,0,0,0,0,0
17.7490,225.0000,0.0000,91.0000,255.0000,35.3689,0.0078,0.2822,0.2926,0.0085,0,1,0,0,0,0,0,0
17.7695,226.0000,0.0000,91.0000,255.0000,35.3881,0.0072,0.2824,0.2926,0.0081,0,1,0,0,0,0,0,0
17.7917,226.0000,0.0000,91.0000,255.0000,35.4100,0.0066,0.2823,0.2926,0.0077,0,1,0,0,0,0,0,0
17.8109,226.0000,0.0000,91.0000,255.0000,35.3612,0.0080,0.2824,0.2926,0.0079,0,1,0,0,0,0,0,0
17.8312,226.0000,0.0000,91.0000,255.0000,35.3146,0.0093,0.2824,0.2926,0.0086,0,1,0,0,0,0,0,0
17.8485,226.0000,0.0000,91.0000,255.0000,35.3457,0.0084,0.2824,0.2926,0.0087,0,1,0,0,0,0,0,0
17.8686,226.0000,0.0000,91.0000,255.0000,35.3535,0.0082,0.2824,0.2926,0.0086,0,1,0,0,0,0,0,0
17.9568,226.0000,0.0000,92.0000,255.0000,35.4052,0.0067,0.2823,0.2927,0.0080,0,1,0,0,0,0,0,0
17.9778,226.0000,0.0000,92.0000,255.0000,35.3958,0.0070,0.2823,0.2927,0.0077,0,1,0,0,0,0,0,0
17.9998,226.0000,0.0000,92.0000,255.0000,35.3850,0.0073,0.2824,0.2927,0.0077,0,1,0,0,0,0,0,0
18.0186,226.0000,0.0000,92.0000,255.0000,35.3865,0.0073,0.2824,0.2927,0.0077,0,1,0,0,0,0,0,0
18.0354,226.0000,0.0000,92.0000,255.0000,35.3909,0.0071,0.2824,0.2927,0.0076,0,1,0,0,0,0,0,0
18.0528,226.0000,0.0000,92.0000,255.0000,35.4247,0.0062,0.2822,0.2927,0.0072,0,1,0,0,0,0,0,0
18.0728,226.0000,0.0000,92.0000,255.0000,35.4454,0.0056,0.2823,0.2927,0.0067,0,1,0,0,0,0,0,0
18.0895,226.0000,0.0000,92.0000,255.0000,35.4170,0.0064,0.2823,0.2927,0.0067,0,1,0,0,0,0,0,0
18.1119,225.0000,0.0000,92.0000,255.0000,35.3937,0.0071,0.2823,0.2927,0.0070,0,1,0,0,0,0,0,0
18.1321,225.0000,0.0000,92.0000,255.0000,35.3481,0.0083,0.2823,0.2927,0.0077,0,1,0,0,0,0,0,0
18.1521,225.0000,0.0000,92.0000,255.0000,35.3481,0.0083,0.2823,0.2927,0.0081,0,1,0,0,0,0,0,0
18.1686,225.0000,0.0000,93.0000,255.0000,35.3727,0.0077,0.2823,0.2927,0.0080,0,1,0,0,0,0,0,0
18.1896,226.0000,0.0000,93.0000,255.0000,35.3671,0.0078,0.2823,0.2927,0.0081,0,1,0,0,0,0,0,0
18.2066,226.0000,0.0000,93.0000,255.0000,35.3691,0.0078,0.2821,0.2927,0.0081,0,1,0,0,0,0,0,0
18.2281,226.0000,0.0000,93.0000,255.0000,35.3209,0.0091,0.2823,0.2927,0.0086,0,1,0,0,0,0,0,0
18.2487,226.0000,0.0000,93.0000,255.0000,35.3101,0.0094,0.2823,0.2927,0.0091,0,1,0,0,0,0,0,0
18.2703,226.0000,0.0000,93.0000,255.0000,35.2830,0.0102,0.2823,0.2927,0.0097,0,1,0,0,0,0,0,0
18.2894,226.0000,0.0000,93.0000,255.0000,35.2985,0.0097,0.2823,0.2927,0.0098,0,1,0,0,0,0,0,0
18.3065,226.0000,0.0000,93.0000,255.0000,35.2823,0.0102,0.2823,0.2927,0.0101,0,1,0,0,0,0,0,0
18.3231,226.0000,0.0000,93.0000,255.0000,35.2741,0.0104,0.2823,0.2928,0.0104,0,1,0,0,0,0,0,0
18.3460,226.0000,0.0000,93.0000,255.0000,35.2960,0.0098,0.2824,0.2930,0.0103,0,1,0,0,0,0,0,0
18.3666,226.0000,0.0000,93.0000,255.0000,35.2777,0.0103,0.2825,0.2931,0.0104,0,1,0,0,0,0,0,0
18.3841,226.0000,0.0000,93.0000,255.0000,35.2736,0.0104,0.2826,0.2931,0.0106,0,1,0,0,0,0,0,0
18.4739,226.0000,0.0000,94.0000,255.0000,35.2497,0.0111,0.2823,0.2928,0.0109,0,1,0,0,0,0,0,0
18.4952,226.0000,0.0000,94.0000,255.0000,35.2326,0.0116,0.2823,0.2928,0.0113,0,1,0,0,0,0,0,0
18.5155,226.0000,0.0000,94.0000,255.0000,35.2334,0.0116,0.2823,0.2929,0.0116,0,1,0,0,0,0,0,0
18.5355,226.0000,0.0000,94.0000,255.0000,35.1968,0.0126,0.2823,0.2929,0.0121,0,1,0,0,0,0,0,0
18.5525,226.0000,0.0000,94.0000,255.0000,35.2153,0.0121,0.2822,0.2928,0.0122,0,1,0,0,0,0,0,0
18.5731,226.0000,0.0000,94.0000,255.0000,35.1918,0.0127,0.2823,0.2929,0.0126,0,1,0,0,0,0,0,0
18.5933,226.0000,0.0000,94.0000,255.0000,35.2013,0.0125,0.2824,0.2929,0.0127,0,1,0,0,0,0,0,0
18.6124,226.0000,0.0000,94.0000,255.0000,35.2106,0.0122,0.2824,0.2929,0.0126,0,1,0,0,0,0,0,0
18.6331,226.0000,0.0000,94.0000,255.0000,35.1975,0.0126,0.2824,0.2930,0.0127,0,1,0,0,0,0,0,0
18.6530,226.0000,0.0000,94.0000,255.0000,35.2033,0.0124,0.2823,0.2929,0.0127,0,1,0,0,0,0,0,0
18.6733,225.0000,0.0000,94.0000,255.0000,35.1900,0.0128,0.2824,0.2930,0.0129,0,1,0,0,0,0,0,0
18.6945,226.0000,0.0000,95.0000,255.0000,35.1532,0.0138,0.2824,0.2930,0.0134,0,1,0,0,0,0,0,0
18.7160,226.0000,0.0000,95.0000,255.0000,35.1761,0.0132,0.2824,0.2930,0.0134,0,1,0,0,0,0,0,0
18.7365,226.0000,0.0000,95.0000,255.0000,35.1675,0.0134,0.2823,0.2930,0.0136,0,1,0,0,0,0,0,0
18.7571,226.0000,0.0000,95.0000,255.0000,35.1548,0.0138,0.2824,0.2930,0.0138,0,1,0,0,0,0,0,0
18.7795,226.0000,0.0000,95.0000,255.0000,35.1061,0.0151,0.2824,0.2930,0.0145,0,1,0,0,0,0,0,0
18.8006,226.0000,0.0000,95.0000,255.0000,35.0920,0.0155,0.2824,0.2930,0.0150,0,1,0,0,0,0,0,0
18.8182,226.0000,0.0000,95.0000,255.0000,35.0697,0.0162,0.2824,0.2930,0.0156,0,1,0,0,0,0,0,0
18.8352,226.0000,0.0000,95.0000,255.0000,35.0709,0.0161,0.2824,0.2930,0.0160,0,1,0,0,0,0,0,0
18.8534,225.0000,0.0000,95.0000,255.0000,35.0346,0.0171,0.2824,0.2930,0.0166,0,1,0,0,0,0,0,0
18.8735,226.0000,0.0000,95.0000,255.0000,35.0392,0.0170,0.2824,0.2930,0.0169,0,1,0,0,0,0,0,0
18.9007,226.0000,0.0000,95.0000,255.0000,35.0393,0.0170,0.2823,0.2930,0.0171,0,1,0,0,0,0,0,0
19.0001,226.0000,0.0000,96.0000,255.0000,35.0123,0.0178,0.2823,0.2930,0.0175,0,1,0,0,0,0,0,0
19.0249,226.0000,0.0000,96.0000,255.0000,34.9789,0.0187,0.2823,0.2930,0.0181,0,1,0,0,0,0,0,0
19.0494,226.0000,0.0000,96.0000,255.0000,34.9743,0.0188,0.2824,0.2931,0.0185,0,1,0,0,0,0,0,0
19.0720,226.0000,0.0000,96.0000,255.0000,34.9423,0.0197,0.2823,0.2931,0.0191,0,1,0,0,0,0,0,0
19.0940,226.0000,0.0000,96.0000,255.0000,34.9329,0.0200,0.2824,0.2931,0.0196,0,1,0,0,0,0,0,0
19.1180,226.0000,0.0000,96.0000,255.0000,34.9034,0.0208,0.2823,0.2931,0.0202,0,1,0,0,0,0,0,0
19.1359,226.0000,0.0000,96.0000,255.0000,34.9252,0.0202,0.2823,0.2931,0.0204,0,1,0,0,0,0,0,0
19.1520,226.0000,0.0000,96.0000,255.0000,34.9044,0.0208,0.2823,0.2931,0.0207,0,1,0,0,0,0,0,0
19.1730,225.0000,0.0000,96.0000,255.0000,34.9156,0.0205,0.2822,0.2931,0.0207,0,1,0,0,0,0,0,0
19.1894,226.0000,0.0000,96.0000,255.0000,34.8989,0.0209,0.2823,0.2931,0.0210,0,1,0,0,0,0,0,0
19.2160,226.0000,0.0000,96.0000,255.0000,34.8736,0.0217,0.2823,0.2932,0.0214,0,1,0,0,0,0,0,0
19.2333,226.0000,0.0000,97.0000,255.0000,34.8414,0.0226,0.2823,0.2932,0.0220,0,1,0,0,0,0,0,0
19.2522,226.0000,0.0000,97.0000,255.0000,34.8490,0.0223,0.2823,0.2932,0.0223,0,1,0,0,0,0,0,0
19.2760,226.0000,0.0000,97.0000,255.0000,34.8266,0.0230,0.2824,0.2932,0.0227,0,1,0,0,0,0,0,0
19.2962,226.0000,0.0000,97.0000,255.0000,34.8520,0.0223,0.2823,0.2932,0.0226,0,1,0,0,0,0,0,0
19.3167,226.0000,0.0000,97.0000,255.0000,34.8458,0.0224,0.2823,0.2932,0.0227,0,1,0,0,0,0,0,0
19.3362,226.0000,0.0000,97.0000,255.0000,34.8467,0.0224,0.2823,0.2932,0.0227,0,1,0,0,0,0,0,0
19.3564,226.0000,0.0000,97.0000,255.0000,34.8438,0.0225,0.2824,0.2932,0.0228,0,1,0,0,0,0,0,0
19.3734,226.0000,0.0000,97.0000,255.0000,34.8417,0.0225,0.2823,0.2933,0.0228,0,1,0,0,0,0,0,0
19.3941,226.0000,0.0000,97.0000,255.0000,34.8506,0.0223,0.2824,0.2933,0.0227,0,1,0,0,0,0,0,0
19.4151,226.0000,0.0000,97.0000,255.0000,34.8756,0.0216,0.2824,0.2933,0.0224,0,1,0,0,0,0,0,0
19.5083,226.0000,0.0000,98.0000,255.0000,34.8355,0.0227,0.2824,0.2934,0.0227,0,1,0,0,0,0,0,0
19.5275,225.0000,0.0000,98.0000,255.0000,34.8642,0.0219,0.2825,0.2935,0.0225,0,1,0,0,0,0,0,0
19.5498,226.0000,0.0000,98.0000,255.0000,34.8856,0.0213,0.2825,0.2937,0.0222,0,1,0,0,0,0,0,0
19.5685,226.0000,0.0000,98.0000,255.0000,34.9065,0.0207,0.2826,0.2938,0.0217,0,1,0,0,0,0,0,0
19.5851,226.0000,0.0000,98.0000,255.0000,34.8976,0.0210,0.2826,0.2938,0.0216,0,1,0,0,0,0,0,0
19.6023,226.0000,0.0000,98.0000,255.0000,34.8647,0.0219,0.2826,0.2937,0.0218,0,1,0,0,0,0,0,0
19.6188,226.0000,0.0000,98.0000,255.0000,34.8386,0.0226,0.2826,0.2937,0.0223,0,1,0,0,0,0,0,0
19.6395,226.0000,0.0000,98.0000,255.0000,34.8169,0.0232,0.2825,0.2936,0.0228,0,1,0,0,0,0,0,0
19.6567,226.0000,0.0000,98.0000,255.0000,34.8403,0.0226,0.2825,0.2935,0.0229,0,1,0,0,0,0,0,0
19.6781,226.0000,0.0000,98.0000,255.0000,34.8730,0.0217,0.2825,0.2935,0.0225,0,1,0,0,0,0,0,0
19.6990,225.0000,0.0000,98.0000,255.0000,34.8930,0.0211,0.2825,0.2936,0.0221,0,1,0,0,0,0,0,0
19.7190,226.0000,0.0000,98.0000,255.0000,34.8853,0.0213,0.2825,0.2936,0.0219,0,1,0,0,0,0,0,0
19.7400,226.0000,0.0000,98.0000,255.0000,34.8646,0.0219,0.2825,0.2936,0.0221,0,1,0,0,0,0,0,0
19.7618,225.0000,0.0000,99.0000,255.0000,34.8678,0.0218,0.2826,0.2936,0.0221,0,1,0,0,0,0,0,0
19.7819,226.0000,0.0000,99.0000,255.0000,34.8530,0.0222,0.2825,0.2936,0.0223,0,1,0,0,0,0,0,0
19.8027,226.0000,0.0000,99.0000,255.0000,34.8674,0.0218,0.2826,0.2935,0.0222,0,1,0,0,0,0,0,0
19.8241,226.0000,0.0000,99.0000,255.0000,34.8626,0.0220,0.2826,0.2936,0.0223,0,1,0,0,0,0,0,0
19.8478,226.0000,0.0000,99.0000,255.0000,34.9189,0.0204,0.2825,0.2936,0.0216,0,1,0,0,0,0,0,0
19.8665,226.0000,0.0000,99.0000,255.0000,34.9272,0.0202,0.2825,0.2936,0.0212,0,1,0,0,0,0,0,0
19.8857,226.0000,0.0000,99.0000,255.0000,34.9334,0.0200,0.2825,0.2936,0.0208,0,1,0,0,0,0,0,0
19.9070,226.0000,0.0000,99.0000,255.0000,34.8912,0.0212,0.2825,0.2936,0.0211,0,1,0,0,0,0,0,0
19.9299,226.0000,0.0000,99.0000,255.0000,34.8883,0.0212,0.2826,0.2936,0.0213,0,1,0,0,0,0,0,0
20.0200,226.0000,0.0000,99.0000,255.0000,34.9126,0.0206,0.2825,0.2936,0.0211,0,1,0,0,0,0,0,0
20.0399,225.0000,0.0000,100.0000,255.0000,34.9029,0.0208,0.2825,0.2936,0.0212,0,1,0,0,0,0,0,0
20.0620,226.0000,0.0000,100.0000,255.0000,34.8867,0.0213,0.2826,0.2936,0.0213,0,1,0,0,0,0,0,0
20.0822,226.0000,0.0000,100.0000,255.0000,34.8774,0.0215,0.2825,0.2936,0.0216,0,1,0,0,0,0,0,0
20.1028,225.0000,0.0000,100.0000,255.0000,34.8654,0.0219,0.2826,0.2935,0.0218,0,1,0,0,0,0,0,0
20.1243,226.0000,0.0000,100.0000,255.0000,34.8782,0.0215,0.2825,0.2936,0.0218,0,1,0,0,0,0,0,0
20.1468,226.0000,0.0000,100.0000,255.0000,34.9143,0.0205,0.2825,0.2936,0.0214,0,1,0,0,0,0,0,0
20.1657,225.0000,0.0000,100.0000,255.0000,34.9110,0.0206,0.2825,0.2936,0.0212,0,1,0,0,0,0,0,0
20.1856,226.0000,0.0000,100.0000,255.0000,34.8696,0.0218,0.2825,0.2935,0.0216,0,1,0,0,0,0,0,0
20.2096,225.0000,0.0000,100.0000,255.0000,34.8364,0.0227,0.2825,0.2935,0.0222,0,1,0,0,0,0,0,0
20.2288,226.0000,0.0000,100.0000,255.0000,34.8285,0.0229,0.2825,0.2935,0.0226,0,1,0,0,0,0,0,0
20.2500,225.0000,0.0000,100.0000,255.0000,34.8204,0.0231,0.2825,0.2936,0.0230,0,1,0,0,0,0,0,0
20.2690,226.0000,0.0000,100.0000,255.0000,34.8416,0.0226,0.2825,0.2936,0.0229,0,1,0,0,0,0,0,0
20.2908,226.0000,0.0000,100.0000,255.0000,34.8313,0.0228,0.2825,0.2935,0.0230,0,1,0,0,0,0,0,0
20.3125,226.0000,0.0000,100.0000,255.0000,34.7628,0.0248,0.2825,0.2935,0.0239,0,1,0,0,0,0,0,0
20.3338,226.0000,0.0000,100.0000,255.0000,34.7534,0.0250,0.2826,0.2935,0.0245,0,1,0,0,0,0,0,0
20.3522,226.0000,0.0000,100.0000,255.0000,34.7508,0.0251,0.2825,0.2935,0.0249,0,1,0,0,0,0,0,0
20.3718,226.0000,0.0000,100.0000,255.0000,34.7495,0.0251,0.2825,0.2935,0.0251,0,1,0,0,0,0,0,0
20.3945,226.0000,0.0000,100.0000,255.0000,34.7580,0.0249,0.2826,0.2935,0.0252,0,1,0,0,0,0,0,0
20.4188,226.0000,0.0000,100.0000,255.0000,34.7447,0.0253,0.2826,0.2935,0.0253,0,1,0,0,0,0,0,0
20.4444,226.0000,0.0000,100.0000,255.0000,34.7441,0.0253,0.2825,0.2935,0.0255,0,1,0,0,0,0,0,0
20.5552,225.0000,0.0000,100.0000,255.0000,34.7026,0.0265,0.2825,0.2934,0.0260,0,1,0,0,0,0,0,0
20.5753,226.0000,0.0000,100.0000,255.0000,34.7182,0.0260,0.2824,0.2934,0.0261,0,1,0,0,0,0,0,0
20.5992,226.0000,0.0000,100.0000,255.0000,34.6798,0.0271,0.2824,0.2934,0.0267,0,1,0,0,0,0,0,0
20.6194,226.0000,0.0000,100.0000,255.0000,34.6422,0.0281,0.2825,0.2935,0.0274,0,1,0,0,0,0,0,0
20.6423,226.0000,0.0000,100.0000,255.0000,34.6004,0.0293,0.2825,0.2934,0.0283,0,1,0,0,0,0,0,0
20.6611,226.0000,0.0000,100.0000,255.0000,34.6040,0.0292,0.2824,0.2934,0.0288,0,1,0,0,0,0,0,0
20.6858,226.0000,0.0000,100.0000,255.0000,34.5952,0.0295,0.2825,0.2934,0.0292,0,1,0,0,0,0,0,0
20.7068,226.0000,0.0000,100.0000,255.0000,34.5892,0.0296,0.2825,0.2934,0.0295,0,1,0,0,0,0,0,0
20.7307,226.0000,0.0000,100.0000,255.0000,34.5779,0.0299,0.2825,0.2935,0.0298,0,1,0,0,0,0,0,0
20.7505,226.0000,0.0000,100.0000,255.0000,34.5580,0.0305,0.2826,0.2936,0.0302,0,1,0,0,0,0,0,0
20.7700,226.0000,0.0000,100.0000,255.0000,34.5729,0.0301,0.2827,0.2937,0.0303,0,1,0,0,0,0,0,0
20.7905,226.0000,0.0000,100.0000,255.0000,34.5555,0.0306,0.2826,0.2937,0.0306,0,1,0,0,0,0,0,0
20.8118,226.0000,0.0000,100.0000,255.0000,34.5387,0.0311,0.2825,0.2935,0.0309,0,1,0,0,0,0,0,0
20.8321,226.0000,0.0000,100.0000,255.0000,34.5543,0.0306,0.2824,0.2933,0.0309,0,1,0,0,0,0,0,0
20.8520,225.0000,0.0000,100.0000,255.0000,34.5297,0.0313,0.2824,0.2933,0.0312,0,1,0,0,0,0,0,0
20.8684,226.0000,0.0000,100.0000,255.0000,34.5245,0.0314,0.2825,0.2933,0.0314,0,1,0,0,0,0,0,0
20.8902,226.0000,0.0000,100.0000,255.0000,34.5214,0.0315,0.2824,0.2933,0.0316,0,1,0,0,0,0,0,0
20.9127,226.0000,0.0000,100.0000,255.0000,34.5152,0.0317,0.2824,0.2933,0.0318,0,1,0,0,0,0,0,0
20.9313,226.0000,0.0000,100.0000,255.0000,34.5060,0.0320,0.2824,0.2933,0.0320,0,1,0,0,0,0,0,0
20.9518,226.0000,0.0000,100.0000,255.0000,34.4974,0.0322,0.2824,0.2933,0.0322,0,1,0,0,0,0,0,0
21.0457,225.0000,0.0000,100.0000,255.0000,34.4779,0.0328,0.2823,0.2933,0.0326,0,1,0,0,0,0,0,0
21.0647,226.0000,0.0000,100.0000,255.0000,34.4633,0.0332,0.2824,0.2933,0.0329,0,1,0,0,0,0,0,0
21.0857,226.0000,0.0000,100.0000,255.0000,34.4765,0.0328,0.2823,0.2933,0.0330,0,1,0,0,0,0,0,0
21.1075,226.0000,0.0000,100.0000,255.0000,34.4785,0.0327,0.2823,0.2933,0.0330,0,1,0,0,0,0,0,0
21.1295,226.0000,0.0000,100.0000,255.0000,34.4961,0.0322,0.2823,0.2933,0.0329,0,1,0,0,0,0,0,0
21.1482,226.0000,0.0000,100.0000,255.0000,34.5105,0.0318,0.2823,0.2932,0.0326,0,1,0,0,0,0,0,0
21.1689,226.0000,0.0000,100.0000,255.0000,34.4895,0.0324,0.2823,0.2933,0.0327,0,1,0,0,0,0,0,0
21.1854,226.0000,0.0000,100.0000,255.0000,34.4683,0.0330,0.2823,0.2932,0.0329,0,1,0,0,0,0,0,0
21.2032,226.0000,0.0000,100.0000,255.0000,34.4878,0.0325,0.2824,0.2933,0.0329,0,1,0,0,0,0,0,0
21.2227,226.0000,0.0000,100.0000,255.0000,34.5073,0.0319,0.2823,0.2933,0.0326,0,1,0,0,0,0,0,0
21.2400,226.0000,0.0000,100.0000,255.0000,34.5343,0.0312,0.2823,0.2933,0.0322,0,1,0,0,0,0,0,0
21.2628,226.0000,0.0000,100.0000,255.0000,34.5225,0.0315,0.2824,0.2933,0.0320,0,1,0,0,0,0,0,0
21.2826,226.0000,0.0000,100.0000,255.0000,34.5041,0.0320,0.2824,0.2933,0.0322,0,1,0,0,0,0,0,0
21.3023,226.0000,0.0000,100.0000,255.0000,34.5132,0.0318,0.2824,0.2933,0.0321,0,1,0,0,0,0,0,0
21.3239,226.0000,0.0000,100.0000,255.0000,34.4907,0.0324,0.2824,0.2933,0.0324,0,1,0,0,0,0,0,0
21.3452,226.0000,0.0000,100.0000,255.0000,34.4740,0.0329,0.2824,0.2933,0.0327,0,1,0,0,0,0,0,0
21.3657,226.0000,0.0000,100.0000,255.0000,34.4896,0.0324,0.2824,0.2933,0.0327,0,1,0,0,0,0,0,0
21.3850,225.0000,0.0000,100.0000,255.0000,34.4914,0.0324,0.2824,0.2933,0.0327,0,1,0,0,0,0,0,0
21.4022,226.0000,0.0000,100.0000,255.0000,34.5350,0.0312,0.2824,0.2933,0.0322,0,1,0,0,0,0,0,0
21.4229,226.0000,0.0000,100.0000,255.0000,34.5454,0.0309,0.2824,0.2933,0.0318,0,1,0,0,0,0,0,0
21.4403,226.0000,0.0000,100.0000,255.0000,34.5421,0.0310,0.2824,0.2934,0.0316,0,1,0,0,0,0,0,0
21.4620,226.0000,0.0000,100.0000,255.0000,34.5508,0.0307,0.2824,0.2934,0.0314,0,1,0,0,0,0,0,0
21.5531,226.0000,0.0000,100.0000,255.0000,34.5851,0.0297,0.2825,0.2934,0.0309,0,1,0,0,0,0,0,0
21.5720,225.0000,0.0000,100.0000,255.0000,34.5784,0.0299,0.2825,0.2934,0.0306,0,1,0,0,0,0,0,0
21.5892,226.0000,0.0000,100.0000,255.0000,34.5900,0.0296,0.2825,0.2934,0.0304,0,1,0,0,0,0,0,0
21.6062,226.0000,0.0000,100.0000,255.0000,34.5919,0.0296,0.2826,0.2934,0.0302,0,1,0,0,0,0,0,0
21.6283,226.0000,0.0000,100.0000,255.0000,34.6178,0.0288,0.2825,0.2935,0.0298,0,1,0,0,0,0,0,0
21.6503,226.0000,0.0000,100.0000,255.0000,34.6431,0.0281,0.2825,0.2934,0.0292,0,1,0,0,0,0,0,0
21.6685,225.0000,0.0000,100.0000,255.0000,34.6637,0.0275,0.2825,0.2934,0.0287,0,1,0,0,0,0,0,0
21.6851,226.0000,0.0000,100.0000,255.0000,34.6691,0.0274,0.2826,0.2935,0.0283,0,1,0,0,0,0,0,0
21.7076,226.0000,0.0000,100.0000,255.0000,34.6460,0.0280,0.2826,0.2934,0.0283,0,1,0,0,0,0,0,0
21.7302,226.0000,0.0000,100.0000,255.0000,34.6642,0.0275,0.2826,0.2935,0.0281,0,1,0,0,0,0,0,0
21.7492,226.0000,0.0000,100.0000,255.0000,34.6442,0.0281,0.2826,0.2934,0.0283,0,1,0,0,0,0,0,0
21.7691,226.0000,0.0000,100.0000,255.0000,34.6565,0.0277,0.2826,0.2934,0.0282,0,1,0,0,0,0,0,0
21.7905,225.0000,0.0000,100.0000,255.0000,34.6436,0.0281,0.2826,0.2934,0.0283,0,1,0,0,0,0,0,0
21.8073,226.0000,0.0000,100.0000,255.0000,34.6712,0.0273,0.2826,0.2934,0.0280,0,1,0,0,0,0,0,0
21.8286,225.0000,0.0000,100.0000,255.0000,34.6645,0.0275,0.2826,0.2934,0.0280,0,1,0,0,0,0,0,0
21.8493,226.0000,0.0000,100.0000,255.0000,34.6541,0.0278,0.2826,0.2934,0.0280,0,1,0,0,0,0,0,0
21.8688,225.0000,0.0000,100.0000,255.0000,34.6544,0.0278,0.2826,0.2934,0.0281,0,1,0,0,0,0,0,0
21.8895,226.0000,0.0000,100.0000,255.0000,34.6428,0.0281,0.2826,0.2934,0.0282,0,1,0,0,0,0,0,0
21.9068,226.0000,0.0000,100.0000,255.0000,34.6485,0.0280,0.2826,0.2934,0.0283,0,1,0,0,0,0,0,0
21.9279,226.0000,0.0000,100.0000,255.0000,34.6632,0.0276,0.2826,0.2935,0.0281,0,1,0,0,0,0,0,0
21.9481,226.0000,0.0000,100.0000,255.0000,34.6964,0.0266,0.2826,0.2936,0.0277,0,1,0,0,0,0,0,0
21.9682,225.0000,0.0000,100.0000,255.0000,34.7010,0.0265,0.2826,0.2937,0.0273,0,1,0,0,0,0,0,0
22.0567,225.0000,0.0000,100.0000,255.0000,34.7445,0.0253,0.2825,0.2934,0.0266,0,1,0,0,0,0,0,0
22.0785,226.0000,0.0000,100.0000,255.0000,34.7681,0.0246,0.2825,0.2934,0.0260,0,1,0,0,0,0,0,0
22.0992,226.0000,0.0000,100.0000,255.0000,34.7093,0.0263,0.2826,0.2934,0.0262,0,1,0,0,0,0,0,0
22.1191,225.0000,0.0000,100.0000,255.0000,34.6861,0.0269,0.2826,0.2934,0.0266,0,1,0,0,0,0,0,0
22.1352,226.0000,0.0000,100.0000,255.0000,34.6707,0.0273,0.2826,0.2934,0.0271,0,1,0,0,0,0,0,0
22.1573,226.0000,0.0000,100.0000,255.0000,34.6965,0.0266,0.2826,0.2934,0.0270,0,1,0,0,0,0,0,0
22.1791,226.0000,0.0000,100.0000,255.0000,34.6953,0.0267,0.2825,0.2934,0.0270,0,1,0,0,0,0,0,0
22.1983,226.0000,0.0000,100.0000,255.0000,34.6972,0.0266,0.2824,0.2933,0.0270,0,1,0,0,0,0,0,0
22.2196,226.0000,0.0000,100.0000,255.0000,34.6604,0.0276,0.2824,0.2934,0.0274,0,1,0,0,0,0,0,0
22.2397,226.0000,0.0000,100.0000,255.0000,34.6552,0.0278,0.2824,0.2934,0.0277,0,1,0,0,0,0,0,0
22.2613,225.0000,0.0000,100.0000,255.0000,34.6372,0.0283,0.2824,0.2933,0.0281,0,1,0,0,0,0,0,0
22.2820,226.0000,0.0000,100.0000,255.0000,34.6193,0.0288,0.2824,0.2933,0.0285,0,1,0,0,0,0,0,0
22.3017,226.0000,0.0000,100.0000,255.0000,34.6065,0.0291,0.2824,0.2933,0.0289,0,1,0,0,0,0,0,0
22.3186,226.0000,0.0000,100.0000,255.0000,34.5973,0.0294,0.2824,0.2933,0.0292,0,1,0,0,0,0,0,0
22.3356,226.0000,0.0000,100.0000,255.0000,34.6011,0.0293,0.2823,0.2933,0.0294,0,1,0,0,0,0,0,0
22.3522,226.0000,0.0000,100.0000,255.0000,34.6446,0.0281,0.2823,0.2933,0.0290,0,1,0,0,0,0,0,0
22.3725,226.0000,0.0000,100.0000,255.0000,34.6510,0.0279,0.2822,0.2932,0.0287,0,1,0,0,0,0,0,0
22.3890,226.0000,0.0000,100.0000,255.0000,34.6500,0.0279,0.2823,0.2933,0.0285,0,1,0,0,0,0,0,0
22.4106,226.0000,0.0000,100.0000,255.0000,34.6208,0.0287,0.2823,0.2933,0.0287,0,1,0,0,0,0,0,0
22.4321,226.0000,0.0000,100.0000,255.0000,34.6250,0.0286,0.2824,0.2933,0.0288,0,1,0,0,0,0,0,0
22.4520,226.0000,0.0000,100.0000,255.0000,34.6397,0.0282,0.2824,0.2933,0.0287,0,1,0,0,0,0,0,0
22.4730,226.0000,0.0000,100.0000,255.0000,34.6686,0.0274,0.2823,0.2933,0.0283,0,1,0,0,0,0,0,0
22.5691,226.0000,0.0000,100.0000,255.0000,34.6828,0.0270,0.2823,0.2933,0.0279,0,1,0,0,0,0,0,0
22.5898,226.0000,0.0000,100.0000,255.0000,34.6770,0.0272,0.2823,0.2933,0.0278,0,1,0,0,0,0,0,0
22.6114,225.0000,0.0000,100.0000,255.0000,34.7088,0.0263,0.2823,0.2934,0.0273,0,1,0,0,0,0,0,0
22.6326,226.0000,0.0000,100.0000,255.0000,34.7469,0.0252,0.2823,0.2933,0.0266,0,1,0,0,0,0,0,0
22.6525,225.0000,0.0000,100.0000,255.0000,34.7588,0.0249,0.2823,0.2933,0.0260,0,1,0,0,0,0,0,0
22.6761,226.0000,0.0000,100.0000,255.0000,34.7416,0.0254,0.2822,0.2933,0.0259,0,1,0,0,0,0,0,0
22.6938,225.0000,0.0000,100.0000,255.0000,34.6986,0.0266,0.2823,0.2933,0.0263,0,1,0,0,0,0,0,0
22.7155,226.0000,0.0000,100.0000,255.0000,34.7045,0.0264,0.2823,0.2933,0.0265,0,1,0,0,0,0,0,0
22.7355,226.0000,0.0000,100.0000,255.0000,34.7127,0.0262,0.2823,0.2933,0.0265,0,1,0,0,0,0,0,0
22.7525,226.0000,0.0000,100.0000,255.0000,34.7054,0.0264,0.2823,0.2934,0.0266,0,1,0,0,0,0,0,0
22.7730,226.0000,0.0000,100.0000,255.0000,34.7467,0.0252,0.2823,0.2934,0.0262,0,1,0,0,0,0,0,0
22.7955,226.0000,0.0000,100.0000,255.0000,34.7566,0.0249,0.2823,0.2934,0.0258,0,1,0,0,0,0,0,0
22.8158,226.0000,0.0000,100.0000,255.0000,34.7166,0.0261,0.2823,0.2933,0.0260,0,1,0,0,0,0,0,0
22.8353,226.0000,0.0000,100.0000,255.0000,34.6965,0.0266,0.2823,0.2933,0.0264,0,1,0,0,0,0,0,0
22.8566,226.0000,0.0000,100.0000,255.0000,34.7156,0.0261,0.2823,0.2934,0.0264,0,1,0,0,0,0,0,0
22.8773,226.0000,0.0000,100.0000,255.0000,34.7197,0.0260,0.2823,0.2933,0.0264,0,1,0,0,0,0,0,0
22.8980,226.0000,0.0000,100.0000,255.0000,34.7225,0.0259,0.2823,0.2933,0.0263,0,1,0,0,0,0,0,0
22.9152,226.0000,0.0000,100.0000,255.0000,34.7163,0.0261,0.2823,0.2933,0.0264,0,1,0,0,0,0,0,0
22.9356,225.0000,0.0000,100.0000,255.0000,34.7378,0.0255,0.2822,0.2933,0.0261,0,1,0,0,0,0,0,0
22.9562,225.0000,0.0000,100.0000,255.0000,34.7383,0.0255,0.2822,0.2933,0.0260,0,1,0,0,0,0,0,0
22.9779,226.0000,0.0000,100.0000,255.0000,34.7228,0.0259,0.2822,0.2933,0.0261,0,1,0,0,0,0,0,0
23.0689,226.0000,0.0000,100.0000,255.0000,34.7264,0.0258,0.2822,0.2933,0.0261,0,1,0,0,0,0,0,0
23.0905,226.0000,0.0000,100.0000,255.0000,34.7227,0.0259,0.2822,0.2933,0.0262,0,1,0,0,0,0,0,0
23.1111,226.0000,0.0000,100.0000,255.0000,34.6981,0.0266,0.2823,0.2933,0.0265,0,1,0,0,0,0,0,0
23.1318,226.0000,0.0000,100.0000,255.0000,34.6651,0.0275,0.2823,0.2933,0.0270,0,1,0,0,0,0,0,0
23.1535,226.0000,0.0000,100.0000,255.0000,34.6763,0.0272,0.2823,0.2933,0.0272,0,1,0,0,0,0,0,0
23.1733,226.0000,0.0000,100.0000,255.0000,34.7087,0.0263,0.2823,0.2933,0.0270,0,1,0,0,0,0,0,0
23.1941,226.0000,0.0000,100.0000,255.0000,34.7504,0.0251,0.2823,0.2934,0.0264,0,1,0,0,0,0,0,0
23.2151,226.0000,0.0000,100.0000,255.0000,34.7286,0.0257,0.2823,0.2934,0.0262,0,1,0,0,0,0,0,0
23.2352,226.0000,0.0000,100.0000,255.0000,34.7229,0.0259,0.2823,0.2934,0.0262,0,1,0,0,0,0,0,0
23.2561,225.0000,0.0000,100.0000,255.0000,34.7094,0.0263,0.2823,0.2933,0.0264,0,1,0,0,0,0,0,0
23.2785,226.0000,0.0000,100.0000,255.0000,34.7260,0.0258,0.2823,0.2933,0.0263,0,1,0,0,0,0,0,0
23.2985,226.0000,0.0000,100.0000,255.0000,34.7269,0.0258,0.2823,0.2933,0.0262,0,1,0,0,0,0,0,0
23.3186,226.0000,0.0000,100.0000,255.0000,34.7426,0.0253,0.2823,0.2933,0.0260,0,1,0,0,0,0,0,0
23.3389,226.0000,0.0000,100.0000,255.0000,34.7575,0.0249,0.2823,0.2933,0.0257,0,1,0,0,0,0,0,0
23.3560,226.0000,0.0000,100.0000,255.0000,34.7487,0.0252,0.2824,0.2934,0.0256,0,1,0,0,0,0,0,0
23.3741,226.0000,0.0000,100.0000,255.0000,34.7404,0.0254,0.2824,0.2933,0.0257,0,1,0,0,0,0,0,0
23.3908,226.0000,0.0000,100.0000,255.0000,34.7405,0.0254,0.2824,0.2934,0.0257,0,1,0,0,0,0,0,0
23.4075,226.0000,0.0000,100.0000,255.0000,34.7492,0.0251,0.2824,0.2934,0.0256,0,1,0,0,0,0,0,0
23.4235,226.0000,0.0000,100.0000,255.0000,34.7462,0.0252,0.2824,0.2934,0.0256,0,1,0,0,0,0,0,0
23.4407,226.0000,0.0000,100.0000,255.0000,34.7293,0.0257,0.2824,0.2934,0.0258,0,1,0,0,0,0,0,0
23.4617,226.0000,0.0000,100.0000,255.0000,34.7240,0.0259,0.2823,0.2934,0.0259,0,1,0,0,0,0,0,0
23.4818,225.0000,0.0000,100.0000,255.0000,34.7201,0.0260,0.2823,0.2934,0.0261,0,1,0,0,0,0,0,0
23.5771,225.0000,0.0000,100.0000,255.0000,34.6604,0.0276,0.2824,0.2934,0.0268,0,1,0,0,0,0,0,0
23.5992,225.0000,0.0000,100.0000,255.0000,34.6701,0.0274,0.2823,0.2935,0.0272,0,1,0,0,0,0,0,0
23.6184,226.0000,0.0000,100.0000,255.0000,34.6612,0.0276,0.2823,0.2935,0.0275,0,1,0,0,0,0,0,0
23.6400,226.0000,0.0000,100.0000,255.0000,34.6716,0.0273,0.2823,0.2934,0.0276,0,1,0,0,0,0,0,0
23.6610,225.0000,0.0000,100.0000,255.0000,34.6375,0.0283,0.2823,0.2934,0.0280,0,1,0,0,0,0,0,0
23.6815,226.0000,0.0000,100.0000,255.0000,34.6282,0.0285,0.2824,0.2935,0.0283,0,1,0,0,0,0,0,0
23.6989,226.0000,0.0000,100.0000,255.0000,34.6326,0.0284,0.2824,0.2934,0.0285,0,1,0,0,0,0,0,0
23.7188,226.0000,0.0000,100.0000,255.0000,34.6576,0.0277,0.2823,0.2934,0.0283,0,1,0,0,0,0,0,0
23.7409,226.0000,0.0000,100.0000,255.0000,34.6541,0.0278,0.2823,0.2934,0.0283,0,1,0,0,0,0,0,0
23.7610,226.0000,0.0000,100.0000,255.0000,34.6160,0.0289,0.2824,0.2935,0.0286,0,1,0,0,0,0,0,0
23.7822,226.0000,0.0000,100.0000,255.0000,34.6113,0.0290,0.2824,0.2935,0.0289,0,1,0,0,0,0,0,0
23.8029,226.0000,0.0000,100.0000,255.0000,34.5993,0.0294,0.2824,0.2935,0.0292,0,1,0,0,0,0,0,0
23.8230,226.0000,0.0000,100.0000,255.0000,34.5935,0.0295,0.2824,0.2935,0.0295,0,1,0,0,0,0,0,0
23.8465,226.0000,0.0000,100.0000,255.0000,34.5813,0.0299,0.2824,0.2935,0.0298,0,1,0,0,0,0,0,0
23.8642,226.0000,0.0000,100.0000,255.0000,34.5969,0.0294,0.2823,0.2934,0.0298,0,1,0,0,0,0,0,0
23.8822,226.0000,0.0000,100.0000,255.0000,34.5841,0.0298,0.2824,0.2935,0.0299,0,1,0,0,0,0,0,0
23.8999,226.0000,0.0000,100.0000,255.0000,34.5917,0.0296,0.2823,0.2935,0.0299,0,1,0,0,0,0,0,0
23.9188,226.0000,0.0000,100.0000,255.0000,34.6091,0.0291,0.2823,0.2935,0.0297,0,1,0,0,0,0,0,0
23.9391,226.0000,0.0000,100.0000,255.0000,34.5885,0.0297,0.2824,0.2935,0.0298,0,1,0,0,0,0,0,0
23.9559,226.0000,0.0000,100.0000,255.0000,34.5594,0.0305,0.2824,0.2935,0.0302,0,1,0,0,0,0,0,0
23.9736,226.0000,0.0000,100.0000,255.0000,34.5554,0.0306,0.2824,0.2935,0.0305,0,1,0,0,0,0,0,0
23.9936,226.0000,0.0000,100.0000,255.0000,34.6018,0.0293,0.2824,0.2935,0.0301,0,1,0,0,0,0,0,0
24.0856,226.0000,0.0000,100.0000,255.0000,34.5982,0.0294,0.2825,0.2935,0.0300,0,1,0,0,0,0,0,0
24.1059,226.0000,0.0000,100.0000,255.0000,34.5862,0.0297,0.2825,0.2936,0.0300,0,1,0,0,0,0,0,0
24.1287,226.0000,0.0000,100.0000,255.0000,34.5984,0.0294,0.2824,0.2936,0.0299,0,1,0,0,0,0,0,0
24.1491,226.0000,0.0000,100.0000,255.0000,34.5963,0.0294,0.2824,0.2935,0.0298,0,1,0,0,0,0,0,0
24.1686,226.0000,0.0000,100.0000,255.0000,34.5854,0.0297,0.2824,0.2935,0.0299,0,1,0,0,0,0,0,0
24.1893,226.0000,0.0000,100.0000,255.0000,34.5698,0.0302,0.2825,0.2936,0.0302,0,1,0,0,0,0,0,0
24.2110,226.0000,0.0000,100.0000,255.0000,34.5551,0.0306,0.2825,0.2935,0.0305,0,1,0,0,0,0,0,0
24.2317,226.0000,0.0000,100.0000,255.0000,34.5428,0.0309,0.2825,0.2936,0.0308,0,1,0,0,0,0,0,0
24.2535,226.0000,0.0000,100.0000,255.0000,34.5362,0.0311,0.2824,0.2935,0.0311,0,1,0,0,0,0,0,0
24.2734,225.0000,0.0000,100.0000,255.0000,34.5205,0.0316,0.2825,0.2935,0.0314,0,1,0,0,0,0,0,0
24.2942,225.0000,0.0000,100.0000,255.0000,34.5378,0.0311,0.2825,0.2936,0.0314,0,1,0,0,0,0,0,0
24.3158,226.0000,0.0000,100.0000,255.0000,34.5402,0.0310,0.2824,0.2936,0.0314,0,1,0,0,0,0,0,0
24.3357,226.0000,0.0000,100.0000,255.0000,34.5483,0.0308,0.2824,0.2936,0.0313,0,1,0,0,0,0,0,0
24.3522,226.0000,0.0000,100.0000,255.0000,34.5316,0.0312,0.2824,0.2935,0.0314,0,1,0,0,0,0,0,0
24.3725,226.0000,0.0000,100.0000,255.0000,34.5126,0.0318,0.2825,0.2935,0.0317,0,1,0,0,0,0,0,0
24.3896,225.0000,0.0000,100.0000,255.0000,34.5058,0.0320,0.2825,0.2936,0.0319,0,1,0,0,0,0,0,0
24.4114,226.0000,0.0000,100.0000,255.0000,34.5056,0.0320,0.2825,0.2935,0.0321,0,1,0,0,0,0,0,0
24.4321,226.0000,0.0000,100.0000,255.0000,34.4999,0.0321,0.2825,0.2936,0.0322,0,1,0,0,0,0,0,0
24.4519,226.0000,0.0000,100.0000,255.0000,34.4907,0.0324,0.2825,0.2935,0.0324,0,1,0,0,0,0,0,0
24.4719,226.0000,0.0000,100.0000,255.0000,34.4973,0.0322,0.2825,0.2935,0.0325,0,1,0,0,0,0,0,0
24.4894,226.0000,0.0000,100.0000,255.0000,34.4542,0.0334,0.2825,0.2935,0.0330,0,1,0,0,0,0,0,0
24.5109,226.0000,0.0000,100.0000,255.0000,34.4291,0.0341,0.2824,0.2935,0.0336,0,1,0,0,0,0,0,0
24.6030,226.0000,0.0000,100.0000,255.0000,34.4330,0.0340,0.2824,0.2935,0.0339,0,1,0,0,0,0,0,0
24.6228,226.0000,0.0000,100.0000,255.0000,34.4049,0.0348,0.2824,0.2934,0.0344,0,1,0,0,0,0,0,0
24.6455,226.0000,0.0000,100.0000,255.0000,34.4023,0.0349,0.2824,0.2934,0.0347,0,1,0,0,0,0,0,0
24.6662,226.0000,0.0000,100.0000,255.0000,34.4192,0.0344,0.2823,0.2934,0.0347,0,1,0,0,0,0,0,0
24.6867,226.0000,0.0000,100.0000,255.0000,34.4197,0.0344,0.2824,0.2934,0.0347,0,1,0,0,0,0,0,0
24.7071,226.0000,0.0000,100.0000,255.0000,34.4062,0.0348,0.2824,0.2934,0.0349,0,1,0,0,0,0,0,0
24.7267,226.0000,0.0000,100.0000,255.0000,34.3618,0.0360,0.2824,0.2934,0.0355,0,1,0,0,0,0,0,0
24.7469,226.0000,0.0000,100.0000,255.0000,34.3565,0.0362,0.2824,0.2935,0.0359,0,1,0,0,0,0,0,0
24.7654,226.0000,0.0000,100.0000,255.0000,34.3327,0.0368,0.2824,0.2934,0.0364,0,1,0,0,0,0,0,0
24.7851,226.0000,0.0000,100.0000,255.0000,34.3414,0.0366,0.2824,0.2934,0.0366,0,1,0,0,0,0,0,0
24.8040,226.0000,0.0000,100.0000,255.0000,34.3221,0.0371,0.2824,0.2934,0.0369,0,1,0,0,0,0,0,0
24.8232,226.0000,0.0000,100.0000,255.0000,34.3120,0.0374,0.2824,0.2933,0.0373,0,1,0,0,0,0,0,0
24.8450,226.0000,0.0000,100.0000,255.0000,34.3888,0.0353,0.2824,0.2934,0.0366,0,1,0,0,0,0,0,0
24.8650,225.0000,0.0000,100.0000,255.0000,34.4004,0.0349,0.2823,0.2933,0.0361,0,1,0,0,0,0,0,0
24.8847,226.0000,0.0000,100.0000,255.0000,34.3864,0.0353,0.2823,0.2933,0.0359,0,1,0,0,0,0,0,0
24.9015,226.0000,0.0000,100.0000,255.0000,34.3889,0.0353,0.2824,0.2933,0.0358,0,1,0,0,0,0,0,0
24.9188,226.0000,0.0000,100.0000,255.0000,34.3720,0.0357,0.2824,0.2933,0.0359,0,1,0,0,0,0,0,0
24.9420,226.0000,0.0000,100.0000,255.0000,34.3689,0.0358,0.2824,0.2934,0.0360,0,1,0,0,0,0,0,0
24.9595,226.0000,0.0000,100.0000,255.0000,34.4262,0.0342,0.2822,0.2934,0.0354,0,1,0,0,0,0,0,0
24.9782,226.0000,0.0000,100.0000,255.0000,34.4156,0.0345,0.2822,0.2933,0.0352,0,1,0,0,0,0,0,0
25.0002,226.0000,0.0000,100.0000,255.0000,34.4077,0.0347,0.2822,0.2933,0.0351,0,1,0,0,0,0,0,0
25.0186,226.0000,0.0000,100.0000,255.0000,34.4139,0.0346,0.2823,0.2933,0.0350,0,1,0,0,0,0,0,0
25.1116,226.0000,0.0000,100.0000,255.0000,34.3820,0.0354,0.2822,0.2933,0.0353,0,1,0,0,0,0,0,0
25.1317,226.0000,0.0000,100.0000,255.0000,34.4153,0.0345,0.2822,0.2933,0.0351,0,1,0,0,0,0,0,0
25.1514,225.0000,0.0000,100.0000,255.0000,34.4031,0.0349,0.2822,0.2933,0.0352,0,1,0,0,0,0,0,0
25.1681,226.0000,0.0000,100.0000,255.0000,34.4020,0.0349,0.2822,0.2932,0.0352,0,1,0,0,0,0,0,0
25.1849,226.0000,0.0000,100.0000,255.0000,34.3851,0.0354,0.2822,0.2933,0.0354,0,1,0,0,0,0,0,0
25.2015,226.0000,0.0000,100.0000,255.0000,34.3629,0.0360,0.2823,0.2933,0.0358,0,1,0,0,0,0,0,0
25.2191,226.0000,0.0000,100.0000,255.0000,34.3486,0.0364,0.2823,0.2933,0.0361,0,1,0,0,0,0,0,0
25.2391,226.0000,0.0000,100.0000,255.0000,34.3537,0.0362,0.2823,0.2933,0.0363,0,1,0,0,0,0,0,0
25.2558,225.0000,0.0000,100.0000,255.0000,34.3558,0.0362,0.2822,0.2932,0.0364,0,1,0,0,0,0,0,0
25.2725,226.0000,0.0000,100.0000,255.0000,34.3819,0.0354,0.2822,0.2932,0.0362,0,1,0,0,0,0,0,0
25.2966,226.0000,0.0000,100.0000,255.0000,34.3786,0.0355,0.2821,0.2932,0.0360,0,1,0,0,0,0,0,0
25.3145,226.0000,0.0000,100.0000,255.0000,34.3254,0.0370,0.2822,0.2932,0.0366,0,1,0,0,0,0,0,0
25.3324,226.0000,0.0000,100.0000,255.0000,34.3346,0.0368,0.2822,0.2932,0.0368,0,1,0,0,0,0,0,0
25.3516,225.0000,0.0000,100.0000,255.0000,34.3403,0.0366,0.2823,0.2932,0.0369,0,1,0,0,0,0,0,0
25.3703,225.0000,0.0000,100.0000,255.0000,34.3582,0.0361,0.2823,0.2933,0.0367,0,1,0,0,0,0,0,0
25.3890,226.0000,0.0000,100.0000,255.0000,34.3937,0.0351,0.2823,0.2933,0.0362,0,1,0,0,0,0,0,0
25.4062,226.0000,0.0000,100.0000,255.0000,34.3852,0.0354,0.2823,0.2933,0.0360,0,1,0,0,0,0,0,0
25.4281,225.0000,0.0000,100.0000,255.0000,34.4213,0.0343,0.2823,0.2933,0.0355,0,1,0,0,0,0,0,0
25.4486,226.0000,0.0000,100.0000,255.0000,34.4626,0.0332,0.2823,0.2934,0.0347,0,1,0,0,0,0,0,0
25.4683,226.0000,0.0000,100.0000,255.0000,34.4813,0.0327,0.2822,0.2934,0.0340,0,1,0,0,0,0,0,0
25.4854,226.0000,0.0000,100.0000,255.0000,34.4587,0.0333,0.2824,0.2934,0.0339,0,1,0,0,0,0,0,0
25.5061,226.0000,0.0000,100.0000,255.0000,34.4332,0.0340,0.2824,0.2934,0.0341,0,1,0,0,0,0,0,0
25.5280,226.0000,0.0000,100.0000,255.0000,34.4295,0.0341,0.2825,0.2934,0.0342,0,1,0,0,0,0,0,0
25.6194,226.0000,0.0000,100.0000,255.0000,34.4751,0.0328,0.2824,0.2934,0.0338,0,1,0,0,0,0,0,0
25.6398,226.0000,0.0000,100.0000,255.0000,34.4535,0.0334,0.2825,0.2934,0.0338,0,1,0,0,0,0,0,0
25.6618,226.0000,0.0000,100.0000,255.0000,34.4894,0.0324,0.2825,0.2934,0.0334,0,1,0,0,0,0,0,0
25.6818,226.0000,0.0000,100.0000,255.0000,34.5090,0.0319,0.2824,0.2934,0.0329,0,1,0,0,0,0,0,0
25.7022,226.0000,0.0000,100.0000,255.0000,34.4969,0.0322,0.2824,0.2934,0.0328,0,1,0,0,0,0,0,0
25.7229,226.0000,0.0000,100.0000,255.0000,34.4925,0.0323,0.2825,0.2934,0.0327,0,1,0,0,0,0,0,0
25.7455,225.0000,0.0000,100.0000,255.0000,34.4924,0.0323,0.2825,0.2934,0.0327,0,1,0,0,0,0,0,0
25.7673,226.0000,0.0000,100.0000,255.0000,34.4924,0.0323,0.2825,0.2934,0.0327,0,1,0,0,0,0,0,0
25.7866,226.0000,0.0000,100.0000,255.0000,34.5045,0.0320,0.2825,0.2934,0.0326,0,1,0,0,0,0,0,0
25.8062,226.0000,0.0000,100.0000,255.0000,34.5196,0.0316,0.2824,0.2934,0.0323,0,1,0,0,0,0,0,0
25.8283,226.0000,0.0000,100.0000,255.0000,34.5384,0.0311,0.2824,0.2934,0.0319,0,1,0,0,0,0,0,0
25.8481,226.0000,0.0000,100.0000,255.0000,34.5389,0.0310,0.2825,0.2934,0.0317,0,1,0,0,0,0,0,0
25.8684,225.0000,0.0000,100.0000,255.0000,34.5283,0.0313,0.2825,0.2934,0.0317,0,1,0,0,0,0,0,0
25.8888,226.0000,0.0000,100.0000,255.0000,34.5219,0.0315,0.2825,0.2934,0.0318,0,1,0,0,0,0,0,0
25.9055,226.0000,0.0000,100.0000,255.0000,34.5345,0.0312,0.2824,0.2934,0.0317,0,1,0,0,0,0,0,0
25.9219,226.0000,0.0000,100.0000,255.0000,34.5457,0.0309,0.2825,0.2934,0.0315,0,1,0,0,0,0,0,0
25.9391,226.0000,0.0000,100.0000,255.0000,34.5444,0.0309,0.2825,0.2935,0.0314,0,1,0,0,0,0,0,0
25.9557,226.0000,0.0000,100.0000,255.0000,34.5478,0.0308,0.2825,0.2934,0.0313,0,1,0,0,0,0,0,0
25.9800,226.0000,0.0000,100.0000,255.0000,34.5635,0.0304,0.2824,0.2935,0.0310,0,1,0,0,0,0,0,0
26.0000,226.0000,0.0000,100.0000,255.0000,34.5531,0.0306,0.2824,0.2934,0.0310,0,1,0,0,0,0,0,0
26.0180,226.0000,0.0000,100.0000,255.0000,34.5507,0.0307,0.2824,0.2934,0.0310,0,1,0,0,0,0,0,0
26.0351,226.0000,0.0000,100.0000,255.0000,34.5243,0.0315,0.2825,0.2934,0.0313,0,1,0,0,0,0,0,0
26.1283,226.0000,0.0000,100.0000,255.0000,34.5507,0.0307,0.2824,0.2935,0.0312,0,1,0,0,0,0,0,0
26.1501,226.0000,0.0000,100.0000,255.0000,34.5518,0.0307,0.2824,0.2935,0.0311,0,1,0,0,0,0,0,0
26.1682,226.0000,0.0000,100.0000,255.0000,34.5298,0.0313,0.2825,0.2935,0.0313,0,1,0,0,0,0,0,0
26.1856,226.0000,0.0000,100.0000,255.0000,34.5230,0.0315,0.2824,0.2934,0.0315,0,1,0,0,0,0,0,0
26.2056,226.0000,0.0000,100.0000,255.0000,34.5303,0.0313,0.2824,0.2935,0.0316,0,1,0,0,0,0,0,0
26.2224,226.0000,0.0000,100.0000,255.0000,34.5433,0.0309,0.2824,0.2935,0.0314,0,1,0,0,0,0,0,0
26.2393,226.0000,0.0000,100.0000,255.0000,34.5510,0.0307,0.2824,0.2935,0.0313,0,1,0,0,0,0,0,0
26.2559,226.0000,0.0000,100.0000,255.0000,34.5485,0.0308,0.2824,0.2935,0.0312,0,1,0,0,0,0,0,0
26.2779,225.0000,0.0000,100.0000,255.0000,34.5299,0.0313,0.2824,0.2935,0.0314,0,1,0,0,0,0,0,0
26.2992,226.0000,0.0000,100.0000,255.0000,34.5064,0.0320,0.2824,0.2934,0.0317,0,1,0,0,0,0,0,0
26.3185,226.0000,0.0000,100.0000,255.0000,34.4988,0.0322,0.2824,0.2934,0.0321,0,1,0,0,0,0,0,0
26.3354,226.0000,0.0000,100.0000,255.0000,34.4947,0.0323,0.2824,0.2934,0.0323,0,1,0,0,0,0,0,0
26.3556,226.0000,0.0000,100.0000,255.0000,34.5032,0.0320,0.2824,0.2934,0.0323,0,1,0,0,0,0,0,0
26.3722,225.0000,0.0000,100.0000,255.0000,34.5115,0.0318,0.2823,0.2934,0.0323,0,1,0,0,0,0,0,0
26.3933,226.0000,0.0000,100.0000,255.0000,34.5270,0.0314,0.2823,0.2933,0.0320,0,1,0,0,0,0,0,0
26.4170,226.0000,0.0000,100.0000,255.0000,34.5438,0.0309,0.2823,0.2933,0.0317,0,1,0,0,0,0,0,0
26.4356,226.0000,0.0000,100.0000,255.0000,34.5383,0.0311,0.2823,0.2934,0.0316,0,1,0,0,0,0,0,0
26.4559,226.0000,0.0000,100.0000,255.0000,34.5198,0.0316,0.2823,0.2933,0.0317,0,1,0,0,0,0,0,0
26.4781,226.0000,0.0000,100.0000,255.0000,34.5371,0.0311,0.2823,0.2934,0.0316,0,1,0,0,0,0,0,0
26.4976,226.0000,0.0000,100.0000,255.0000,34.5568,0.0305,0.2823,0.2934,0.0313,0,1,0,0,0,0,0,0
26.5154,226.0000,0.0000,100.0000,255.0000,34.5747,0.0300,0.2823,0.2934,0.0309,0,1,0,0,0,0,0,0
26.5352,226.0000,0.0000,100.0000,255.0000,34.5605,0.0304,0.2823,0.2934,0.0309,0,1,0,0,0,0,0,0
26.6282,226.0000,0.0000,100.0000,255.0000,34.5675,0.0302,0.2823,0.2934,0.0308,0,1,0,0,0,0,0,0
26.6488,226.0000,0.0000,100.0000,255.0000,34.5829,0.0298,0.2822,0.2934,0.0305,0,1,0,0,0,0,0,0
26.6687,226.0000,0.0000,100.0000,255.0000,34.5851,0.0297,0.2822,0.2934,0.0303,0,1,0,0,0,0,0,0
26.6927,226.0000,0.0000,100.0000,255.0000,34.5695,0.0302,0.2822,0.2934,0.0304,0,1,0,0,0,0,0,0
26.7109,226.0000,0.0000,100.0000,255.0000,34.5658,0.0303,0.2822,0.2934,0.0305,0,1,0,0,0,0,0,0
26.7316,226.0000,0.0000,100.0000,255.0000,34.5551,0.0306,0.2822,0.2934,0.0307,0,1,0,0,0,0,0,0
26.7523,226.0000,0.0000,100.0000,255.0000,34.5539,0.0306,0.2822,0.2933,0.0308,0,1,0,0,0,0,0,0
26.7693,226.0000,0.0000,100.0000,255.0000,34.5486,0.0308,0.2822,0.2933,0.0309,0,1,0,0,0,0,0,0
26.7893,226.0000,0.0000,100.0000,255.0000,34.5614,0.0304,0.2822,0.2933,0.0308,0,1,0,0,0,0,0,0
26.8105,226.0000,0.0000,100.0000,255.0000,34.5877,0.0297,0.2822,0.2934,0.0305,0,1,0,0,0,0,0,0
26.8318,225.0000,0.0000,100.0000,255.0000,34.5741,0.0301,0.2822,0.2934,0.0305,0,1,0,0,0,0,0,0
26.8532,226.0000,0.0000,100.0000,255.0000,34.5643,0.0303,0.2822,0.2933,0.0305,0,1,0,0,0,0,0,0
26.8727,226.0000,0.0000,100.0000,255.0000,34.5702,0.0302,0.2822,0.2934,0.0305,0,1,0,0,0,0,0,0
26.8933,226.0000,0.0000,100.0000,255.0000,34.5819,0.0298,0.2822,0.2933,0.0304,0,1,0,0,0,0,0,0
26.9154,226.0000,0.0000,100.0000,255.0000,34.5896,0.0296,0.2822,0.2934,0.0302,0,1,0,0,0,0,0,0
26.9363,226.0000,0.0000,100.0000,255.0000,34.5985,0.0294,0.2822,0.2934,0.0300,0,1,0,0,0,0,0,0
26.9559,226.0000,0.0000,100.0000,255.0000,34.6149,0.0289,0.2822,0.2934,0.0297,0,1,0,0,0,0,0,0
26.9765,226.0000,0.0000,100.0000,255.0000,34.5956,0.0295,0.2823,0.2934,0.0297,0,1,0,0,0,0,0,0
26.9943,226.0000,0.0000,100.0000,255.0000,34.5782,0.0299,0.2823,0.2934,0.0300,0,1,0,0,0,0,0,0
27.0168,226.0000,0.0000,100.0000,255.0000,34.5786,0.0299,0.2823,0.2934,0.0301,0,1,0,0,0,0,0,0
27.0363,226.0000,0.0000,100.0000,255.0000,34.6018,0.0293,0.2823,0.2934,0.0299,0,1,0,0,0,0,0,0
27.1326,226.0000,0.0000,100.0000,255.0000,34.6135,0.0290,0.2823,0.2934,0.0297,0,1,0,0,0,0,0,0
27.1524,226.0000,0.0000,100.0000,255.0000,34.6265,0.0286,0.2823,0.2934,0.0294,0,1,0,0,0,0,0,0
27.1695,226.0000,0.0000,100.0000,255.0000,34.6364,0.0283,0.2823,0.2934,0.0291,0,1,0,0,0,0,0,0
27.1896,226.0000,0.0000,100.0000,255.0000,34.6327,0.0284,0.2823,0.2934,0.0289,0,1,0,0,0,0,0,0
27.2122,226.0000,0.0000,100.0000,255.0000,34.6125,0.0290,0.2823,0.2934,0.0291,0,1,0,0,0,0,0,0
27.2312,225.0000,0.0000,100.0000,255.0000,34.5976,0.0294,0.2824,0.2934,0.0293,0,1,0,0,0,0,0,0
27.2478,226.0000,0.0000,100.0000,255.0000,34.5831,0.0298,0.2823,0.2934,0.0297,0,1,0,0,0,0,0,0
27.2667,226.0000,0.0000,100.0000,255.0000,34.5918,0.0296,0.2824,0.2934,0.0298,0,1,0,0,0,0,0,0
27.2848,226.0000,0.0000,100.0000,255.0000,34.5707,0.0302,0.2824,0.2934,0.0301,0,1,0,0,0,0,0,0
27.3014,226.0000,0.0000,100.0000,255.0000,34.5625,0.0304,0.2824,0.2934,0.0303,0,1,0,0,0,0,0,0
27.3231,225.0000,0.0000,100.0000,255.0000,34.5585,0.0305,0.2824,0.2934,0.0305,0,1,0,0,0,0,0,0
27.3440,226.0000,0.0000,100.0000,255.0000,34.6433,0.0281,0.2823,0.2934,0.0297,0,1,0,0,0,0,0,0
27.3652,226.0000,0.0000,100.0000,255.0000,34.6799,0.0271,0.2823,0.2935,0.0288,0,1,0,0,0,0,0,0
27.3851,226.0000,0.0000,100.0000,255.0000,34.6518,0.0279,0.2823,0.2934,0.0286,0,1,0,0,0,0,0,0
27.4090,226.0000,0.0000,100.0000,255.0000,34.6460,0.0280,0.2823,0.2935,0.0285,0,1,0,0,0,0,0,0
27.4294,226.0000,0.0000,100.0000,255.0000,34.6275,0.0286,0.2823,0.2934,0.0286,0,1,0,0,0,0,0,0
27.4507,225.0000,0.0000,100.0000,255.0000,34.6637,0.0275,0.2823,0.2935,0.0283,0,1,0,0,0,0,0,0
27.4682,226.0000,0.0000,100.0000,255.0000,34.6889,0.0268,0.2823,0.2935,0.0279,0,1,0,0,0,0,0,0
27.4891,226.0000,0.0000,100.0000,255.0000,34.7039,0.0264,0.2822,0.2934,0.0274,0,1,0,0,0,0,0,0
27.5087,226.0000,0.0000,100.0000,255.0000,34.7069,0.0263,0.2822,0.2934,0.0271,0,1,0,0,0,0,0,0
27.5281,225.0000,0.0000,100.0000,255.0000,34.6919,0.0268,0.2823,0.2935,0.0271,0,1,0,0,0,0,0,0
27.5478,226.0000,0.0000,100.0000,255.0000,34.6774,0.0272,0.2824,0.2935,0.0273,0,1,0,0,0,0,0,0
27.6478,226.0000,0.0000,100.0000,255.0000,34.7251,0.0258,0.2823,0.2935,0.0268,0,1,0,0,0,0,0,0
27.6684,226.0000,0.0000,100.0000,255.0000,34.7232,0.0259,0.2823,0.2935,0.0266,0,1,0,0,0,0,0,0
27.6897,226.0000,0.0000,100.0000,255.0000,34.7119,0.0262,0.2823,0.2935,0.0266,0,1,0,0,0,0,0,0
27.7129,225.0000,0.0000,100.0000,255.0000,34.6924,0.0267,0.2824,0.2935,0.0268,0,1,0,0,0,0,0,0
27.7331,226.0000,0.0000,100.0000,255.0000,34.7101,0.0262,0.2823,0.2935,0.0267,0,1,0,0,0,0,0,0
27.7515,226.0000,0.0000,100.0000,255.0000,34.7124,0.0262,0.2823,0.2935,0.0266,0,1,0,0,0,0,0,0
27.7727,226.0000,0.0000,100.0000,255.0000,34.7229,0.0259,0.2823,0.2935,0.0265,0,1,0,0,0,0,0,0
27.7955,226.0000,0.0000,100.0000,255.0000,34.7262,0.0258,0.2823,0.2936,0.0263,0,1,0,0,0,0,0,0
27.8166,226.0000,0.0000,100.0000,255.0000,34.7077,0.0263,0.2824,0.2936,0.0265,0,1,0,0,0,0,0,0
27.8355,226.0000,0.0000,100.0000,255.0000,34.6950,0.0267,0.2824,0.2936,0.0267,0,1,0,0,0,0,0,0
27.8552,226.0000,0.0000,100.0000,255.0000,34.6814,0.0270,0.2824,0.2936,0.0270,0,1,0,0,0,0,0,0
27.8722,226.0000,0.0000,100.0000,255.0000,34.6968,0.0266,0.2823,0.2936,0.0270,0,1,0,0,0,0,0,0
27.8885,226.0000,0.0000,100.0000,255.0000,34.7034,0.0264,0.2823,0.2936,0.0269,0,1,0,0,0,0,0,0
27.9054,226.0000,0.0000,100.0000,255.0000,34.6999,0.0265,0.2823,0.2936,0.0269,0,1,0,0,0,0,0,0
27.9278,225.0000,0.0000,100.0000,255.0000,34.7338,0.0256,0.2823,0.2936,0.0265,0,1,0,0,0,0,0,0
27.9490,226.0000,0.0000,100.0000,255.0000,34.7521,0.0251,0.2823,0.2936,0.0261,0,1,0,0,0,0,0,0
27.9684,226.0000,0.0000,100.0000,255.0000,34.7287,0.0257,0.2823,0.2936,0.0261,0,1,0,0,0,0,0,0
27.9858,226.0000,0.0000,100.0000,255.0000,34.7161,0.0261,0.2823,0.2936,0.0262,0,1,0,0,0,0,0,0
28.0056,225.0000,0.0000,100.0000,255.0000,34.6992,0.0265,0.2823,0.2936,0.0265,0,1,0,0,0,0,0,0
28.0222,225.0000,0.0000,100.0000,255.0000,34.6940,0.0267,0.2823,0.2936,0.0267,0,1,0,0,0,0,0,0
28.0437,226.0000,0.0000,100.0000,255.0000,34.7161,0.0261,0.2823,0.2936,0.0266,0,1,0,0,0,0,0,0
28.0669,225.0000,0.0000,100.0000,255.0000,34.7243,0.0258,0.2823,0.2936,0.0264,0,1,0,0,0,0,0,0
28.1619,225.0000,0.0000,100.0000,255.0000,34.6691,0.0274,0.2824,0.2937,0.0269,0,1,0,0,0,0,0,0
28.1828,226.0000,0.0000,100.0000,255.0000,34.6918,0.0268,0.2824,0.2937,0.0270,0,1,0,0,0,0,0,0
28.2025,226.0000,0.0000,100.0000,255.0000,34.6626,0.0276,0.2824,0.2937,0.0274,0,1,0,0,0,0,0,0
28.2231,226.0000,0.0000,100.0000,255.0000,34.6547,0.0278,0.2824,0.2937,0.0277,0,1,0,0,0,0,0,0
28.2408,226.0000,0.0000,100.0000,255.0000,34.6462,0.0280,0.2824,0.2937,0.0280,0,1,0,0,0,0,0,0
28.2616,226.0000,0.0000,100.0000,255.0000,34.6303,0.0285,0.2824,0.2937,0.0283,0,1,0,0,0,0,0,0
28.2816,226.0000,0.0000,100.0000,255.0000,34.6203,0.0288,0.2824,0.2937,0.0286,0,1,0,0,0,0,0,0
28.3012,226.0000,0.0000,100.0000,255.0000,34.6301,0.0285,0.2824,0.2937,0.0287,0,1,0,0,0,0,0,0
28.3189,226.0000,0.0000,100.0000,255.0000,34.6232,0.0287,0.2824,0.2937,0.0288,0,1,0,0,0,0,0,0
28.3356,226.0000,0.0000,100.0000,255.0000,34.6202,0.0288,0.2824,0.2937,0.0289,0,1,0,0,0,0,0,0
28.3521,226.0000,0.0000,100.0000,255.0000,34.6019,0.0293,0.2824,0.2937,0.0292,0,1,0,0,0,0,0,0
28.3692,226.0000,0.0000,100.0000,255.0000,34.5762,0.0300,0.2823,0.2936,0.0297,0,1,0,0,0,0,0,0
28.3887,226.0000,0.0000,100.0000,255.0000,34.5637,0.0303,0.2824,0.2936,0.0301,0,1,0,0,0,0,0,0
28.4052,226.0000,0.0000,100.0000,255.0000,34.5615,0.0304,0.2824,0.2936,0.0303,0,1,0,0,0,0,0,0
28.4276,226.0000,0.0000,100.0000,255.0000,34.5441,0.0309,0.2824,0.2936,0.0307,0,1,0,0,0,0,0,0
28.4483,226.0000,0.0000,100.0000,255.0000,34.5185,0.0316,0.2824,0.2936,0.0312,0,1,0,0,0,0,0,0
28.4653,226.0000,0.0000,100.0000,255.0000,34.5299,0.0313,0.2824,0.2936,0.0314,0,1,0,0,0,0,0,0
28.4851,225.0000,0.0000,100.0000,255.0000,34.5145,0.0317,0.2824,0.2936,0.0316,0,1,0,0,0,0,0,0
28.5059,226.0000,0.0000,100.0000,255.0000,34.5180,0.0316,0.2824,0.2936,0.0318,0,1,0,0,0,0,0,0
28.5280,226.0000,0.0000,100.0000,255.0000,34.5088,0.0319,0.2825,0.2936,0.0320,0,1,0,0,0,0,0,0
28.5486,226.0000,0.0000,100.0000,255.0000,34.4975,0.0322,0.2824,0.2936,0.0322,0,1,0,0,0,0,0,0
28.5689,226.0000,0.0000,100.0000,255.0000,34.4898,0.0324,0.2824,0.2936,0.0324,0,1,0,0,0,0,0,0
28.6634,226.0000,0.0000,100.0000,255.0000,34.4642,0.0331,0.2824,0.2936,0.0328,0,1,0,0,0,0,0,0
28.6824,225.0000,0.0000,100.0000,255.0000,34.4331,0.0340,0.2825,0.2936,0.0334,0,1,0,0,0,0,0,0
28.7014,226.0000,0.0000,100.0000,255.0000,34.4343,0.0340,0.2825,0.2936,0.0338,0,1,0,0,0,0,0,0
28.7183,226.0000,0.0000,100.0000,255.0000,34.4607,0.0332,0.2824,0.2936,0.0337,0,1,0,0,0,0,0,0
28.7388,226.0000,0.0000,100.0000,255.0000,34.4712,0.0329,0.2824,0.2936,0.0335,0,1,0,0,0,0,0,0
28.7554,226.0000,0.0000,100.0000,255.0000,34.4359,0.0339,0.2824,0.2936,0.0338,0,1,0,0,0,0,0,0
28.7777,226.0000,0.0000,100.0000,255.0000,34.3991,0.0350,0.2824,0.2935,0.0344,0,1,0,0,0,0,0,0
28.7985,226.0000,0.0000,100.0000,255.0000,34.3995,0.0350,0.2824,0.2935,0.0348,0,1,0,0,0,0,0,0
28.8184,226.0000,0.0000,100.0000,255.0000,34.3938,0.0351,0.2824,0.2935,0.0350,0,1,0,0,0,0,0,0
28.8357,226.0000,0.0000,100.0000,255.0000,34.3727,0.0357,0.2824,0.2935,0.0354,0,1,0,0,0,0,0,0
28.8554,226.0000,0.0000,100.0000,255.0000,34.3790,0.0355,0.2824,0.2935,0.0356,0,1,0,0,0,0,0,0
28.8735,225.0000,0.0000,100.0000,255.0000,34.3778,0.0356,0.2824,0.2935,0.0357,0,1,0,0,0,0,0,0
28.8942,226.0000,0.0000,100.0000,255.0000,34.3792,0.0355,0.2824,0.2935,0.0358,0,1,0,0,0,0,0,0
28.9152,226.0000,0.0000,100.0000,255.0000,34.3981,0.0350,0.2824,0.2935,0.0356,0,1,0,0,0,0,0,0
28.9350,226.0000,0.0000,100.0000,255.0000,34.3802,0.0355,0.2824,0.2935,0.0357,0,1,0,0,0,0,0,0
28.9554,226.0000,0.0000,100.0000,255.0000,34.3579,0.0361,0.2825,0.2935,0.0360,0,1,0,0,0,0,0,0
28.9717,226.0000,0.0000,100.0000,255.0000,34.3448,0.0365,0.2825,0.2935,0.0363,0,1,0,0,0,0,0,0
28.9946,226.0000,0.0000,100.0000,255.0000,34.3859,0.0353,0.2824,0.2934,0.0361,0,1,0,0,0,0,0,0
29.0160,226.0000,0.0000,100.0000,255.0000,34.3810,0.0355,0.2824,0.2934,0.0360,0,1,0,0,0,0,0,0
29.0356,226.0000,0.0000,100.0000,255.0000,34.3855,0.0353,0.2823,0.2935,0.0359,0,1,0,0,0,0,0,0
29.0558,226.0000,0.0000,100.0000,255.0000,34.3658,0.0359,0.2824,0.2934,0.0360,0,1,0,0,0,0,0,0
29.0765,226.0000,0.0000,100.0000,255.0000,34.3534,0.0362,0.2824,0.2934,0.0362,0,1,0,0,0,0,0,0
29.1683,226.0000,0.0000,100.0000,255.0000,34.3769,0.0356,0.2824,0.2935,0.0361,0,1,0,0,0,0,0,0
29.1854,226.0000,0.0000,100.0000,255.0000,34.3729,0.0357,0.2824,0.2934,0.0361,0,1,0,0,0,0,0,0
29.2056,226.0000,0.0000,100.0000,255.0000,34.3644,0.0359,0.2824,0.2934,0.0362,0,1,0,0,0,0,0,0
29.2268,226.0000,0.0000,100.0000,255.0000,34.3623,0.0360,0.2824,0.2934,0.0362,0,1,0,0,0,0,0,0
29.2500,226.0000,0.0000,100.0000,255.0000,34.3725,0.0357,0.2824,0.2934,0.0362,0,1,0,0,0,0,0,0
29.2694,226.0000,0.0000,100.0000,255.0000,34.3623,0.0360,0.2824,0.2934,0.0362,0,1,0,0,0,0,0,0
29.2888,226.0000,0.0000,100.0000,255.0000,34.3734,0.0357,0.2823,0.2934,0.0361,0,1,0,0,0,0,0,0
29.3055,226.0000,0.0000,100.0000,255.0000,34.3892,0.0352,0.2823,0.2934,0.0359,0,1,0,0,0,0,0,0
29.3278,225.0000,0.0000,100.0000,255.0000,34.3925,0.0352,0.2823,0.2933,0.0357,0,1,0,0,0,0,0,0
29.3508,226.0000,0.0000,100.0000,255.0000,34.4041,0.0348,0.2823,0.2934,0.0355,0,1,0,0,0,0,0,0
29.3682,225.0000,0.0000,100.0000,255.0000,34.4185,0.0344,0.2823,0.2934,0.0352,0,1,0,0,0,0,0,0
29.3888,226.0000,0.0000,100.0000,255.0000,34.4305,0.0341,0.2823,0.2934,0.0349,0,1,0,0,0,0,0,0
29.4053,226.0000,0.0000,100.0000,255.0000,34.4468,0.0336,0.2823,0.2934,0.0345,0,1,0,0,0,0,0,0
29.4275,226.0000,0.0000,100.0000,255.0000,34.4650,0.0331,0.2823,0.2934,0.0341,0,1,0,0,0,0,0,0
29.4480,225.0000,0.0000,100.0000,255.0000,34.4651,0.0331,0.2823,0.2934,0.0338,0,1,0,0,0,0,0,0
29.4676,226.0000,0.0000,100.0000,255.0000,34.4781,0.0328,0.2823,0.2934,0.0335,0,1,0,0,0,0,0,0
29.4840,226.0000,0.0000,100.0000,255.0000,34.4726,0.0329,0.2823,0.2934,0.0334,0,1,0,0,0,0,0,0
29.5065,225.0000,0.0000,100.0000,255.0000,34.4512,0.0335,0.2823,0.2934,0.0336,0,1,0,0,0,0,0,0
29.5275,226.0000,0.0000,100.0000,255.0000,34.5035,0.0320,0.2823,0.2934,0.0331,0,1,0,0,0,0,0,0
29.5495,226.0000,0.0000,100.0000,255.0000,34.5331,0.0312,0.2822,0.2934,0.0325,0,1,0,0,0,0,0,0
29.5679,225.0000,0.0000,100.0000,255.0000,34.5525,0.0307,0.2822,0.2934,0.0319,0,1,0,0,0,0,0,0
29.5846,226.0000,0.0000,100.0000,255.0000,34.5569,0.0305,0.2822,0.2934,0.0315,0,1,0,0,0,0,0,0
29.6730,226.0000,0.0000,100.0000,255.0000,34.5895,0.0296,0.2823,0.2934,0.0309,0,1,0,0,0,0,0,0
29.6963,226.0000,0.0000,100.0000,255.0000,34.6089,0.0291,0.2823,0.2934,0.0303,0,1,0,0,0,0,0,0
29.7154,226.0000,0.0000,100.0000,255.0000,34.5893,0.0296,0.2823,0.2934,0.0302,0,1,0,0,0,0,0,0
29.7348,226.0000,0.0000,100.0000,255.0000,34.5876,0.0297,0.2823,0.2934,0.0301,0,1,0,0,0,0,0,0
29.7551,226.0000,0.0000,100.0000,255.0000,34.6007,0.0293,0.2823,0.2934,0.0299,0,1,0,0,0,0,0,0
29.7730,226.0000,0.0000,100.0000,255.0000,34.6061,0.0292,0.2823,0.2934,0.0298,0,1,0,0,0,0,0,0
29.7940,225.0000,0.0000,100.0000,255.0000,34.6073,0.0291,0.2823,0.2935,0.0296,0,1,0,0,0,0,0,0
29.8154,226.0000,0.0000,100.0000,255.0000,34.5864,0.0297,0.2824,0.2934,0.0298,0,1,0,0,0,0,0,0
29.8357,226.0000,0.0000,100.0000,255.0000,34.6004,0.0293,0.2823,0.2935,0.0297,0,1,0,0,0,0,0,0
29.8559,225.0000,0.0000,100.0000,255.0000,34.6414,0.0282,0.2823,0.2935,0.0292,0,1,0,0,0,0,0,0
29.8792,226.0000,0.0000,100.0000,255.0000,34.6425,0.0281,0.2823,0.2934,0.0289,0,1,0,0,0,0,0,0
29.8978,225.0000,0.0000,100.0000,255.0000,34.6292,0.0285,0.2823,0.2934,0.0289,0,1,0,0,0,0,0,0
29.9181,226.0000,0.0000,100.0000,255.0000,34.6263,0.0286,0.2823,0.2935,0.0289,0,1,0,0,0,0,0,0
29.9398,226.0000,0.0000,100.0000,255.0000,34.6025,0.0293,0.2823,0.2934,0.0292,0,1,0,0,0,0,0,0
29.9610,225.0000,0.0000,100.0000,255.0000,34.6433,0.0281,0.2822,0.2935,0.0289,0,1,0,0,0,0,0,0
29.9819,226.0000,0.0000,100.0000,255.0000,34.6729,0.0273,0.2822,0.2935,0.0284,0,1,0,0,0,0,0,0
30.0010,226.0000,0.0000,100.0000,255.0000,34.6716,0.0273,0.2822,0.2934,0.0281,0,1,0,0,0,0,0,0
30.0193,226.0000,0.0000,100.0000,255.0000,34.6598,0.0277,0.2822,0.2934,0.0281,0,1,0,0,0,0,0,0
30.0384,226.0000,0.0000,100.0000,255.0000,34.6430,0.0281,0.2822,0.2934,0.0282,0,1,0,0,0,0,0,0
30.0555,226.0000,0.0000,100.0000,255.0000,34.6229,0.0287,0.2823,0.2934,0.0285,0,1,0,0,0,0,0,0
30.0771,226.0000,0.0000,100.0000,255.0000,34.6173,0.0288,0.2822,0.2934,0.0288,0,1,0,0,0,0,0,0
30.0981,226.0000,0.0000,100.0000,255.0000,34.6130,0.0290,0.2823,0.2934,0.0290,0,1,0,0,0,0,0,0
30.1890,226.0000,0.0000,100.0000,255.0000,34.6360,0.0283,0.2822,0.2934,0.0289,0,1,0,0,0,0,0,0
30.2125,226.0000,0.0000,100.0000,255.0000,34.5914,0.0296,0.2823,0.2934,0.0293,0,1,0,0,0,0,0,0
30.2321,226.0000,0.0000,100.0000,255.0000,34.6028,0.0293,0.2823,0.2934,0.0294,0,1,0,0,0,0,0,0
30.2512,226.0000,0.0000,100.0000,255.0000,34.6133,0.0290,0.2822,0.2934,0.0294,0,1,0,0,0,0,0,0
30.2681,225.0000,0.0000,100.0000,255.0000,34.6323,0.0284,0.2822,0.2934,0.0291,0,1,0,0,0,0,0,0
30.2882,226.0000,0.0000,100.0000,255.0000,34.6533,0.0278,0.2822,0.2935,0.0287,0,1,0,0,0,0,0,0
30.3096,226.0000,0.0000,100.0000,255.0000,34.6231,0.0287,0.2822,0.2934,0.0289,0,1,0,0,0,0,0,0
30.3324,226.0000,0.0000,100.0000,255.0000,34.5342,0.0312,0.2823,0.2934,0.0299,0,1,0,0,0,0,0,0
30.3513,226.0000,0.0000,100.0000,255.0000,34.5361,0.0311,0.2823,0.2934,0.0305,0,1,0,0,0,0,0,0
30.3681,225.0000,0.0000,100.0000,255.0000,34.5423,0.0309,0.2823,0.2934,0.0308,0,1,0,0,0,0,0,0
30.3846,226.0000,0.0000,100.0000,255.0000,34.5441,0.0309,0.2823,0.2934,0.0310,0,1,0,0,0,0,0,0
30.4016,226.0000,0.0000,100.0000,255.0000,34.5255,0.0314,0.2823,0.2934,0.0313,0,1,0,0,0,0,0,0
30.4183,226.0000,0.0000,100.0000,255.0000,34.5323,0.0312,0.2823,0.2934,0.0314,0,1,0,0,0,0,0,0
30.4391,225.0000,0.0000,100.0000,255.0000,34.5595,0.0305,0.2822,0.2934,0.0312,0,1,0,0,0,0,0,0
30.4604,226.0000,0.0000,100.0000,255.0000,34.5789,0.0299,0.2822,0.2934,0.0308,0,1,0,0,0,0,0,0
30.4823,226.0000,0.0000,100.0000,255.0000,34.5950,0.0295,0.2821,0.2934,0.0304,0,1,0,0,0,0,0,0
30.5010,226.0000,0.0000,100.0000,255.0000,34.5582,0.0305,0.2822,0.2934,0.0306,0,1,0,0,0,0,0,0
30.5179,226.0000,0.0000,100.0000,255.0000,34.5266,0.0314,0.2822,0.2934,0.0310,0,1,0,0,0,0,0,0
30.5356,226.0000,0.0000,100.0000,255.0000,34.5303,0.0313,0.2822,0.2934,0.0313,0,1,0,0,0,0,0,0
30.5556,226.0000,0.0000,100.0000,255.0000,34.5503,0.0307,0.2822,0.2934,0.0312,0,1,0,0,0,0,0,0
30.5775,226.0000,0.0000,100.0000,255.0000,34.5585,0.0305,0.2821,0.2933,0.0310,0,1,0,0,0,0,0,0
30.5975,226.0000,0.0000,100.0000,255.0000,34.5463,0.0308,0.2822,0.2933,0.0311,0,1,0,0,0,0,0,0
30.6180,226.0000,0.0000,100.0000,255.0000,34.5180,0.0316,0.2822,0.2933,0.0314,0,1,0,0,0,0,0,0
30.7118,226.0000,0.0000,100.0000,255.0000,34.4997,0.0321,0.2822,0.2933,0.0319,0,1,0,0,0,0,0,0
30.7320,226.0000,0.0000,100.0000,255.0000,34.5106,0.0318,0.2822,0.2933,0.0320,0,1,0,0,0,0,0,0
30.7512,226.0000,0.0000,100.0000,255.0000,34.5001,0.0321,0.2822,0.2933,0.0322,0,1,0,0,0,0,0,0
30.7677,226.0000,0.0000,100.0000,255.0000,34.4938,0.0323,0.2822,0.2934,0.0324,0,1,0,0,0,0,0,0
30.7884,226.0000,0.0000,100.0000,255.0000,34.5025,0.0321,0.2822,0.2933,0.0324,0,1,0,0,0,0,0,0
30.8064,225.0000,0.0000,100.0000,255.0000,34.4988,0.0322,0.2822,0.2934,0.0324,0,1,0,0,0,0,0,0
30.8273,226.0000,0.0000,100.0000,255.0000,34.5252,0.0314,0.2822,0.2934,0.0322,0,1,0,0,0,0,0,0
30.8501,225.0000,0.0000,100.0000,255.0000,34.5186,0.0316,0.2823,0.2934,0.0321,0,1,0,0,0,0,0,0
30.8683,226.0000,0.0000,100.0000,255.0000,34.5055,0.0320,0.2822,0.2934,0.0322,0,1,0,0,0,0,0,0
30.8889,226.0000,0.0000,100.0000,255.0000,34.5023,0.0321,0.2823,0.2934,0.0323,0,1,0,0,0,0,0,0
30.9108,226.0000,0.0000,100.0000,255.0000,34.5201,0.0316,0.2822,0.2934,0.0321,0,1,0,0,0,0,0,0
30.9339,225.0000,0.0000,100.0000,255.0000,34.5253,0.0314,0.2823,0.2934,0.0320,0,1,0,0,0,0,0,0
30.9514,226.0000,0.0000,100.0000,255.0000,34.5170,0.0317,0.2822,0.2934,0.0320,0,1,0,0,0,0,0,0
30.9727,226.0000,0.0000,100.0000,255.0000,34.5380,0.0311,0.2822,0.2934,0.0318,0,1,0,0,0,0,0,0
30.9942,226.0000,0.0000,100.0000,255.0000,34.5331,0.0312,0.2822,0.2934,0.0317,0,1,0,0,0,0,0,0
31.0156,226.0000,0.0000,100.0000,255.0000,34.5200,0.0316,0.2822,0.2934,0.0318,0,1,0,0,0,0,0,0
31.0343,226.0000,0.0000,100.0000,255.0000,34.5078,0.0319,0.2822,0.2934,0.0320,0,1,0,0,0,0,0,0
31.0524,225.0000,0.0000,100.0000,255.0000,34.4994,0.0322,0.2822,0.2934,0.0322,0,1,0,0,0,0,0,0
31.0748,226.0000,0.0000,100.0000,255.0000,34.5019,0.0321,0.2822,0.2934,0.0323,0,1,0,0,0,0,0,0
31.0936,226.0000,0.0000,100.0000,255.0000,34.5196,0.0316,0.2822,0.2934,0.0321,0,1,0,0,0,0,0,0
31.1158,226.0000,0.0000,100.0000,255.0000,34.5441,0.0309,0.2822,0.2934,0.0318,0,1,0,0,0,0,0,0
31.1350,226.0000,0.0000,100.0000,255.0000,34.5649,0.0303,0.2821,0.2935,0.0313,0,1,0,0,0,0,0,0
31.2224,226.0000,0.0000,100.0000,255.0000,34.6050,0.0292,0.2822,0.2935,0.0306,0,1,0,0,0,0,0,0
31.2440,226.0000,0.0000,100.0000,255.0000,34.6035,0.0292,0.2822,0.2934,0.0302,0,1,0,0,0,0,0,0
31.2662,226.0000,0.0000,100.0000,255.0000,34.6016,0.0293,0.2822,0.2935,0.0300,0,1,0,0,0,0,0,0
31.2845,225.0000,0.0000,100.0000,255.0000,34.6058,0.0292,0.2823,0.2935,0.0298,0,1,0,0,0,0,0,0
31.3013,225.0000,0.0000,100.0000,255.0000,34.6060,0.0292,0.2823,0.2935,0.0297,0,1,0,0,0,0,0,0
31.3219,226.0000,0.0000,100.0000,255.0000,34.6133,0.0290,0.2823,0.2935,0.0295,0,1,0,0,0,0,0,0
31.3390,226.0000,0.0000,100.0000,255.0000,34.6347,0.0284,0.2823,0.2935,0.0292,0,1,0,0,0,0,0,0
31.3598,226.0000,0.0000,100.0000,255.0000,34.6573,0.0277,0.2823,0.2936,0.0287,0,1,0,0,0,0,0,0
31.3821,225.0000,0.0000,100.0000,255.0000,34.6699,0.0274,0.2823,0.2935,0.0283,0,1,0,0,0,0,0,0
31.4011,226.0000,0.0000,100.0000,255.0000,34.7009,0.0265,0.2822,0.2935,0.0277,0,1,0,0,0,0,0,0
31.4180,226.0000,0.0000,100.0000,255.0000,34.7333,0.0256,0.2822,0.2935,0.0270,0,1,0,0,0,0,0,0
31.4391,226.0000,0.0000,100.0000,255.0000,34.7172,0.0260,0.2822,0.2936,0.0268,0,1,0,0,0,0,0,0
31.4609,225.0000,0.0000,100.0000,255.0000,34.6830,0.0270,0.2823,0.2936,0.0270,0,1,0,0,0,0,0,0
31.4824,226.0000,0.0000,100.0000,255.0000,34.7102,0.0262,0.2822,0.2936,0.0268,0,1,0,0,0,0,0,0
31.5011,226.0000,0.0000,100.0000,255.0000,34.7397,0.0254,0.2822,0.2936,0.0264,0,1,0,0,0,0,0,0
31.5179,225.0000,0.0000,100.0000,255.0000,34.7389,0.0254,0.2822,0.2936,0.0261,0,1,0,0,0,0,0,0
31.5385,226.0000,0.0000,100.0000,255.0000,34.7204,0.0260,0.2822,0.2936,0.0262,0,1,0,0,0,0,0,0
31.5554,226.0000,0.0000,100.0000,255.0000,34.7264,0.0258,0.2822,0.2936,0.0262,0,1,0,0,0,0,0,0
31.5775,226.0000,0.0000,100.0000,255.0000,34.7276,0.0258,0.2823,0.2936,0.0261,0,1,0,0,0,0,0,0
31.5988,226.0000,0.0000,100.0000,255.0000,34.7189,0.0260,0.2823,0.2936,0.0262,0,1,0,0,0,0,0,0
31.6167,226.0000,0.0000,100.0000,255.0000,34.7270,0.0258,0.2823,0.2936,0.0262,0,1,0,0,0,0,0,0
31.6340,226.0000,0.0000,100.0000,255.0000,34.7388,0.0254,0.2822,0.2936,0.0260,0,1,0,0,0,0,0,0
31.6509,226.0000,0.0000,100.0000,255.0000,34.7453,0.0253,0.2822,0.2936,0.0258,0,1,0,0,0,0,0,0
31.7394,226.0000,0.0000,100.0000,255.0000,34.6907,0.0268,0.2822,0.2936,0.0264,0,1,0,0,0,0,0,0
31.7608,226.0000,0.0000,100.0000,255.0000,34.6788,0.0271,0.2822,0.2936,0.0268,0,1,0,0,0,0,0,0
31.7823,226.0000,0.0000,100.0000,255.0000,34.6919,0.0268,0.2822,0.2936,0.0269,0,1,0,0,0,0,0,0
31.8035,226.0000,0.0000,100.0000,255.0000,34.7050,0.0264,0.2821,0.2936,0.0268,0,1,0,0,0,0,0,0
31.8227,226.0000,0.0000,100.0000,255.0000,34.6797,0.0271,0.2822,0.2935,0.0271,0,1,0,0,0,0,0,0
31.8399,226.0000,0.0000,100.0000,255.0000,34.6657,0.0275,0.2822,0.2935,0.0274,0,1,0,0,0,0,0,0
31.8577,225.0000,0.0000,100.0000,255.0000,34.6537,0.0278,0.2822,0.2935,0.0277,0,1,0,0,0,0,0,0
31.8782,226.0000,0.0000,100.0000,255.0000,34.6341,0.0284,0.2821,0.2935,0.0281,0,1,0,0,0,0,0,0
31.8995,226.0000,0.0000,100.0000,255.0000,34.6466,0.0280,0.2822,0.2935,0.0282,0,1,0,0,0,0,0,0
31.9178,226.0000,0.0000,100.0000,255.0000,34.6525,0.0279,0.2821,0.2935,0.0282,0,1,0,0,0,0,0,0
31.9346,226.0000,0.0000,100.0000,255.0000,34.6468,0.0280,0.2822,0.2935,0.0283,0,1,0,0,0,0,0,0
31.9555,226.0000,0.0000,100.0000,255.0000,34.6602,0.0276,0.2822,0.2935,0.0281,0,1,0,0,0,0,0,0
31.9779,226.0000,0.0000,100.0000,255.0000,34.6629,0.0276,0.2822,0.2936,0.0280,0,1,0,0,0,0,0,0
31.9987,226.0000,0.0000,100.0000,255.0000,34.6298,0.0285,0.2822,0.2936,0.0284,0,1,0,0,0,0,0,0
32.0162,226.0000,0.0000,100.0000,255.0000,34.6234,0.0287,0.2822,0.2935,0.0286,0,1,0,0,0,0,0,0
32.0349,226.0000,0.0000,100.0000,255.0000,34.6458,0.0280,0.2822,0.2936,0.0285,0,1,0,0,0,0,0,0
32.0512,226.0000,0.0000,100.0000,255.0000,34.6574,0.0277,0.2821,0.2936,0.0283,0,1,0,0,0,0,0,0
32.0723,226.0000,0.0000,100.0000,255.0000,34.6545,0.0278,0.2821,0.2935,0.0283,0,1,0,0,0,0,0,0
32.0939,226.0000,0.0000,100.0000,255.0000,34.6102,0.0290,0.2822,0.2935,0.0287,0,1,0,0,0,0,0,0
32.1149,226.0000,0.0000,100.0000,255.0000,34.5780,0.0299,0.2822,0.2935,0.0293,0,1,0,0,0,0,0,0
32.1351,225.0000,0.0000,100.0000,255.0000,34.5413,0.0310,0.2823,0.2935,0.0301,0,1,0,0,0,0,0,0
32.1555,226.0000,0.0000,100.0000,255.0000,34.5641,0.0303,0.2822,0.2935,0.0303,0,1,0,0,0,0,0,0
32.2492,226.0000,0.0000,100.0000,255.0000,34.4901,0.0324,0.2823,0.2935,0.0313,0,1,0,0,0,0,0,0
32.2678,226.0000,0.0000,100.0000,255.0000,34.4885,0.0325,0.2823,0.2935,0.0319,0,1,0,0,0,0,0,0
32.2889,226.0000,0.0000,100.0000,255.0000,34.4732,0.0329,0.2822,0.2935,0.0324,0,1,0,0,0,0,0,0
32.3114,226.0000,0.0000,100.0000,255.0000,34.4458,0.0337,0.2823,0.2935,0.0331,0,1,0,0,0,0,0,0
32.3323,226.0000,0.0000,100.0000,255.0000,34.4569,0.0333,0.2822,0.2935,0.0333,0,1,0,0,0,0,0,0
32.3514,225.0000,0.0000,100.0000,255.0000,34.4824,0.0326,0.2822,0.2935,0.0332,0,1,0,0,0,0,0,0
32.3686,225.0000,0.0000,100.0000,255.0000,34.4935,0.0323,0.2822,0.2935,0.0330,0,1,0,0,0,0,0,0
32.3881,226.0000,0.0000,100.0000,255.0000,34.4713,0.0329,0.2822,0.2935,0.0331,0,1,0,0,0,0,0,0
32.4055,226.0000,0.0000,100.0000,255.0000,34.4321,0.0340,0.2822,0.2935,0.0336,0,1,0,0,0,0,0,0
32.4272,226.0000,0.0000,100.0000,255.0000,34.4062,0.0348,0.2823,0.2935,0.0342,0,1,0,0,0,0,0,0
32.4485,226.0000,0.0000,100.0000,255.0000,34.3996,0.0350,0.2823,0.2935,0.0346,0,1,0,0,0,0,0,0
32.4680,226.0000,0.0000,100.0000,255.0000,34.4138,0.0346,0.2822,0.2935,0.0347,0,1,0,0,0,0,0,0
32.4899,226.0000,0.0000,100.0000,255.0000,34.4043,0.0348,0.2822,0.2935,0.0349,0,1,0,0,0,0,0,0
32.5142,226.0000,0.0000,100.0000,255.0000,34.3697,0.0358,0.2822,0.2935,0.0354,0,1,0,0,0,0,0,0
32.5347,226.0000,0.0000,100.0000,255.0000,34.3397,0.0366,0.2822,0.2935,0.0360,0,1,0,0,0,0,0,0
32.5557,226.0000,0.0000,100.0000,255.0000,34.3185,0.0372,0.2823,0.2935,0.0366,0,1,0,0,0,0,0,0
32.5779,226.0000,0.0000,100.0000,255.0000,34.2993,0.0378,0.2823,0.2935,0.0372,0,1,0,0,0,0,0,0
32.5986,226.0000,0.0000,100.0000,255.0000,34.2775,0.0384,0.2822,0.2935,0.0378,0,1,0,0,0,0,0,0
32.6181,226.0000,0.0000,100.0000,255.0000,34.2834,0.0382,0.2822,0.2934,0.0381,0,1,0,0,0,0,0,0
32.6436,226.0000,0.0000,100.0000,255.0000,34.3090,0.0375,0.2822,0.2934,0.0380,0,1,0,0,0,0,0,0
32.6671,226.0000,0.0000,100.0000,255.0000,34.2930,0.0379,0.2822,0.2934,0.0381,0,1,0,0,0,0,0,0
32.7558,226.0000,0.0000,100.0000,255.0000,34.2351,0.0396,0.2822,0.2934,0.0388,0,1,0,0,0,0,0,0
32.7773,226.0000,0.0000,100.0000,255.0000,34.2771,0.0384,0.2822,0.2934,0.0388,0,1,0,0,0,0,0,0
32.7980,225.0000,0.0000,100.0000,255.0000,34.2380,0.0395,0.2822,0.2934,0.0392,0,1,0,0,0,0,0,0
32.8189,226.0000,0.0000,100.0000,255.0000,34.1975,0.0406,0.2822,0.2934,0.0399,0,1,0,0,0,0,0,0
32.8406,226.0000,0.0000,100.0000,255.0000,34.1750,0.0413,0.2823,0.2934,0.0406,0,1,0,0,0,0,0,0
32.8612,226.0000,0.0000,100.0000,255.0000,34.1874,0.0409,0.2823,0.2934,0.0408,0,1,0,0,0,0,0,0
32.8832,225.0000,0.0000,100.0000,255.0000,34.1968,0.0406,0.2823,0.2934,0.0409,0,1,0,0,0,0,0,0
32.9012,226.0000,0.0000,100.0000,255.0000,34.1967,0.0406,0.2823,0.2933,0.0409,0,1,0,0,0,0,0,0
32.9224,226.0000,0.0000,100.0000,255.0000,34.1969,0.0406,0.2823,0.2934,0.0409,0,1,0,0,0,0,0,0
32.9434,226.0000,0.0000,100.0000,255.0000,34.2077,0.0403,0.2822,0.2934,0.0408,0,1,0,0,0,0,0,0
32.9656,226.0000,0.0000,100.0000,255.0000,34.2088,0.0403,0.2822,0.2934,0.0408,0,1,0,0,0,0,0,0
32.9849,225.0000,0.0000,100.0000,255.0000,34.1963,0.0407,0.2822,0.2933,0.0408,0,1,0,0,0,0,0,0
33.0053,226.0000,0.0000,100.0000,255.0000,34.1852,0.0410,0.2822,0.2933,0.0410,0,1,0,0,0,0,0,0
33.0260,226.0000,0.0000,100.0000,255.0000,34.1703,0.0414,0.2822,0.2933,0.0413,0,1,0,0,0,0,0,0
33.0426,226.0000,0.0000,100.0000,255.0000,34.1871,0.0409,0.2822,0.2934,0.0413,0,1,0,0,0,0,0,0
33.0652,226.0000,0.0000,100.0000,255.0000,34.2083,0.0403,0.2821,0.2933,0.0410,0,1,0,0,0,0,0,0
33.0847,226.0000,0.0000,100.0000,255.0000,34.2313,0.0397,0.2821,0.2933,0.0406,0,1,0,0,0,0,0,0
33.1049,226.0000,0.0000,100.0000,255.0000,34.2211,0.0400,0.2821,0.2933,0.0405,0,1,0,0,0,0,0,0
33.1218,225.0000,0.0000,100.0000,255.0000,34.2012,0.0405,0.2821,0.2933,0.0406,0,1,0,0,0,0,0,0
33.1383,226.0000,0.0000,100.0000,255.0000,34.1898,0.0408,0.2822,0.2933,0.0408,0,1,0,0,0,0,0,0
33.1607,226.0000,0.0000,100.0000,255.0000,34.2083,0.0403,0.2822,0.2933,0.0408,0,1,0,0,0,0,0,0
33.1826,226.0000,0.0000,100.0000,255.0000,34.2383,0.0395,0.2822,0.2933,0.0404,0,1,0,0,0,0,0,0
33.2722,226.0000,0.0000,100.0000,255.0000,34.2376,0.0395,0.2822,0.2934,0.0402,0,1,0,0,0,0,0,0
33.2934,226.0000,0.0000,100.0000,255.0000,34.2419,0.0394,0.2822,0.2934,0.0400,0,1,0,0,0,0,0,0
33.3159,226.0000,0.0000,100.0000,255.0000,34.2500,0.0391,0.2822,0.2934,0.0398,0,1,0,0,0,0,0,0
33.3344,226.0000,0.0000,100.0000,255.0000,34.2595,0.0389,0.2822,0.2933,0.0396,0,1,0,0,0,0,0,0
33.3554,225.0000,0.0000,100.0000,255.0000,34.2513,0.0391,0.2822,0.2933,0.0395,0,1,0,0,0,0,0,0
33.3763,226.0000,0.0000,100.0000,255.0000,34.2437,0.0393,0.2822,0.2933,0.0396,0,1,0,0,0,0,0,0
33.3983,226.0000,0.0000,100.0000,255.0000,34.2646,0.0387,0.2822,0.2933,0.0394,0,1,0,0,0,0,0,0
33.4176,226.0000,0.0000,100.0000,255.0000,34.2685,0.0386,0.2822,0.2933,0.0392,0,1,0,0,0,0,0,0
33.4342,226.0000,0.0000,100.0000,255.0000,34.2888,0.0381,0.2822,0.2934,0.0389,0,1,0,0,0,0,0,0
33.4558,226.0000,0.0000,100.0000,255.0000,34.2942,0.0379,0.2822,0.2934,0.0386,0,1,0,0,0,0,0,0
33.4727,226.0000,0.0000,100.0000,255.0000,34.3305,0.0369,0.2822,0.2934,0.0381,0,1,0,0,0,0,0,0
33.4934,225.0000,0.0000,100.0000,255.0000,34.3537,0.0362,0.2822,0.2934,0.0375,0,1,0,0,0,0,0,0
33.5153,226.0000,0.0000,100.0000,255.0000,34.3700,0.0358,0.2823,0.2934,0.0369,0,1,0,0,0,0,0,0
33.5359,226.0000,0.0000,100.0000,255.0000,34.3511,0.0363,0.2823,0.2934,0.0368,0,1,0,0,0,0,0,0
33.5525,226.0000,0.0000,100.0000,255.0000,34.3624,0.0360,0.2823,0.2934,0.0366,0,1,0,0,0,0,0,0
33.5696,226.0000,0.0000,100.0000,255.0000,34.3758,0.0356,0.2823,0.2934,0.0364,0,1,0,0,0,0,0,0
33.5891,226.0000,0.0000,100.0000,255.0000,34.4063,0.0348,0.2823,0.2934,0.0359,0,1,0,0,0,0,0,0
33.6102,226.0000,0.0000,100.0000,255.0000,34.4497,0.0335,0.2822,0.2934,0.0351,0,1,0,0,0,0,0,0
33.6319,226.0000,0.0000,100.0000,255.0000,34.4534,0.0334,0.2822,0.2934,0.0345,0,1,0,0,0,0,0,0
33.6511,225.0000,0.0000,100.0000,255.0000,34.4527,0.0335,0.2822,0.2934,0.0342,0,1,0,0,0,0,0,0
33.6719,226.0000,0.0000,100.0000,255.0000,34.4582,0.0333,0.2822,0.2934,0.0340,0,1,0,0,0,0,0,0
33.6884,225.0000,0.0000,100.0000,255.0000,34.4332,0.0340,0.2822,0.2934,0.0341,0,1,0,0,0,0,0,0
33.7827,226.0000,0.0000,100.0000,255.0000,34.4533,0.0334,0.2822,0.2934,0.0340,0,1,0,0,0,0,0,0
33.8022,225.0000,0.0000,100.0000,255.0000,34.4477,0.0336,0.2822,0.2934,0.0340,0,1,0,0,0,0,0,0
33.8235,226.0000,0.0000,100.0000,255.0000,34.4436,0.0337,0.2822,0.2934,0.0340,0,1,0,0,0,0,0,0
33.8405,226.0000,0.0000,100.0000,255.0000,34.4450,0.0337,0.2822,0.2934,0.0340,0,1,0,0,0,0,0,0
33.8577,226.0000,0.0000,100.0000,255.0000,34.4531,0.0335,0.2822,0.2934,0.0339,0,1,0,0,0,0,0,0
33.8762,226.0000,0.0000,100.0000,255.0000,34.4644,0.0331,0.2822,0.2933,0.0337,0,1,0,0,0,0,0,0
33.8998,226.0000,0.0000,100.0000,255.0000,34.4851,0.0326,0.2821,0.2934,0.0334,0,1,0,0,0,0,0,0
33.9180,225.0000,0.0000,100.0000,255.0000,34.5146,0.0317,0.2821,0.2934,0.0329,0,1,0,0,0,0,0,0
33.9383,226.0000,0.0000,100.0000,255.0000,34.4905,0.0324,0.2821,0.2933,0.0328,0,1,0,0,0,0,0,0
33.9545,226.0000,0.0000,100.0000,255.0000,34.4797,0.0327,0.2822,0.2933,0.0329,0,1,0,0,0,0,0,0
33.9768,226.0000,0.0000,100.0000,255.0000,34.4834,0.0326,0.2821,0.2933,0.0329,0,1,0,0,0,0,0,0
33.9989,226.0000,0.0000,100.0000,255.0000,34.5042,0.0320,0.2821,0.2933,0.0327,0,1,0,0,0,0,0,0
34.0179,226.0000,0.0000,100.0000,255.0000,34.5061,0.0320,0.2821,0.2933,0.0325,0,1,0,0,0,0,0,0
34.0348,226.0000,0.0000,100.0000,255.0000,34.5021,0.0321,0.2821,0.2933,0.0325,0,0,0,0,0,0,0,0
34.0512,226.0000,0.0000,100.0000,255.0000,34.5076,0.0319,0.2821,0.2933,0.0324,0,0,0,0,0,0,0,0
34.0720,226.0000,0.0000,100.0000,255.0000,34.5018,0.0321,0.2821,0.2933,0.0324,0,0,0,0,0,0,0,0
34.0933,226.0000,0.0000,100.0000,255.0000,34.4535,0.0334,0.2822,0.2933,0.0330,0,0,0,0,0,0,0,0
34.1157,225.0000,4.2000,100.0000,255.0000,34.4364,0.0339,0.2822,0.2933,0.0335,0,0,0,0,0,0,0,0
34.1364,226.0000,4.2000,100.0000,255.0000,34.4616,0.0332,0.2822,0.2933,0.0335,0,0,0,0,0,0,0,0
34.1570,226.0000,0.0000,100.0000,255.0000,34.4584,0.0333,0.2821,0.2932,0.0336,0,0,0,0,0,0,0,0
34.1770,225.0000,4.2000,100.0000,255.0000,34.4362,0.0339,0.2822,0.2932,0.0338,0,0,0,0,0,0,0,0
34.1984,226.0000,4.2000,100.0000,255.0000,34.4407,0.0338,0.2822,0.2932,0.0340,0,0,0,0,0,0,0,0
34.2864,225.0000,1.1000,100.0000,255.0000,34.4200,0.0344,0.2822,0.2932,0.0343,0,0,0,0,0,0,0,0
34.3051,225.0000,0.0000,100.0000,255.0000,34.4362,0.0339,0.2822,0.2932,0.0343,0,0,0,0,0,0,0,0
34.3218,225.0000,0.0000,100.0000,255.0000,34.4263,0.0342,0.2822,0.2932,0.0344,0,0,0,0,0,0,0,0
34.3434,225.0000,0.0000,100.0000,255.0000,34.3985,0.0350,0.2822,0.2933,0.0347,0,0,0,0,0,0,0,0
34.3655,225.0000,0.0000,100.0000,255.0000,34.4003,0.0349,0.2822,0.2932,0.0350,0,0,0,0,0,0,0,0
34.3840,225.0000,0.0000,100.0000,255.0000,34.3849,0.0354,0.2822,0.2932,0.0353,0,0,0,0,0,0,0,0
34.4010,225.0000,0.0000,100.0000,255.0000,34.3974,0.0350,0.2822,0.2933,0.0353,0,0,0,0,0,0,0,0
34.4184,225.0000,0.0000,100.0000,255.0000,34.3887,0.0353,0.2822,0.2932,0.0354,0,0,0,0,0,0,0,0
34.4355,225.0000,0.0000,100.0000,255.0000,34.3906,0.0352,0.2822,0.2932,0.0355,0,0,0,0,0,0,0,0
34.4559,225.0000,0.0000,100.0000,255.0000,34.4113,0.0346,0.2822,0.2933,0.0353,0,0,0,0,0,0,0,0
34.4769,225.0000,0.0000,100.0000,255.0000,34.4200,0.0344,0.2823,0.2932,0.0350,0,0,0,0,0,0,0,0
34.4982,225.0000,0.0000,100.0000,255.0000,34.3806,0.0355,0.2823,0.2933,0.0354,0,0,0,0,0,0,0,0
34.5178,225.0000,0.0000,100.0000,255.0000,34.3816,0.0355,0.2823,0.2933,0.0355,0,0,0,0,0,0,0,0
34.5382,225.0000,0.0000,100.0000,255.0000,34.4009,0.0349,0.2822,0.2933,0.0354,0,0,0,0,0,0,0,0
34.5555,225.0000,0.0000,100.0000,255.0000,34.4249,0.0342,0.2822,0.2932,0.0351,0,0,0,0,0,0,0,0
34.5757,225.0000,0.0000,100.0000,255.0000,34.4118,0.0346,0.2821,0.2932,0.0350,0,0,0,0,0,0,0,0
34.5922,225.0000,0.0000,100.0000,255.0000,34.3883,0.0353,0.2822,0.2932,0.0353,0,0,0,0,0,0,0,0
34.6102,225.0000,0.0000,100.0000,255.0000,34.3698,0.0358,0.2822,0.2932,0.0356,0,0,0,0,0,0,0,0
34.6320,225.0000,0.0000,100.0000,255.0000,34.3520,0.0363,0.2822,0.2932,0.0360,0,0,0,0,0,0,0,0
34.6509,225.0000,0.0000,100.0000,255.0000,34.3649,0.0359,0.2822,0.2932,0.0361,0,0,0,0,0,0,0,0
34.6680,225.0000,0.0000,100.0000,255.0000,34.3819,0.0354,0.2822,0.2932,0.0360,0,0,0,0,0,0,0,0
34.6882,225.0000,0.0000,100.0000,255.0000,34.3769,0.0356,0.2822,0.2933,0.0360,0,0,0,0,0,0,0,0
34.7058,225.0000,0.0000,100.0000,255.0000,34.3741,0.0357,0.2821,0.2932,0.0360,0,0,0,0,0,0,0,0
34.7987,225.0000,0.0000,100.0000,255.0000,34.3237,0.0371,0.2822,0.2933,0.0366,0,0,0,0,0,0,0,0
34.8183,225.0000,0.0000,100.0000,255.0000,34.3231,0.0371,0.2822,0.2933,0.0369,0,0,0,0,0,0,0,0
34.8394,225.0000,0.0000,100.0000,255.0000,34.3405,0.0366,0.2822,0.2933,0.0369,0,0,0,0,0,0,0,0
34.8607,225.0000,0.0000,100.0000,255.0000,34.3804,0.0355,0.2821,0.2932,0.0365,0,0,0,0,0,0,0,0
34.8820,225.0000,0.0000,100.0000,255.0000,34.3694,0.0358,0.2821,0.2932,0.0363,0,0,0,0,0,0,0,0
34.9007,225.0000,0.0000,100.0000,255.0000,34.3495,0.0364,0.2821,0.2932,0.0365,0,0,0,0,0,0,0,0
34.9180,225.0000,0.0000,100.0000,255.0000,34.3418,0.0366,0.2821,0.2932,0.0367,0,0,0,0,0,0,0,0
34.9383,225.0000,0.0000,100.0000,255.0000,34.3401,0.0366,0.2822,0.2933,0.0368,0,0,0,0,0,0,0,0
34.9551,225.0000,0.0000,100.0000,255.0000,34.3743,0.0357,0.2821,0.2932,0.0365,0,0,0,0,0,0,0,0
34.9764,225.0000,0.0000,100.0000,255.0000,34.4002,0.0349,0.2821,0.2933,0.0360,0,0,0,0,0,0,0,0
34.9986,225.0000,0.0000,100.0000,255.0000,34.3896,0.0352,0.2821,0.2933,0.0358,0,0,0,0,0,0,0,0
35.0175,225.0000,0.0000,100.0000,255.0000,34.3930,0.0351,0.2822,0.2933,0.0357,0,0,0,0,0,0,0,0
35.0383,225.0000,0.0000,100.0000,255.0000,34.3860,0.0353,0.2822,0.2933,0.0357,0,0,0,0,0,0,0,0
35.0549,225.0000,0.0000,100.0000,255.0000,34.3672,0.0359,0.2822,0.2933,0.0359,0,0,0,0,0,0,0,0
35.0766,225.0000,0.0000,100.0000,255.0000,34.3458,0.0365,0.2822,0.2933,0.0362,0,0,0,0,0,0,0,0
35.0983,225.0000,0.0000,100.0000,255.0000,34.3505,0.0363,0.2822,0.2933,0.0364,0,0,0,0,0,0,0,0
35.1178,225.0000,0.0000,100.0000,255.0000,34.3704,0.0358,0.2822,0.2933,0.0363,0,0,0,0,0,0,0,0
35.1382,225.0000,0.0000,100.0000,255.0000,34.3654,0.0359,0.2821,0.2933,0.0363,0,0,0,0,0,0,0,0
35.1589,225.0000,0.0000,100.0000,255.0000,34.3824,0.0354,0.2821,0.2933,0.0361,0,0,0,0,0,0,0,0
35.1767,225.0000,0.0000,100.0000,255.0000,34.3415,0.0366,0.2821,0.2933,0.0364,0,0,0,0,0,0,0,0
35.1992,225.0000,0.0000,100.0000,255.0000,34.3241,0.0371,0.2821,0.2933,0.0368,0,0,0,0,0,0,0,0
35.2176,225.0000,0.0000,100.0000,255.0000,34.3034,0.0377,0.2821,0.2933,0.0373,0,0,0,0,0,0,0,0
35.3108,225.0000,0.0000,100.0000,255.0000,34.3004,0.0377,0.2821,0.2933,0.0376,0,0,0,0,0,0,0,0
35.3326,225.0000,0.0000,100.0000,255.0000,34.2622,0.0388,0.2821,0.2933,0.0382,0,0,0,0,0,0,0,0
35.3514,225.0000,0.0000,100.0000,255.0000,34.2821,0.0382,0.2821,0.2932,0.0384,0,0,0,0,0,0,0,0
35.3718,225.0000,0.0000,100.0000,255.0000,34.2900,0.0380,0.2821,0.2933,0.0384,0,0,0,0,0,0,0,0
35.3939,225.0000,0.0000,100.0000,255.0000,34.3096,0.0375,0.2821,0.2933,0.0381,0,0,0,0,0,0,0,0
35.4155,225.0000,0.0000,100.0000,255.0000,34.3193,0.0372,0.2821,0.2933,0.0379,0,0,0,0,0,0,0,0
35.4339,225.0000,0.0000,100.0000,255.0000,34.3538,0.0362,0.2820,0.2933,0.0374,0,0,0,0,0,0,0,0
35.4511,225.0000,0.0000,100.0000,255.0000,34.3863,0.0353,0.2820,0.2933,0.0367,0,0,0,0,0,0,0,0
35.4717,225.0000,0.0000,100.0000,255.0000,34.3801,0.0355,0.2821,0.2933,0.0363,0,0,0,0,0,0,0,0
35.4878,225.0000,0.0000,100.0000,255.0000,34.3904,0.0352,0.2821,0.2934,0.0360,0,0,0,0,0,0,0,0
35.5106,225.0000,0.0000,100.0000,255.0000,34.3721,0.0357,0.2821,0.2934,0.0360,0,0,0,0,0,0,0,0
